Name,Website,Country,Spider,Source,Count,Type,All the places Most Recent Link
Agnvet,agnvet.com.au,au,agnvet_au,https://alltheplaces.xyz/spiders.html?page_length=-1&num_runs=1,69,,https://alltheplaces-data.openaddresses.io/runs/2026-07-18-13-32-19/output/agnvet_au.geojson
Loves Alternative Energy,lovesalternativeenergy.com,,loves_alternative_energy,https://alltheplaces.xyz/spiders.html?page_length=-1&num_runs=1,74,,https://alltheplaces-data.openaddresses.io/runs/2026-07-18-13-32-19/output/loves_alternative_energy.geojson
Bubbas33,bubbas33.com,us,bubbas33_us,https://alltheplaces.xyz/spiders.html?page_length=-1&num_runs=1,67,,https://alltheplaces-data.openaddresses.io/runs/2026-07-18-13-32-19/output/bubbas33_us.geojson
Castle Fine Art,castlefineart.co.uk,gb,castle_fine_art_gb,https://alltheplaces.xyz/spiders.html?page_length=-1&num_runs=1,37,,https://alltheplaces-data.openaddresses.io/runs/2026-07-18-13-32-19/output/castle_fine_art_gb.geojson
Coin Flip,locations.coinflip.tech,us,coin_flip_us,https://alltheplaces.xyz/spiders.html?page_length=-1&num_runs=1,10,,https://alltheplaces-data.openaddresses.io/runs/2026-07-18-13-32-19/output/coin_flip_us.geojson
Coinflip,locations.coinflip.tech,,coinflip,https://alltheplaces.xyz/spiders.html?page_length=-1&num_runs=1,174,,https://alltheplaces-data.openaddresses.io/runs/2026-07-18-13-32-19/output/coinflip.geojson
Crash Champions,crashchampions.com,us,crash_champions_us,https://alltheplaces.xyz/spiders.html?page_length=-1&num_runs=1,660,,https://alltheplaces-data.openaddresses.io/runs/2026-07-18-13-32-19/output/crash_champions_us.geojson
Procolor Collision,procolor.com,us,procolor_collision_us,https://alltheplaces.xyz/spiders.html?page_length=-1&num_runs=1,50,Franchise,https://alltheplaces-data.openaddresses.io/runs/2026-07-18-13-32-19/output/procolor_collision_us.geojson
Beev,beev.co.uk,gb,beev_gb,https://alltheplaces.xyz/spiders.html?page_length=-1&num_runs=1,,,https://alltheplaces-data.openaddresses.io/runs/2026-07-18-13-32-19/output/beev_gb.geojson
Novus,novusglass.com,ua,novus_ua,https://alltheplaces.xyz/spiders.html?page_length=-1&num_runs=1,97,Franchise,https://alltheplaces-data.openaddresses.io/runs/2026-07-18-13-32-19/output/novus_ua.geojson
Gsf Car Parts,gsfcarparts.co.uk,gb,gsf_car_parts_gb,https://alltheplaces.xyz/spiders.html?page_length=-1&num_runs=1,,,https://alltheplaces-data.openaddresses.io/runs/2026-07-18-13-32-19/output/gsf_car_parts_gb.geojson
German American,germanamerican.com,us,german_american_us,https://alltheplaces.xyz/spiders.html?page_length=-1&num_runs=1,82,,https://alltheplaces-data.openaddresses.io/runs/2026-07-18-13-32-19/output/german_american_us.geojson
St Bank,stbank.com,us,st_bank_us,https://alltheplaces.xyz/spiders.html?page_length=-1&num_runs=1,74,,https://alltheplaces-data.openaddresses.io/runs/2026-07-18-13-32-19/output/st_bank_us.geojson
Boom Battle Bar,boombattlebar.com,,boom_battle_bar,https://alltheplaces.xyz/spiders.html?page_length=-1&num_runs=1,25,,https://alltheplaces-data.openaddresses.io/runs/2026-07-18-13-32-19/output/boom_battle_bar.geojson
Jim N Nicks,jimnnicks.com,,jim_n_nicks,https://alltheplaces.xyz/spiders.html?page_length=-1&num_runs=1,63,,https://alltheplaces-data.openaddresses.io/runs/2026-07-18-13-32-19/output/jim_n_nicks.geojson
Clapton Craft,claptoncraft.co.uk,gb,clapton_craft_gb,https://alltheplaces.xyz/spiders.html?page_length=-1&num_runs=1,8,,https://alltheplaces-data.openaddresses.io/runs/2026-07-18-13-32-19/output/clapton_craft_gb.geojson
Manning Cartell,manningcartell.com.au,au,manning_cartell_au,https://alltheplaces.xyz/spiders.html?page_length=-1&num_runs=1,6,,https://alltheplaces-data.openaddresses.io/runs/2026-07-18-13-32-19/output/manning_cartell_au.geojson
Minor Hotels,minorhotels.com,,minor_hotels,https://alltheplaces.xyz/spiders.html?page_length=-1&num_runs=1,,,https://alltheplaces-data.openaddresses.io/runs/2026-07-18-13-32-19/output/minor_hotels.geojson
Enterprise,enterprise.com,,enterprise,https://alltheplaces.xyz/spiders.html?page_length=-1&num_runs=1,"7,427",,https://alltheplaces-data.openaddresses.io/runs/2026-07-18-13-32-19/output/enterprise.geojson
Blue Beacon,bluebeacon.com,us,blue_beacon_us,https://alltheplaces.xyz/spiders.html?page_length=-1&num_runs=1,117,,https://alltheplaces-data.openaddresses.io/runs/2026-07-18-13-32-19/output/blue_beacon_us.geojson
Soapy Noble,soapynoble.com,us,soapy_noble_us,https://alltheplaces.xyz/spiders.html?page_length=-1&num_runs=1,28,,https://alltheplaces-data.openaddresses.io/runs/2026-07-18-13-32-19/output/soapy_noble_us.geojson
Victra,victra.com,us,victra_us,https://alltheplaces.xyz/spiders.html?page_length=-1&num_runs=1,"1,477",,https://alltheplaces-data.openaddresses.io/runs/2026-07-18-13-32-19/output/victra_us.geojson
Cashzone,cashzone.co.uk,gb,cashzone_gb,https://alltheplaces.xyz/spiders.html?page_length=-1&num_runs=1,"9,256",,https://alltheplaces-data.openaddresses.io/runs/2026-07-18-13-32-19/output/cashzone_gb.geojson
Black Rooster Peri Peri,blackroosterperiperi.co.uk,gb,black_rooster_peri_peri_gb,https://alltheplaces.xyz/spiders.html?page_length=-1&num_runs=1,17,,https://alltheplaces-data.openaddresses.io/runs/2026-07-18-13-32-19/output/black_rooster_peri_peri_gb.geojson
Admiral Sports,admiral-sports.com,,admiral_sports,https://alltheplaces.xyz/spiders.html?page_length=-1&num_runs=1,97,,https://alltheplaces-data.openaddresses.io/runs/2026-07-18-13-32-19/output/admiral_sports.geojson
Athleta,gap.com,,athleta,https://alltheplaces.xyz/spiders.html?page_length=-1&num_runs=1,251,,https://alltheplaces-data.openaddresses.io/runs/2026-07-18-13-32-19/output/athleta.geojson
Jmclaughlin,jmclaughlin.com,us,jmclaughlin_us,https://alltheplaces.xyz/spiders.html?page_length=-1&num_runs=1,158,,https://alltheplaces-data.openaddresses.io/runs/2026-07-18-13-32-19/output/jmclaughlin_us.geojson
Lands End,landsend.com,us,lands_end_us,https://alltheplaces.xyz/spiders.html?page_length=-1&num_runs=1,,,https://alltheplaces-data.openaddresses.io/runs/2026-07-18-13-32-19/output/lands_end_us.geojson
Travismathew,travismathew.com,us,travismathew_us,https://alltheplaces.xyz/spiders.html?page_length=-1&num_runs=1,4,,https://alltheplaces-data.openaddresses.io/runs/2026-07-18-13-32-19/output/travismathew_us.geojson
Speed Queen,speedqueenlaundry.com,,speed_queen,https://alltheplaces.xyz/spiders.html?page_length=-1&num_runs=1,"1,441",Franchise,https://alltheplaces-data.openaddresses.io/runs/2026-07-18-13-32-19/output/speed_queen.geojson
Jet,jet.industries,gb,jet_gb,https://alltheplaces.xyz/spiders.html?page_length=-1&num_runs=1,321,,https://alltheplaces-data.openaddresses.io/runs/2026-07-18-13-32-19/output/jet_gb.geojson
Ohio Cat,ohiocat.com,us,ohio_cat_us,https://alltheplaces.xyz/spiders.html?page_length=-1&num_runs=1,17,,https://alltheplaces-data.openaddresses.io/runs/2026-07-18-13-32-19/output/ohio_cat_us.geojson
Coen Markets,coenmarkets.com,us,coen_markets_us,https://alltheplaces.xyz/spiders.html?page_length=-1&num_runs=1,55,,https://alltheplaces-data.openaddresses.io/runs/2026-07-18-13-32-19/output/coen_markets_us.geojson
Hucks,hucks.com,us,hucks_us,https://alltheplaces.xyz/spiders.html?page_length=-1&num_runs=1,136,,https://alltheplaces-data.openaddresses.io/runs/2026-07-18-13-32-19/output/hucks_us.geojson
Signet Jewelers,signetjewelers.com,,signet_jewelers,https://alltheplaces.xyz/spiders.html?page_length=-1&num_runs=1,239,,https://alltheplaces-data.openaddresses.io/runs/2026-07-18-13-32-19/output/signet_jewelers.geojson
Alh Hotels,alhgroup.com.au,au,alh_hotels_au,https://alltheplaces.xyz/spiders.html?page_length=-1&num_runs=1,352,,https://alltheplaces-data.openaddresses.io/runs/2026-07-18-13-32-19/output/alh_hotels_au.geojson
Charles Clinkard,charlesclinkard.co.uk,gb,charles_clinkard_gb,https://alltheplaces.xyz/spiders.html?page_length=-1&num_runs=1,38,,https://alltheplaces-data.openaddresses.io/runs/2026-07-18-13-32-19/output/charles_clinkard_gb.geojson
Eathappy,eathappy.at,,eathappy,https://alltheplaces.xyz/spiders.html?page_length=-1&num_runs=1,"3,886",,https://alltheplaces-data.openaddresses.io/runs/2026-07-18-13-32-19/output/eathappy.geojson
Groupe Casino,groupe-casino.fr,,groupe_casino,https://alltheplaces.xyz/spiders.html?page_length=-1&num_runs=1,,,https://alltheplaces-data.openaddresses.io/runs/2026-07-18-13-32-19/output/groupe_casino.geojson
Healius,healius.com.au,au,healius_au,https://alltheplaces.xyz/spiders.html?page_length=-1&num_runs=1,"1,904",,https://alltheplaces-data.openaddresses.io/runs/2026-07-18-13-32-19/output/healius_au.geojson
Kbp Foods,kbpbrands.com,us,kbp_foods_us,https://alltheplaces.xyz/spiders.html?page_length=-1&num_runs=1,"1,267",,https://alltheplaces-data.openaddresses.io/runs/2026-07-18-13-32-19/output/kbp_foods_us.geojson
Medical City Healthcare,medicalcityhealthcare.com,,medical_city_healthcare,https://alltheplaces.xyz/spiders.html?page_length=-1&num_runs=1,121,,https://alltheplaces-data.openaddresses.io/runs/2026-07-18-13-32-19/output/medical_city_healthcare.geojson
Nsa Storage,nsastorage.com,us,nsa_storage_us,https://alltheplaces.xyz/spiders.html?page_length=-1&num_runs=1,,,https://alltheplaces-data.openaddresses.io/runs/2026-07-18-13-32-19/output/nsa_storage_us.geojson
Retail Apparel Group,rag.net.au,,retail_apparel_group,https://alltheplaces.xyz/spiders.html?page_length=-1&num_runs=1,562,,https://alltheplaces-data.openaddresses.io/runs/2026-07-18-13-32-19/output/retail_apparel_group.geojson
Recipe Unlimited,recipeunlimited.com,,recipe_unlimited,https://alltheplaces.xyz/spiders.html?page_length=-1&num_runs=1,"1,107",,https://alltheplaces-data.openaddresses.io/runs/2026-07-18-13-32-19/output/recipe_unlimited.geojson
Smile Brands,smilebrands.com,us,smile_brands_us,https://alltheplaces.xyz/spiders.html?page_length=-1&num_runs=1,579,,https://alltheplaces-data.openaddresses.io/runs/2026-07-18-13-32-19/output/smile_brands_us.geojson
Super Retail Group,superretailgroup.com.au,,super_retail_group,https://alltheplaces.xyz/spiders.html?page_length=-1&num_runs=1,532,,https://alltheplaces-data.openaddresses.io/runs/2026-07-18-13-32-19/output/super_retail_group.geojson
Bytefederal,bytefederal.com,,bytefederal,https://alltheplaces.xyz/spiders.html?page_length=-1&num_runs=1,936,,https://alltheplaces-data.openaddresses.io/runs/2026-07-18-13-32-19/output/bytefederal.geojson
Rockitcoin,rockitcoin.com,us,rockitcoin_pr_us,https://alltheplaces.xyz/spiders.html?page_length=-1&num_runs=1,275,,https://alltheplaces-data.openaddresses.io/runs/2026-07-18-13-32-19/output/rockitcoin_pr_us.geojson
Scottish Dental Care,scottishdentalcare.co.uk,gb,scottish_dental_care_gb,https://alltheplaces.xyz/spiders.html?page_length=-1&num_runs=1,19,,https://alltheplaces-data.openaddresses.io/runs/2026-07-18-13-32-19/output/scottish_dental_care_gb.geojson
Tjx,tjx.com,,tjx,https://alltheplaces.xyz/spiders.html?page_length=-1&num_runs=1,"5,255",,https://alltheplaces-data.openaddresses.io/runs/2026-07-18-13-32-19/output/tjx.geojson
Scooter Hut,scooterhut.com.au,au,scooter_hut_au,https://alltheplaces.xyz/spiders.html?page_length=-1&num_runs=1,,,https://alltheplaces-data.openaddresses.io/runs/2026-07-18-13-32-19/output/scooter_hut_au.geojson
Ampol,ampol.net,au,ampol_au,https://alltheplaces.xyz/spiders.html?page_length=-1&num_runs=1,"1,556",,https://alltheplaces-data.openaddresses.io/runs/2026-07-18-13-32-19/output/ampol_au.geojson
Afgri Equipment,afgri.com.au,au,afgri_equipment_au,https://alltheplaces.xyz/spiders.html?page_length=-1&num_runs=1,21,,https://alltheplaces-data.openaddresses.io/runs/2026-07-18-13-32-19/output/afgri_equipment_au.geojson
Paul Arabia,paularabia.com,,paul_arabia,https://alltheplaces.xyz/spiders.html?page_length=-1&num_runs=1,107,,https://alltheplaces-data.openaddresses.io/runs/2026-07-18-13-32-19/output/paul_arabia.geojson
Adriatic Furniture,adriatic.com.au,au,adriatic_furniture_au,https://alltheplaces.xyz/spiders.html?page_length=-1&num_runs=1,,,https://alltheplaces-data.openaddresses.io/runs/2026-07-18-13-32-19/output/adriatic_furniture_au.geojson
Eg On The Move,eg-otm.co.uk,gb,eg_on_the_move_gb,https://alltheplaces.xyz/spiders.html?page_length=-1&num_runs=1,49,,https://alltheplaces-data.openaddresses.io/runs/2026-07-18-13-32-19/output/eg_on_the_move_gb.geojson
Ramsay Health Care,ramsayhealth.com.au,au,ramsay_health_care_au,https://alltheplaces.xyz/spiders.html?page_length=-1&num_runs=1,183,,https://alltheplaces-data.openaddresses.io/runs/2026-07-18-13-32-19/output/ramsay_health_care_au.geojson
Crossroads Iga,crossroadsiga.com,us,crossroads_iga_us,https://alltheplaces.xyz/spiders.html?page_length=-1&num_runs=1,17,,https://alltheplaces-data.openaddresses.io/runs/2026-07-18-13-32-19/output/crossroads_iga_us.geojson
Madison Reed,madison-reed.com,us,madison_reed_us,https://alltheplaces.xyz/spiders.html?page_length=-1&num_runs=1,99,,https://alltheplaces-data.openaddresses.io/runs/2026-07-18-13-32-19/output/madison_reed_us.geojson
Regis Salons,regissalons.co.uk,gb,regis_salons_gb,https://alltheplaces.xyz/spiders.html?page_length=-1&num_runs=1,29,,https://alltheplaces-data.openaddresses.io/runs/2026-07-18-13-32-19/output/regis_salons_gb.geojson
True Value,truevalue.com,us,true_value_us,https://alltheplaces.xyz/spiders.html?page_length=-1&num_runs=1,"1,118",,https://alltheplaces-data.openaddresses.io/runs/2026-07-18-13-32-19/output/true_value_us.geojson
The Yard Milkshake Bar,theyardmilkshakebar.com,us,the_yard_milkshake_bar_us,https://alltheplaces.xyz/spiders.html?page_length=-1&num_runs=1,28,,https://alltheplaces-data.openaddresses.io/runs/2026-07-18-13-32-19/output/the_yard_milkshake_bar_us.geojson
Xfinity,xfinity.com,,xfinity,https://alltheplaces.xyz/spiders.html?page_length=-1&num_runs=1,233,,https://alltheplaces-data.openaddresses.io/runs/2026-07-18-13-32-19/output/xfinity.geojson
Bevilles Jewellers,bevilles.com.au,au,bevilles_jewellers_au,https://alltheplaces.xyz/spiders.html?page_length=-1&num_runs=1,37,,https://alltheplaces-data.openaddresses.io/runs/2026-07-18-13-32-19/output/bevilles_jewellers_au.geojson
Fraser Hart,fraserhart.co.uk,gb,fraser_hart_gb,https://alltheplaces.xyz/spiders.html?page_length=-1&num_runs=1,22,,https://alltheplaces-data.openaddresses.io/runs/2026-07-18-13-32-19/output/fraser_hart_gb.geojson
Kutchenhaus,kutchenhaus.co.uk,gb,kutchenhaus_gb,https://alltheplaces.xyz/spiders.html?page_length=-1&num_runs=1,93,,https://alltheplaces-data.openaddresses.io/runs/2026-07-18-13-32-19/output/kutchenhaus_gb.geojson
Ih World,ihworld.com,,ih_world,https://alltheplaces.xyz/spiders.html?page_length=-1&num_runs=1,137,,https://alltheplaces-data.openaddresses.io/runs/2026-07-18-13-32-19/output/ih_world.geojson
Revolution Laundry,revlaundry.com,,revolution_laundry,https://alltheplaces.xyz/spiders.html?page_length=-1&num_runs=1,"6,126",,https://alltheplaces-data.openaddresses.io/runs/2026-07-18-13-32-19/output/revolution_laundry.geojson
Box Now,boxnow.gr,,box_now,https://alltheplaces.xyz/spiders.html?page_length=-1&num_runs=1,"3,723",,https://alltheplaces-data.openaddresses.io/runs/2026-07-18-13-32-19/output/box_now.geojson
Myflexbox,myflexbox.de,,myflexbox,https://alltheplaces.xyz/spiders.html?page_length=-1&num_runs=1,"2,548",,https://alltheplaces-data.openaddresses.io/runs/2026-07-18-13-32-19/output/myflexbox.geojson
Away,awaytravel.com,,away,https://alltheplaces.xyz/spiders.html?page_length=-1&num_runs=1,,,https://alltheplaces-data.openaddresses.io/runs/2026-07-18-13-32-19/output/away.geojson
Purebaby,purebaby.com.com.au,au,purebaby_au,https://alltheplaces.xyz/spiders.html?page_length=-1&num_runs=1,,,https://alltheplaces-data.openaddresses.io/runs/2026-07-18-13-32-19/output/purebaby_au.geojson
Providence,providence.org,us,providence_us,https://alltheplaces.xyz/spiders.html?page_length=-1&num_runs=1,161,,https://alltheplaces-data.openaddresses.io/runs/2026-07-18-13-32-19/output/providence_us.geojson
University Maryland Medical System,umms.org,,university_maryland_medical_system,https://alltheplaces.xyz/spiders.html?page_length=-1&num_runs=1,,,https://alltheplaces-data.openaddresses.io/runs/2026-07-18-13-32-19/output/university_maryland_medical_system.geojson
Scotrail,scotrail.co.uk,gb,scotrail_gb,https://alltheplaces.xyz/spiders.html?page_length=-1&num_runs=1,,,https://alltheplaces-data.openaddresses.io/runs/2026-07-18-13-32-19/output/scotrail_gb.geojson
Montessori School,montessorikidsuniverse.com,,montessori_school,https://alltheplaces.xyz/spiders.html?page_length=-1&num_runs=1,,Franchise,https://alltheplaces-data.openaddresses.io/runs/2026-07-18-13-32-19/output/montessori_school.geojson
Guild Mortgage,guildmortgage.com,us,guild_mortgage_us,https://alltheplaces.xyz/spiders.html?page_length=-1&num_runs=1,676,,https://alltheplaces-data.openaddresses.io/runs/2026-07-18-13-32-19/output/guild_mortgage_us.geojson
Strickland Brothers,sboilchange.com,us,strickland_brothers_us,https://alltheplaces.xyz/spiders.html?page_length=-1&num_runs=1,289,Franchise,https://alltheplaces-data.openaddresses.io/runs/2026-07-18-13-32-19/output/strickland_brothers_us.geojson
Take 5,take5.com,us,take_5_us,https://alltheplaces.xyz/spiders.html?page_length=-1&num_runs=1,,Franchise,https://alltheplaces-data.openaddresses.io/runs/2026-07-18-13-32-19/output/take_5_us.geojson
Oscar Wylee,oscarwylee.co.nz,,oscar_wylee,https://alltheplaces.xyz/spiders.html?page_length=-1&num_runs=1,123,,https://alltheplaces-data.openaddresses.io/runs/2026-07-18-13-32-19/output/oscar_wylee.geojson
Best In Parking,bestinparking.com,,best_in_parking,https://alltheplaces.xyz/spiders.html?page_length=-1&num_runs=1,188,,https://alltheplaces-data.openaddresses.io/runs/2026-07-18-13-32-19/output/best_in_parking.geojson
Justpark,justpark.co.uk,gb,justpark_gb,https://alltheplaces.xyz/spiders.html?page_length=-1&num_runs=1,"22,784",,https://alltheplaces-data.openaddresses.io/runs/2026-07-18-13-32-19/output/justpark_gb.geojson
H T Pawnbrokers,handt.co.uk,gb,h_t_pawnbrokers_gb,https://alltheplaces.xyz/spiders.html?page_length=-1&num_runs=1,296,,https://alltheplaces-data.openaddresses.io/runs/2026-07-18-13-32-19/output/h_t_pawnbrokers_gb.geojson
Blooms The Chemist,bloomsthechemist.com.au,au,blooms_the_chemist_au,https://alltheplaces.xyz/spiders.html?page_length=-1&num_runs=1,130,,https://alltheplaces-data.openaddresses.io/runs/2026-07-18-13-32-19/output/blooms_the_chemist_au.geojson
Good Neighbor Pharmacy,mygnp.com,,good_neighbor_pharmacy,https://alltheplaces.xyz/spiders.html?page_length=-1&num_runs=1,"2,302",Franchise,https://alltheplaces-data.openaddresses.io/runs/2026-07-18-13-32-19/output/good_neighbor_pharmacy.geojson
And Pizza,andpizza.com,,and_pizza,https://alltheplaces.xyz/spiders.html?page_length=-1&num_runs=1,60,,https://alltheplaces-data.openaddresses.io/runs/2026-07-18-13-32-19/output/and_pizza.geojson
Willscot,willscot.com,us,willscot_ca_us,https://alltheplaces.xyz/spiders.html?page_length=-1&num_runs=1,210,,https://alltheplaces-data.openaddresses.io/runs/2026-07-18-13-32-19/output/willscot_ca_us.geojson
Usc,usc.edu,,usc,https://alltheplaces.xyz/spiders.html?page_length=-1&num_runs=1,221,,https://alltheplaces-data.openaddresses.io/runs/2026-07-18-13-32-19/output/usc.geojson
Mighty Flame,mightyflame.com,,mighty_flame,https://alltheplaces.xyz/spiders.html?page_length=-1&num_runs=1,,,https://alltheplaces-data.openaddresses.io/runs/2026-07-18-13-32-19/output/mighty_flame.geojson
Supera,supera.com,,supera,https://alltheplaces.xyz/spiders.html?page_length=-1&num_runs=1,35,,https://alltheplaces-data.openaddresses.io/runs/2026-07-18-13-32-19/output/supera.geojson
New York Public Library,nypl.org,us,new_york_public_library_us,https://alltheplaces.xyz/spiders.html?page_length=-1&num_runs=1,91,,https://alltheplaces-data.openaddresses.io/runs/2026-07-18-13-32-19/output/new_york_public_library_us.geojson
House & Home,houseandhome.com,,house_and_home,https://alltheplaces.xyz/spiders.html?page_length=-1&num_runs=1,35,,https://alltheplaces-data.openaddresses.io/runs/2026-07-18-13-32-19/output/house_and_home.geojson
Pam Golding,pamgolding.co.za,,pam_golding,https://alltheplaces.xyz/spiders.html?page_length=-1&num_runs=1,,,https://alltheplaces-data.openaddresses.io/runs/2026-07-18-13-32-19/output/pam_golding.geojson
Quarterra,quarterra.com,us,quarterra_us,https://alltheplaces.xyz/spiders.html?page_length=-1&num_runs=1,,,https://alltheplaces-data.openaddresses.io/runs/2026-07-18-13-32-19/output/quarterra_us.geojson
Rsg Group,rsg.group,,rsg_group,https://alltheplaces.xyz/spiders.html?page_length=-1&num_runs=1,306,,https://alltheplaces-data.openaddresses.io/runs/2026-07-18-13-32-19/output/rsg_group.geojson
Bonita Bowls,bonitabowls.co,,bonita,https://alltheplaces.xyz/spiders.html?page_length=-1&num_runs=1,447,Franchise,https://alltheplaces-data.openaddresses.io/runs/2026-07-18-13-32-19/output/bonita.geojson
Avalon,experienceavalon.com,us,avalon_us,https://alltheplaces.xyz/spiders.html?page_length=-1&num_runs=1,277,,https://alltheplaces-data.openaddresses.io/runs/2026-07-18-13-32-19/output/avalon_us.geojson
The Nottingham,lorettocny.org,gb,the_nottingham_gb,https://alltheplaces.xyz/spiders.html?page_length=-1&num_runs=1,31,,https://alltheplaces-data.openaddresses.io/runs/2026-07-18-13-32-19/output/the_nottingham_gb.geojson
Armaguard,armaguard.com.au,au,armaguard_au,https://alltheplaces.xyz/spiders.html?page_length=-1&num_runs=1,"1,881",,https://alltheplaces-data.openaddresses.io/runs/2026-07-18-13-32-19/output/armaguard_au.geojson
Cloud 9 Smoke Shop,cloud9.spa,au,cloud_9_smoke_shop_australia_au,https://alltheplaces.xyz/spiders.html?page_length=-1&num_runs=1,36,Franchise,https://alltheplaces-data.openaddresses.io/runs/2026-07-18-13-32-19/output/cloud_9_smoke_shop_australia_au.geojson
Just Sports,shopjustsports.com,,just_sports,https://alltheplaces.xyz/spiders.html?page_length=-1&num_runs=1,19,,https://alltheplaces-data.openaddresses.io/runs/2026-07-18-13-32-19/output/just_sports.geojson
Tgjones,tgjonesonline.co.uk,gb,tgjones_gb,https://alltheplaces.xyz/spiders.html?page_length=-1&num_runs=1,,,https://alltheplaces-data.openaddresses.io/runs/2026-07-18-13-32-19/output/tgjones_gb.geojson
Blyzenko,blyzenko.ua,ua,blyzenko_ua,https://alltheplaces.xyz/spiders.html?page_length=-1&num_runs=1,311,,https://alltheplaces-data.openaddresses.io/runs/2026-07-18-13-32-19/output/blyzenko_ua.geojson
Fabutan,fabutan.ca,ca,fabutan_ca,https://alltheplaces.xyz/spiders.html?page_length=-1&num_runs=1,81,,https://alltheplaces-data.openaddresses.io/runs/2026-07-18-13-32-19/output/fabutan_ca.geojson
Removery,removery.com,us,removery_us,https://alltheplaces.xyz/spiders.html?page_length=-1&num_runs=1,145,,https://alltheplaces-data.openaddresses.io/runs/2026-07-18-13-32-19/output/removery_us.geojson
Mavis,mavis.com,us,mavis_us,https://alltheplaces.xyz/spiders.html?page_length=-1&num_runs=1,"1,626",,https://alltheplaces-data.openaddresses.io/runs/2026-07-18-13-32-19/output/mavis_us.geojson
Barrhead Travel,barrheadtravel.co.uk,gb,barrhead_travel_gb,https://alltheplaces.xyz/spiders.html?page_length=-1&num_runs=1,45,,https://alltheplaces-data.openaddresses.io/runs/2026-07-18-13-32-19/output/barrhead_travel_gb.geojson
Extreme Intimo,extremeintimo.com,,extreme_intimo,https://alltheplaces.xyz/spiders.html?page_length=-1&num_runs=1,26,,https://alltheplaces-data.openaddresses.io/runs/2026-07-18-13-32-19/output/extreme_intimo.geojson
Cintas,cintas.com,,cintas,https://alltheplaces.xyz/spiders.html?page_length=-1&num_runs=1,515,,https://alltheplaces-data.openaddresses.io/runs/2026-07-18-13-32-19/output/cintas.geojson
Afc Urgent Care,afcurgentcare.com,,afc_urgent_care,https://alltheplaces.xyz/spiders.html?page_length=-1&num_runs=1,437,,https://alltheplaces-data.openaddresses.io/runs/2026-07-18-13-32-19/output/afc_urgent_care.geojson
Premierurgentcare,premierurgentcare.com,,premierurgentcare,https://alltheplaces.xyz/spiders.html?page_length=-1&num_runs=1,7,,https://alltheplaces-data.openaddresses.io/runs/2026-07-18-13-32-19/output/premierurgentcare.geojson
Away Resorts,awayresorts.co.uk,,away_resorts,https://alltheplaces.xyz/spiders.html?page_length=-1&num_runs=1,26,,https://alltheplaces-data.openaddresses.io/runs/2026-07-18-13-32-19/output/away_resorts.geojson
Pho,phohoa.co.uk,gb,pho_gb,https://alltheplaces.xyz/spiders.html?page_length=-1&num_runs=1,53,Franchise,https://alltheplaces-data.openaddresses.io/runs/2026-07-18-13-32-19/output/pho_gb.geojson
Jazen Tea,jazentea.com,us,jazen_tea_ca_us,https://alltheplaces.xyz/spiders.html?page_length=-1&num_runs=1,,Franchise,https://alltheplaces-data.openaddresses.io/runs/2026-07-18-13-32-19/output/jazen_tea_ca_us.geojson
7 Brew,7brew.com,us,7_brew_us,https://alltheplaces.xyz/spiders.html?page_length=-1&num_runs=1,561,Franchise,https://alltheplaces-data.openaddresses.io/runs/2026-07-18-13-32-19/output/7_brew_us.geojson
Seven Eleven,7-eleven.com,us,seven_eleven_ca_us,https://alltheplaces.xyz/spiders.html?page_length=-1&num_runs=1,"15,489",Franchise,https://alltheplaces-data.openaddresses.io/runs/2026-07-18-13-32-19/output/seven_eleven_ca_us.geojson
Seven Eleven,7-eleven.com.au,au,seven_eleven_au,https://alltheplaces.xyz/spiders.html?page_length=-1&num_runs=1,765,Franchise,https://alltheplaces-data.openaddresses.io/runs/2026-07-18-13-32-19/output/seven_eleven_au.geojson
AAA,aaa.com,us,aaa_ca_us,https://alltheplaces.xyz/spiders.html?page_length=-1&num_runs=1,,,https://alltheplaces-data.openaddresses.io/runs/2026-07-18-13-32-19/output/aaa_ca_us.geojson
Aarons,aarons.com,us,aarons,https://alltheplaces.xyz/spiders.html?page_length=-1&num_runs=1,"1,158",Franchise,https://alltheplaces-data.openaddresses.io/runs/2026-07-18-13-32-19/output/aarons.geojson
Abbott's Frozen Custard,abbottscustard.com,us,abbotts_frozen_custard_us,https://alltheplaces.xyz/spiders.html?page_length=-1&num_runs=1,36,Franchise,https://alltheplaces-data.openaddresses.io/runs/2026-07-18-13-32-19/output/abbotts_frozen_custard_us.geojson
Abercrombie & Fitch,abercrombie.com,,abercrombie_and_fitch,https://alltheplaces.xyz/spiders.html?page_length=-1&num_runs=1,426,,https://alltheplaces-data.openaddresses.io/runs/2026-07-18-13-32-19/output/abercrombie_and_fitch.geojson
Academy,academy.com,us,academy_us,https://alltheplaces.xyz/spiders.html?page_length=-1&num_runs=1,343,,https://alltheplaces-data.openaddresses.io/runs/2026-07-18-13-32-19/output/academy_us.geojson
Accenture,accenture.com,us,accenture,https://alltheplaces.xyz/spiders.html?page_length=-1&num_runs=1,334,,https://alltheplaces-data.openaddresses.io/runs/2026-07-18-13-32-19/output/accenture.geojson
Accor,accor.com,us,accor,https://alltheplaces.xyz/spiders.html?page_length=-1&num_runs=1,"5,760",Franchise,https://alltheplaces-data.openaddresses.io/runs/2026-07-18-13-32-19/output/accor.geojson
Ace Hardware,acehardware.com,us,ace_hardware_us,https://alltheplaces.xyz/spiders.html?page_length=-1&num_runs=1,"4,900",Franchise,https://alltheplaces-data.openaddresses.io/runs/2026-07-18-13-32-19/output/ace_hardware_us.geojson
Action Coach,actioncoach.com,us,action,https://alltheplaces.xyz/spiders.html?page_length=-1&num_runs=1,"3,494",Franchise,https://alltheplaces-data.openaddresses.io/runs/2026-07-18-13-32-19/output/action.geojson
Adidas,adidas.com,,adidas,https://alltheplaces.xyz/spiders.html?page_length=-1&num_runs=1,,,https://alltheplaces-data.openaddresses.io/runs/2026-07-18-13-32-19/output/adidas.geojson
Admiralslots,admiralslots.co.uk,gb,admiralslots_gb,https://alltheplaces.xyz/spiders.html?page_length=-1&num_runs=1,307,,https://alltheplaces-data.openaddresses.io/runs/2026-07-18-13-32-19/output/admiralslots_gb.geojson
Advance Auto Parts,advanceautoparts.com,us,advance_auto_parts_us,https://alltheplaces.xyz/spiders.html?page_length=-1&num_runs=1,"4,073",,https://alltheplaces-data.openaddresses.io/runs/2026-07-18-13-32-19/output/advance_auto_parts_us.geojson
American Eagle Outfitters,ae.com,,american_eagle_outfitters,https://alltheplaces.xyz/spiders.html?page_length=-1&num_runs=1,"1,470",,https://alltheplaces-data.openaddresses.io/runs/2026-07-18-13-32-19/output/american_eagle_outfitters.geojson
Aeropostale,aeropostale.com,us,aeropostale_us,https://alltheplaces.xyz/spiders.html?page_length=-1&num_runs=1,459,,https://alltheplaces-data.openaddresses.io/runs/2026-07-18-13-32-19/output/aeropostale_us.geojson
Aesop,aesop.com,,aesop,https://alltheplaces.xyz/spiders.html?page_length=-1&num_runs=1,363,,https://alltheplaces-data.openaddresses.io/runs/2026-07-18-13-32-19/output/aesop.geojson
Agent Provocateur,agentprovocateur.com,,agent_provocateur,https://alltheplaces.xyz/spiders.html?page_length=-1&num_runs=1,33,,https://alltheplaces-data.openaddresses.io/runs/2026-07-18-13-32-19/output/agent_provocateur.geojson
Alamo,alamo.com,,alamo,https://alltheplaces.xyz/spiders.html?page_length=-1&num_runs=1,"1,435",,https://alltheplaces-data.openaddresses.io/runs/2026-07-18-13-32-19/output/alamo.geojson
Alaska Commercial Company,alaskacommercial.com,us,alaska_commercial_company_us,https://alltheplaces.xyz/spiders.html?page_length=-1&num_runs=1,40,,https://alltheplaces-data.openaddresses.io/runs/2026-07-18-13-32-19/output/alaska_commercial_company_us.geojson
Albertsons,albertsons.com,,albertsons,https://alltheplaces.xyz/spiders.html?page_length=-1&num_runs=1,"2,333",,https://alltheplaces-data.openaddresses.io/runs/2026-07-18-13-32-19/output/albertsons.geojson
Aldi,aldi.co.uk,gb,aldi_sud_gb,https://alltheplaces.xyz/spiders.html?page_length=-1&num_runs=1,"1,091",,https://alltheplaces-data.openaddresses.io/runs/2026-07-18-13-32-19/output/aldi_sud_gb.geojson
Aldi,aldi.com.au,au,aldi_sud_au,https://alltheplaces.xyz/spiders.html?page_length=-1&num_runs=1,608,,https://alltheplaces-data.openaddresses.io/runs/2026-07-18-13-32-19/output/aldi_sud_au.geojson
Aldi,aldi.us,us,aldi_sud_us,https://alltheplaces.xyz/spiders.html?page_length=-1&num_runs=1,"2,665",,https://alltheplaces-data.openaddresses.io/runs/2026-07-18-13-32-19/output/aldi_sud_us.geojson
Allego,allego.com,,allego,https://alltheplaces.xyz/spiders.html?page_length=-1&num_runs=1,"12,231",,https://alltheplaces-data.openaddresses.io/runs/2026-07-18-13-32-19/output/allego.geojson
Allsaints,allsaints.com,,allsaints,https://alltheplaces.xyz/spiders.html?page_length=-1&num_runs=1,266,,https://alltheplaces-data.openaddresses.io/runs/2026-07-18-13-32-19/output/allsaints.geojson
Allstate Insurance,allstate.com,us,allstate_insurance_agents_us,https://alltheplaces.xyz/spiders.html?page_length=-1&num_runs=1,"5,458",Agent,https://alltheplaces-data.openaddresses.io/runs/2026-07-18-13-32-19/output/allstate_insurance_agents_us.geojson
Alltown Fresh,alltownfresh.com,us,alltown_fresh_us,https://alltheplaces.xyz/spiders.html?page_length=-1&num_runs=1,17,,https://alltheplaces-data.openaddresses.io/runs/2026-07-18-13-32-19/output/alltown_fresh_us.geojson
Ally Fashion,allyfashion.com.au,au,ally_fashion_au,https://alltheplaces.xyz/spiders.html?page_length=-1&num_runs=1,87,,https://alltheplaces-data.openaddresses.io/runs/2026-07-18-13-32-19/output/ally_fashion_au.geojson
Amart Furniture,amartfurniture.com.au,au,amart_furniture_au,https://alltheplaces.xyz/spiders.html?page_length=-1&num_runs=1,65,,https://alltheplaces-data.openaddresses.io/runs/2026-07-18-13-32-19/output/amart_furniture_au.geojson
American Vintage,americanvintage.shop,,american_vintage,https://alltheplaces.xyz/spiders.html?page_length=-1&num_runs=1,248,,https://alltheplaces-data.openaddresses.io/runs/2026-07-18-13-32-19/output/american_vintage.geojson
Amerigas,amerigas.com,,amerigas,https://alltheplaces.xyz/spiders.html?page_length=-1&num_runs=1,492,,https://alltheplaces-data.openaddresses.io/runs/2026-07-18-13-32-19/output/amerigas.geojson
Ameriprise,ameriprise.com,us,ameriprise_us,https://alltheplaces-data.openaddresses.io/runs/2026-07-25-13-32-20/output/ameriprise_us.geojson,"1,820",Agent,https://alltheplaces-data.openaddresses.io/runs/2026-07-25-13-32-20/output/ameriprise_us.geojson
Amplifon,amplifonusa.com,,amplifon,https://alltheplaces.xyz/spiders.html?page_length=-1&num_runs=1,"4,543",,https://alltheplaces-data.openaddresses.io/runs/2026-07-18-13-32-19/output/amplifon.geojson
Anytime Fitness,anytimefitness.com,,anytime_fitness,https://alltheplaces.xyz/spiders.html?page_length=-1&num_runs=1,"5,614",Franchise,https://alltheplaces-data.openaddresses.io/runs/2026-07-18-13-32-19/output/anytime_fitness.geojson
Anz,anz.com,,anz,https://alltheplaces.xyz/spiders.html?page_length=-1&num_runs=1,"4,041",,https://alltheplaces-data.openaddresses.io/runs/2026-07-18-13-32-19/output/anz.geojson
Ao Hostels,aohostels.com,,ao_hostels,https://alltheplaces.xyz/spiders.html?page_length=-1&num_runs=1,44,,https://alltheplaces-data.openaddresses.io/runs/2026-07-18-13-32-19/output/ao_hostels.geojson
Apcoa,apcoa.co.uk,,apcoa,https://alltheplaces.xyz/spiders.html?page_length=-1&num_runs=1,"7,373",,https://alltheplaces-data.openaddresses.io/runs/2026-07-18-13-32-19/output/apcoa.geojson
Applebees,applebees.com,,applebees,https://alltheplaces.xyz/spiders.html?page_length=-1&num_runs=1,"1,454",Franchise,https://alltheplaces-data.openaddresses.io/runs/2026-07-18-13-32-19/output/applebees.geojson
Arbys,arbys.ca,ca,arbys_ca,https://alltheplaces.xyz/spiders.html?page_length=-1&num_runs=1,60,,https://alltheplaces-data.openaddresses.io/runs/2026-07-18-13-32-19/output/arbys_ca.geojson
Arbys,arbys.com,us,arbys_us,https://alltheplaces.xyz/spiders.html?page_length=-1&num_runs=1,"3,210",Franchise,https://alltheplaces-data.openaddresses.io/runs/2026-07-18-13-32-19/output/arbys_us.geojson
Ardene,ardene.com,,ardene,https://alltheplaces.xyz/spiders.html?page_length=-1&num_runs=1,235,,https://alltheplaces-data.openaddresses.io/runs/2026-07-18-13-32-19/output/ardene.geojson
Aristocrazy,aristocrazy.com,,aristocrazy,https://alltheplaces.xyz/spiders.html?page_length=-1&num_runs=1,95,,https://alltheplaces-data.openaddresses.io/runs/2026-07-18-13-32-19/output/aristocrazy.geojson
Armand Thiery,armandthiery.fr,,armand_thiery,https://alltheplaces.xyz/spiders.html?page_length=-1&num_runs=1,611,,https://alltheplaces-data.openaddresses.io/runs/2026-07-18-13-32-19/output/armand_thiery.geojson
Arvest Bank,arvest.com,us,arvest_bank_us,https://alltheplaces.xyz/spiders.html?page_length=-1&num_runs=1,295,,https://alltheplaces-data.openaddresses.io/runs/2026-07-18-13-32-19/output/arvest_bank_us.geojson
Ashley Furniture,ashleyfurniture.com,,ashley_furniture,https://alltheplaces.xyz/spiders.html?page_length=-1&num_runs=1,"1,955",,https://alltheplaces-data.openaddresses.io/runs/2026-07-18-13-32-19/output/ashley_furniture.geojson
Aspen Dental,aspendental.com,us,aspen_dental_us,https://alltheplaces.xyz/spiders.html?page_length=-1&num_runs=1,"1,090",,https://alltheplaces-data.openaddresses.io/runs/2026-07-18-13-32-19/output/aspen_dental_us.geojson
Ati Physical Therapy,atipt.com,,ati_physical_therapy,https://alltheplaces.xyz/spiders.html?page_length=-1&num_runs=1,707,,https://alltheplaces-data.openaddresses.io/runs/2026-07-18-13-32-19/output/ati_physical_therapy.geojson
AT&T,att.com,us,att_us,https://alltheplaces.xyz/spiders.html?page_length=-1&num_runs=1,"1,055",,https://alltheplaces-data.openaddresses.io/runs/2026-07-18-13-32-19/output/att_us.geojson
Audi,audi.com,,audi,https://alltheplaces.xyz/spiders.html?page_length=-1&num_runs=1,"7,296",Dealer,https://alltheplaces-data.openaddresses.io/runs/2026-07-18-13-32-19/output/audi.geojson
Auntie Annes,auntieannes.com,,auntie_annes,https://alltheplaces.xyz/spiders.html?page_length=-1&num_runs=1,"1,381",Franchise,https://alltheplaces-data.openaddresses.io/runs/2026-07-18-13-32-19/output/auntie_annes.geojson
Auntie Annes,auntieannes.com.uk,gb,auntie_annes_gb,https://alltheplaces.xyz/spiders.html?page_length=-1&num_runs=1,45,Franchise,https://alltheplaces-data.openaddresses.io/runs/2026-07-18-13-32-19/output/auntie_annes_gb.geojson
Aurecon Group,aurecongroup.com,,aurecon_group,https://alltheplaces.xyz/spiders.html?page_length=-1&num_runs=1,,,https://alltheplaces-data.openaddresses.io/runs/2026-07-18-13-32-19/output/aurecon_group.geojson
Au Vieux Campeur,auvieuxcampeur.fr,,au_vieux_campeur,https://alltheplaces.xyz/spiders.html?page_length=-1&num_runs=1,31,,https://alltheplaces-data.openaddresses.io/runs/2026-07-18-13-32-19/output/au_vieux_campeur.geojson
Aveda,aveda.com,,aveda,https://alltheplaces.xyz/spiders.html?page_length=-1&num_runs=1,250,,https://alltheplaces-data.openaddresses.io/runs/2026-07-18-13-32-19/output/aveda.geojson
Averitt,averitt.com,,averitt,https://alltheplaces.xyz/spiders.html?page_length=-1&num_runs=1,85,,https://alltheplaces-data.openaddresses.io/runs/2026-07-18-13-32-19/output/averitt.geojson
Avis,avis.com,,avis,https://alltheplaces.xyz/spiders.html?page_length=-1&num_runs=1,"3,309",,https://alltheplaces-data.openaddresses.io/runs/2026-07-18-13-32-19/output/avis.geojson
A&W Restaurants,awrestaurants.com,,aw_restaurants,https://alltheplaces.xyz/spiders.html?page_length=-1&num_runs=1,394,Franchise,https://alltheplaces-data.openaddresses.io/runs/2026-07-18-13-32-19/output/aw_restaurants.geojson
Baja Fresh,bajafresh.com,us,baja_fresh_us,https://alltheplaces.xyz/spiders.html?page_length=-1&num_runs=1,68,Franchise,https://alltheplaces-data.openaddresses.io/runs/2026-07-18-13-32-19/output/baja_fresh_us.geojson
Banfield Pet Hospital,banfield.com,,banfield_pet_hospital,https://alltheplaces.xyz/spiders.html?page_length=-1&num_runs=1,"1,004",,https://alltheplaces-data.openaddresses.io/runs/2026-07-18-13-32-19/output/banfield_pet_hospital.geojson
Bank Austria,bankaustria.at,at,bank_austria_at,https://alltheplaces.xyz/spiders.html?page_length=-1&num_runs=1,146,,https://alltheplaces-data.openaddresses.io/runs/2026-07-18-13-32-19/output/bank_austria_at.geojson
Bank Of America,bankofamerica.com,,bank_of_america,https://alltheplaces.xyz/spiders.html?page_length=-1&num_runs=1,"5,697",Agent,https://alltheplaces-data.openaddresses.io/runs/2026-07-18-13-32-19/output/bank_of_america.geojson
Bank Of Ireland,bankofireland.com,,bank_of_ireland,https://alltheplaces.xyz/spiders.html?page_length=-1&num_runs=1,183,,https://alltheplaces-data.openaddresses.io/runs/2026-07-18-13-32-19/output/bank_of_ireland.geojson
Bannatyne,bannatyne.co.uk,gb,bannatyne_gb,https://alltheplaces.xyz/spiders.html?page_length=-1&num_runs=1,67,,https://alltheplaces-data.openaddresses.io/runs/2026-07-18-13-32-19/output/bannatyne_gb.geojson
Barnes & Noble,barnesandnoble.com,us,barnes_and_noble_us,https://alltheplaces.xyz/spiders.html?page_length=-1&num_runs=1,715,,https://alltheplaces-data.openaddresses.io/runs/2026-07-18-13-32-19/output/barnes_and_noble_us.geojson
Barre3,barre3.com,,barre3,https://alltheplaces.xyz/spiders.html?page_length=-1&num_runs=1,195,Franchise,https://alltheplaces-data.openaddresses.io/runs/2026-07-18-13-32-19/output/barre3.geojson
Barrys,barrys.com,,barrys,https://alltheplaces.xyz/spiders.html?page_length=-1&num_runs=1,104,,https://alltheplaces-data.openaddresses.io/runs/2026-07-18-13-32-19/output/barrys.geojson
Bash Boxing,bash-boxing.com,,bash,https://alltheplaces.xyz/spiders.html?page_length=-1&num_runs=1,"4,114",Franchise,https://alltheplaces-data.openaddresses.io/runs/2026-07-18-13-32-19/output/bash.geojson
Baskin Robbins,baskinrobbins.ca,ca,baskin_robbins_ca,https://alltheplaces.xyz/spiders.html?page_length=-1&num_runs=1,109,,https://alltheplaces-data.openaddresses.io/runs/2026-07-18-13-32-19/output/baskin_robbins_ca.geojson
Baskin Robbins,baskinrobbins.com,us,baskin_robbins_us,https://alltheplaces.xyz/spiders.html?page_length=-1&num_runs=1,"2,146",Franchise,https://alltheplaces-data.openaddresses.io/runs/2026-07-18-13-32-19/output/baskin_robbins_us.geojson
Bassett Furniture,bassettfurniture.com,,bassett_furniture,https://alltheplaces.xyz/spiders.html?page_length=-1&num_runs=1,97,,https://alltheplaces-data.openaddresses.io/runs/2026-07-18-13-32-19/output/bassett_furniture.geojson
Bass Pro Shops,basspro.com,,bass_pro_shops,https://alltheplaces.xyz/spiders.html?page_length=-1&num_runs=1,146,,https://alltheplaces-data.openaddresses.io/runs/2026-07-18-13-32-19/output/bass_pro_shops.geojson
Bata,bata.com.my,,bata,https://alltheplaces.xyz/spiders.html?page_length=-1&num_runs=1,"1,084",,https://alltheplaces-data.openaddresses.io/runs/2026-07-18-13-32-19/output/bata.geojson
Bath & Body Works,bathandbodyworks.com,us,bath_and_body_works_us,https://alltheplaces.xyz/spiders.html?page_length=-1&num_runs=1,,,https://alltheplaces-data.openaddresses.io/runs/2026-07-18-13-32-19/output/bath_and_body_works_us.geojson
Bath & Body Works,bathandbodyworks.com.au,au,bath_and_body_works_au,https://alltheplaces.xyz/spiders.html?page_length=-1&num_runs=1,22,,https://alltheplaces-data.openaddresses.io/runs/2026-07-18-13-32-19/output/bath_and_body_works_au.geojson
Batteries Plus Bulbs,batteriesplus.com,us,batteries_plus_bulbs_pr_us,https://alltheplaces.xyz/spiders.html?page_length=-1&num_runs=1,677,Franchise,https://alltheplaces-data.openaddresses.io/runs/2026-07-18-13-32-19/output/batteries_plus_bulbs_pr_us.geojson
Bealls,bealls.com,us,bealls_us,https://alltheplaces.xyz/spiders.html?page_length=-1&num_runs=1,600,,https://alltheplaces-data.openaddresses.io/runs/2026-07-18-13-32-19/output/bealls_us.geojson
Bed Bath N Table,bedbathntable.com.au,,bed_bath_n_table,https://alltheplaces.xyz/spiders.html?page_length=-1&num_runs=1,188,,https://alltheplaces-data.openaddresses.io/runs/2026-07-18-13-32-19/output/bed_bath_n_table.geojson
Beef O Bradys,beefobradys.com,,beef_o_bradys,https://alltheplaces.xyz/spiders.html?page_length=-1&num_runs=1,126,Franchise,https://alltheplaces-data.openaddresses.io/runs/2026-07-18-13-32-19/output/beef_o_bradys.geojson
Belk,belk.com,,belk,https://alltheplaces.xyz/spiders.html?page_length=-1&num_runs=1,,,https://alltheplaces-data.openaddresses.io/runs/2026-07-18-13-32-19/output/belk.geojson
Belle Tire,belletire.com,us,belle_tire_us,https://alltheplaces.xyz/spiders.html?page_length=-1&num_runs=1,185,,https://alltheplaces-data.openaddresses.io/runs/2026-07-18-13-32-19/output/belle_tire_us.geojson
United Colors Of Benetton,benettonus.com,,united_colors_of_benetton,https://alltheplaces.xyz/spiders.html?page_length=-1&num_runs=1,"2,195",,https://alltheplaces-data.openaddresses.io/runs/2026-07-18-13-32-19/output/united_colors_of_benetton.geojson
Ben & Jerrys,benjerry.com,,ben_and_jerrys,https://alltheplaces.xyz/spiders.html?page_length=-1&num_runs=1,256,Franchise,https://alltheplaces-data.openaddresses.io/runs/2026-07-18-13-32-19/output/ben_and_jerrys.geojson
Best Buy,bestbuy.ca,ca,best_buy_ca,https://alltheplaces.xyz/spiders.html?page_length=-1&num_runs=1,314,,https://alltheplaces-data.openaddresses.io/runs/2026-07-18-13-32-19/output/best_buy_ca.geojson
Best Buy,bestbuy.com,,best_buy,https://alltheplaces.xyz/spiders.html?page_length=-1&num_runs=1,"1,060",,https://alltheplaces-data.openaddresses.io/runs/2026-07-18-13-32-19/output/best_buy.geojson
Best Friends,bestfriends.org.au,au,best_friends_au,https://alltheplaces.xyz/spiders.html?page_length=-1&num_runs=1,47,,https://alltheplaces-data.openaddresses.io/runs/2026-07-18-13-32-19/output/best_friends_au.geojson
Best Western,bestwestern.com,,best_western,https://alltheplaces.xyz/spiders.html?page_length=-1&num_runs=1,,Franchise,https://alltheplaces-data.openaddresses.io/runs/2026-07-18-13-32-19/output/best_western.geojson
Bevmo,bevmo.com,us,bevmo_us,https://alltheplaces.xyz/spiders.html?page_length=-1&num_runs=1,,,https://alltheplaces-data.openaddresses.io/runs/2026-07-18-13-32-19/output/bevmo_us.geojson
Big 10 Mart,big10mart.com,us,big_10_mart_us,https://alltheplaces.xyz/spiders.html?page_length=-1&num_runs=1,11,,https://alltheplaces-data.openaddresses.io/runs/2026-07-18-13-32-19/output/big_10_mart_us.geojson
Big 5 Sporting Goods,big5sportinggoods.com,us,big_5_sporting_goods_us,https://alltheplaces.xyz/spiders.html?page_length=-1&num_runs=1,383,,https://alltheplaces-data.openaddresses.io/runs/2026-07-18-13-32-19/output/big_5_sporting_goods_us.geojson
The Big Biscuit,bigbiscuit.com,us,the_big_biscuit_us,https://alltheplaces.xyz/spiders.html?page_length=-1&num_runs=1,29,Franchise,https://alltheplaces-data.openaddresses.io/runs/2026-07-18-13-32-19/output/the_big_biscuit_us.geojson
Biggby Coffee,biggby.com,us,biggby_coffee_us,https://alltheplaces.xyz/spiders.html?page_length=-1&num_runs=1,495,Franchise,https://alltheplaces-data.openaddresses.io/runs/2026-07-18-13-32-19/output/biggby_coffee_us.geojson
Big Lots,biglots.com,us,big_lots_us,https://alltheplaces.xyz/spiders.html?page_length=-1&num_runs=1,217,,https://alltheplaces-data.openaddresses.io/runs/2026-07-18-13-32-19/output/big_lots_us.geojson
Big O Tires,bigotires.ca,ca,big_o_tires_ca,https://alltheplaces.xyz/spiders.html?page_length=-1&num_runs=1,8,,https://alltheplaces-data.openaddresses.io/runs/2026-07-18-13-32-19/output/big_o_tires_ca.geojson
Big O Tires,bigotires.com,us,big_o_tires_us,https://alltheplaces.xyz/spiders.html?page_length=-1&num_runs=1,473,Franchise,https://alltheplaces-data.openaddresses.io/runs/2026-07-18-13-32-19/output/big_o_tires_us.geojson
Big W,bigw.com.au,au,big_w_au,https://alltheplaces.xyz/spiders.html?page_length=-1&num_runs=1,178,,https://alltheplaces-data.openaddresses.io/runs/2026-07-18-13-32-19/output/big_w_au.geojson
Bi Mart,bimart.com,us,bi_mart_us,https://alltheplaces.xyz/spiders.html?page_length=-1&num_runs=1,80,,https://alltheplaces-data.openaddresses.io/runs/2026-07-18-13-32-19/output/bi_mart_us.geojson
Bing Lee,binglee.com.au,au,bing_lee_au,https://alltheplaces.xyz/spiders.html?page_length=-1&num_runs=1,,,https://alltheplaces-data.openaddresses.io/runs/2026-07-18-13-32-19/output/bing_lee_au.geojson
Binnys,binnys.com,us,binnys_us,https://alltheplaces.xyz/spiders.html?page_length=-1&num_runs=1,46,,https://alltheplaces-data.openaddresses.io/runs/2026-07-18-13-32-19/output/binnys_us.geojson
Bioped,bioped.ca,ca,bioped_ca,https://alltheplaces.xyz/spiders.html?page_length=-1&num_runs=1,102,,https://alltheplaces-data.openaddresses.io/runs/2026-07-18-13-32-19/output/bioped_ca.geojson
Bjs Wholesale,bjs.com,,bjs_wholesale,https://alltheplaces.xyz/spiders.html?page_length=-1&num_runs=1,272,,https://alltheplaces-data.openaddresses.io/runs/2026-07-18-13-32-19/output/bjs_wholesale.geojson
Burger King,bk.com,,burger_king,https://alltheplaces.xyz/spiders.html?page_length=-1&num_runs=1,"9,696",,https://alltheplaces-data.openaddresses.io/runs/2026-07-18-13-32-19/output/burger_king.geojson
Black Bear Diner,blackbeardiner.com,us,black_bear_diner_us,https://alltheplaces.xyz/spiders.html?page_length=-1&num_runs=1,172,Franchise,https://alltheplaces-data.openaddresses.io/runs/2026-07-18-13-32-19/output/black_bear_diner_us.geojson
Black Sheep Coffee,blacksheepcoffee.co.uk,,black_sheep_coffee,https://alltheplaces.xyz/spiders.html?page_length=-1&num_runs=1,12,,https://alltheplaces-data.openaddresses.io/runs/2026-07-18-13-32-19/output/black_sheep_coffee.geojson
Blaze Pizza,blazepizza.com,,blaze_pizza,https://alltheplaces.xyz/spiders.html?page_length=-1&num_runs=1,231,Franchise,https://alltheplaces-data.openaddresses.io/runs/2026-07-18-13-32-19/output/blaze_pizza.geojson
Builders Firstsource,bldr.com,us,builders_firstsource_us,https://alltheplaces.xyz/spiders.html?page_length=-1&num_runs=1,603,,https://alltheplaces-data.openaddresses.io/runs/2026-07-18-13-32-19/output/builders_firstsource_us.geojson
Bluepearl Pet Hospital,bluepearlvet.com,us,bluepearl_pet_hospital_us,https://alltheplaces.xyz/spiders.html?page_length=-1&num_runs=1,91,,https://alltheplaces-data.openaddresses.io/runs/2026-07-18-13-32-19/output/bluepearl_pet_hospital_us.geojson
Bmo,bmo.com,ca,bmo_ca,https://alltheplaces.xyz/spiders.html?page_length=-1&num_runs=1,"2,877",,https://alltheplaces-data.openaddresses.io/runs/2026-07-18-13-32-19/output/bmo_ca.geojson
BMO,bmo.com,us,bmo_us,https://alltheplaces.xyz/spiders.html?page_length=-1&num_runs=1,"45,741",,https://alltheplaces-data.openaddresses.io/runs/2026-07-18-13-32-19/output/bmo_us.geojson
Bmw Group,bmw.com,,bmw_group,https://alltheplaces.xyz/spiders.html?page_length=-1&num_runs=1,"14,264",,https://alltheplaces-data.openaddresses.io/runs/2026-07-18-13-32-19/output/bmw_group.geojson
Banco Nacion,bna.com.ar,ar,banco_nacion_ar,https://alltheplaces.xyz/spiders.html?page_length=-1&num_runs=1,"1,027",,https://alltheplaces-data.openaddresses.io/runs/2026-07-18-13-32-19/output/banco_nacion_ar.geojson
Bob Jane Tmarts,bobjane.com.au,au,bob_jane_tmarts_au,https://alltheplaces.xyz/spiders.html?page_length=-1&num_runs=1,135,,https://alltheplaces-data.openaddresses.io/runs/2026-07-18-13-32-19/output/bob_jane_tmarts_au.geojson
Boconcept,boconcept.com,,boconcept,https://alltheplaces.xyz/spiders.html?page_length=-1&num_runs=1,274,,https://alltheplaces-data.openaddresses.io/runs/2026-07-18-13-32-19/output/boconcept.geojson
Bodystreet,bodystreet.us,,bodystreet,https://alltheplaces.xyz/spiders.html?page_length=-1&num_runs=1,216,,https://alltheplaces-data.openaddresses.io/runs/2026-07-18-13-32-19/output/bodystreet.geojson
Bank Of Hawaii,boh.com,us,bank_of_hawaii_us,https://alltheplaces.xyz/spiders.html?page_length=-1&num_runs=1,311,,https://alltheplaces-data.openaddresses.io/runs/2026-07-18-13-32-19/output/bank_of_hawaii_us.geojson
Bojangles,bojanges.com,,bojangles,https://alltheplaces.xyz/spiders.html?page_length=-1&num_runs=1,884,Franchise,https://alltheplaces-data.openaddresses.io/runs/2026-07-18-13-32-19/output/bojangles.geojson
Bonchon,bonchon.com,us,bonchon_us,https://alltheplaces.xyz/spiders.html?page_length=-1&num_runs=1,157,Franchise,https://alltheplaces-data.openaddresses.io/runs/2026-07-18-13-32-19/output/bonchon_us.geojson
Bonefish Grill,bonefishgrill.com,,bonefish_grill,https://alltheplaces.xyz/spiders.html?page_length=-1&num_runs=1,157,Franchise,https://alltheplaces-data.openaddresses.io/runs/2026-07-18-13-32-19/output/bonefish_grill.geojson
Boost Mobile,boostmobile.com,us,boost_mobile_us,https://alltheplaces.xyz/spiders.html?page_length=-1&num_runs=1,"3,336",,https://alltheplaces-data.openaddresses.io/runs/2026-07-18-13-32-19/output/boost_mobile_us.geojson
Boot Barn,bootbarn.com,us,boot_barn_us,https://alltheplaces.xyz/spiders.html?page_length=-1&num_runs=1,,,https://alltheplaces-data.openaddresses.io/runs/2026-07-18-13-32-19/output/boot_barn_us.geojson
Boscovs,boscovs.com,us,boscovs_us,https://alltheplaces.xyz/spiders.html?page_length=-1&num_runs=1,52,,https://alltheplaces-data.openaddresses.io/runs/2026-07-18-13-32-19/output/boscovs_us.geojson
Boston Market,bostonmarket.com,us,boston_market_us,https://alltheplaces.xyz/spiders.html?page_length=-1&num_runs=1,6,,https://alltheplaces-data.openaddresses.io/runs/2026-07-18-13-32-19/output/boston_market_us.geojson
Boston Pizza,bostons.com,,boston_pizza,https://alltheplaces.xyz/spiders.html?page_length=-1&num_runs=1,374,Franchise,https://alltheplaces-data.openaddresses.io/runs/2026-07-18-13-32-19/output/boston_pizza.geojson
Bottega Veneta,bottegaveneta.com,,bottega_veneta,https://alltheplaces.xyz/spiders.html?page_length=-1&num_runs=1,330,,https://alltheplaces-data.openaddresses.io/runs/2026-07-18-13-32-19/output/bottega_veneta.geojson
BP Pulse,bppulse.co.uk,gb,bp_pulse_gb,https://alltheplaces.xyz/spiders.html?page_length=-1&num_runs=1,"1,555",,https://alltheplaces-data.openaddresses.io/runs/2026-07-18-13-32-19/output/bp_pulse_gb.geojson
Brandy Melville,brandymelville.com,,brandy_melville,https://alltheplaces.xyz/spiders.html?page_length=-1&num_runs=1,99,,https://alltheplaces-data.openaddresses.io/runs/2026-07-18-13-32-19/output/brandy_melville.geojson
Brewdog,brewdog.com,,brewdog,https://alltheplaces.xyz/spiders.html?page_length=-1&num_runs=1,7,Franchise,https://alltheplaces-data.openaddresses.io/runs/2026-07-18-13-32-19/output/brewdog.geojson
Bricks & Minifigs,bricksandminifigs.com,,bricks_and_minifigs,https://alltheplaces.xyz/spiders.html?page_length=-1&num_runs=1,268,Franchise,https://alltheplaces-data.openaddresses.io/runs/2026-07-18-13-32-19/output/bricks_and_minifigs.geojson
Brookdale,brookdale.com,us,brookdale_us,https://alltheplaces.xyz/spiders.html?page_length=-1&num_runs=1,544,,https://alltheplaces-data.openaddresses.io/runs/2026-07-18-13-32-19/output/brookdale_us.geojson
Brooks Brothers,brooksbrothers.com,us,brooks_brothers_us,https://alltheplaces.xyz/spiders.html?page_length=-1&num_runs=1,138,,https://alltheplaces-data.openaddresses.io/runs/2026-07-18-13-32-19/output/brooks_brothers_us.geojson
Brookshires,brookshires.com,us,brookshires_us,https://alltheplaces.xyz/spiders.html?page_length=-1&num_runs=1,107,,https://alltheplaces-data.openaddresses.io/runs/2026-07-18-13-32-19/output/brookshires_us.geojson
Brow Art 23,browart23.com,us,brow_art_23_us,https://alltheplaces.xyz/spiders.html?page_length=-1&num_runs=1,110,,https://alltheplaces-data.openaddresses.io/runs/2026-07-18-13-32-19/output/brow_art_23_us.geojson
Brueggers,brueggers.com,,brueggers,https://alltheplaces.xyz/spiders.html?page_length=-1&num_runs=1,157,Franchise,https://alltheplaces-data.openaddresses.io/runs/2026-07-18-13-32-19/output/brueggers.geojson
Bubbakoos Burritos,bubbakoos.com,us,bubbakoos_burritos_us,https://alltheplaces.xyz/spiders.html?page_length=-1&num_runs=1,132,Franchise,https://alltheplaces-data.openaddresses.io/runs/2026-07-18-13-32-19/output/bubbakoos_burritos_us.geojson
Bucees,buc-ees.com,us,bucees_us,https://alltheplaces.xyz/spiders.html?page_length=-1&num_runs=1,50,,https://alltheplaces-data.openaddresses.io/runs/2026-07-18-13-32-19/output/bucees_us.geojson
Buckle,buckle.com,us,buckle_us,https://alltheplaces.xyz/spiders.html?page_length=-1&num_runs=1,447,,https://alltheplaces-data.openaddresses.io/runs/2026-07-18-13-32-19/output/buckle_us.geojson
Buffalo Exchange,buffaloexchange.com,us,buffalo_exchange_us,https://alltheplaces.xyz/spiders.html?page_length=-1&num_runs=1,43,,https://alltheplaces-data.openaddresses.io/runs/2026-07-18-13-32-19/output/buffalo_exchange_us.geojson
Buffalo Wild Wings,buffalowildwings.com,us,buffalo_wild_wings_us,https://alltheplaces.xyz/spiders.html?page_length=-1&num_runs=1,"1,407",Franchise,https://alltheplaces-data.openaddresses.io/runs/2026-07-18-13-32-19/output/buffalo_wild_wings_us.geojson
Bvlgari,bulgari.com,,bvlgari,https://alltheplaces.xyz/spiders.html?page_length=-1&num_runs=1,2,,https://alltheplaces-data.openaddresses.io/runs/2026-07-18-13-32-19/output/bvlgari.geojson
Burberry,burberry.com,,burberry,https://alltheplaces.xyz/spiders.html?page_length=-1&num_runs=1,469,,https://alltheplaces-data.openaddresses.io/runs/2026-07-18-13-32-19/output/burberry.geojson
Burgerfi,burgerfi.com,us,burgerfi_us,https://alltheplaces.xyz/spiders.html?page_length=-1&num_runs=1,66,Franchise,https://alltheplaces-data.openaddresses.io/runs/2026-07-18-13-32-19/output/burgerfi_us.geojson
Burlington,burlington.com,us,burlington_us,https://alltheplaces.xyz/spiders.html?page_length=-1&num_runs=1,592,,https://alltheplaces-data.openaddresses.io/runs/2026-07-18-13-32-19/output/burlington_us.geojson
Busy Beaver,busybeaver.com,us,busy_beaver_us,https://alltheplaces.xyz/spiders.html?page_length=-1&num_runs=1,19,,https://alltheplaces-data.openaddresses.io/runs/2026-07-18-13-32-19/output/busy_beaver_us.geojson
Woops,bywoops.com,us,woops_us,https://alltheplaces.xyz/spiders.html?page_length=-1&num_runs=1,22,Franchise,https://alltheplaces-data.openaddresses.io/runs/2026-07-18-13-32-19/output/woops_us.geojson
Cadence Bank,cadencebank.com,us,cadence_bank_us,https://alltheplaces.xyz/spiders.html?page_length=-1&num_runs=1,,,https://alltheplaces-data.openaddresses.io/runs/2026-07-18-13-32-19/output/cadence_bank_us.geojson
Caliber Collision,caliber.com,us,caliber_collision_us,https://alltheplaces.xyz/spiders.html?page_length=-1&num_runs=1,"2,952",,https://alltheplaces-data.openaddresses.io/runs/2026-07-18-13-32-19/output/caliber_collision_us.geojson
California Closets,californiaclosets.com,,california_closets,https://alltheplaces.xyz/spiders.html?page_length=-1&num_runs=1,147,Franchise,https://alltheplaces-data.openaddresses.io/runs/2026-07-18-13-32-19/output/california_closets.geojson
Calvin Klein,calvinklein.ca,ca,calvin_klein_ca,https://alltheplaces.xyz/spiders.html?page_length=-1&num_runs=1,17,,https://alltheplaces-data.openaddresses.io/runs/2026-07-18-13-32-19/output/calvin_klein_ca.geojson
Calvin Klein,calvinklein.com,us,calvin_klein_us,https://alltheplaces.xyz/spiders.html?page_length=-1&num_runs=1,115,,https://alltheplaces-data.openaddresses.io/runs/2026-07-18-13-32-19/output/calvin_klein_us.geojson
Calvin Klein,calvinklein.com.au,au,calvin_klein_au,https://alltheplaces.xyz/spiders.html?page_length=-1&num_runs=1,37,,https://alltheplaces-data.openaddresses.io/runs/2026-07-18-13-32-19/output/calvin_klein_au.geojson
Calvin Klein,calvinklein.us,,calvin_klein,https://alltheplaces.xyz/spiders.html?page_length=-1&num_runs=1,183,,https://alltheplaces-data.openaddresses.io/runs/2026-07-18-13-32-19/output/calvin_klein.geojson
Calzedonia,calzedonia.com,,calzedonia,https://alltheplaces.xyz/spiders.html?page_length=-1&num_runs=1,"1,957",,https://alltheplaces-data.openaddresses.io/runs/2026-07-18-13-32-19/output/calzedonia.geojson
Camille La Vie,camillelavie.com,us,camille_la_vie_us,https://alltheplaces.xyz/spiders.html?page_length=-1&num_runs=1,,,https://alltheplaces-data.openaddresses.io/runs/2026-07-18-13-32-19/output/camille_la_vie_us.geojson
Camp Bow Wow,campbowwow.com,,camp_bow_wow,https://alltheplaces.xyz/spiders.html?page_length=-1&num_runs=1,232,Franchise,https://alltheplaces-data.openaddresses.io/runs/2026-07-18-13-32-19/output/camp_bow_wow.geojson
Camping World,campingworld.com,us,camping_world_us,https://alltheplaces.xyz/spiders.html?page_length=-1&num_runs=1,199,,https://alltheplaces-data.openaddresses.io/runs/2026-07-18-13-32-19/output/camping_world_us.geojson
Canadian Tire,canadiantire.ca,ca,canadian_tire_ca,https://alltheplaces.xyz/spiders.html?page_length=-1&num_runs=1,782,,https://alltheplaces-data.openaddresses.io/runs/2026-07-18-13-32-19/output/canadian_tire_ca.geojson
Captain Ds,captainds.com,us,captain_d_us,https://alltheplaces.xyz/spiders.html?page_length=-1&num_runs=1,494,Franchise,https://alltheplaces-data.openaddresses.io/runs/2026-07-18-13-32-19/output/captain_d_us.geojson
Captain Jays,captainjays.net,us,captain_jays_us,https://alltheplaces.xyz/spiders.html?page_length=-1&num_runs=1,31,,https://alltheplaces-data.openaddresses.io/runs/2026-07-18-13-32-19/output/captain_jays_us.geojson
Carbon Health,carbonhealth.com,us,carbon_health_us,https://alltheplaces.xyz/spiders.html?page_length=-1&num_runs=1,81,,https://alltheplaces-data.openaddresses.io/runs/2026-07-18-13-32-19/output/carbon_health_us.geojson
Carhartt,carhartt-wip.com,,carhartt,https://alltheplaces.xyz/spiders.html?page_length=-1&num_runs=1,71,,https://alltheplaces-data.openaddresses.io/runs/2026-07-18-13-32-19/output/carhartt.geojson
Carhartt Wip,carhartt-wip.com,,carhartt_wip,https://alltheplaces.xyz/spiders.html?page_length=-1&num_runs=1,97,,https://alltheplaces-data.openaddresses.io/runs/2026-07-18-13-32-19/output/carhartt_wip.geojson
Caribou Coffee,cariboucoffee.com,us,caribou_coffee_us,https://alltheplaces.xyz/spiders.html?page_length=-1&num_runs=1,490,Franchise,https://alltheplaces-data.openaddresses.io/runs/2026-07-18-13-32-19/output/caribou_coffee_us.geojson
Carls Jr,carlsjr.com,us,carls_jr_us,https://alltheplaces.xyz/spiders.html?page_length=-1&num_runs=1,967,Franchise,https://alltheplaces-data.openaddresses.io/runs/2026-07-18-13-32-19/output/carls_jr_us.geojson
Carls Jr,carlsjr.com.au,au,carls_jr_au,https://alltheplaces.xyz/spiders.html?page_length=-1&num_runs=1,27,,https://alltheplaces-data.openaddresses.io/runs/2026-07-18-13-32-19/output/carls_jr_au.geojson
Car Mart,car-mart.com,us,car_mart_us,https://alltheplaces.xyz/spiders.html?page_length=-1&num_runs=1,102,,https://alltheplaces-data.openaddresses.io/runs/2026-07-18-13-32-19/output/car_mart_us.geojson
Car Max,carmax.com,us,car_max_us,https://alltheplaces.xyz/spiders.html?page_length=-1&num_runs=1,261,,https://alltheplaces-data.openaddresses.io/runs/2026-07-18-13-32-19/output/car_max_us.geojson
Carrabbas Italian Grill,carrabbas.com,,carrabbas_italian_grill,https://alltheplaces.xyz/spiders.html?page_length=-1&num_runs=1,203,Franchise,https://alltheplaces-data.openaddresses.io/runs/2026-07-18-13-32-19/output/carrabbas_italian_grill.geojson
Carre Blanc,carreblanc.ca,,carre_blanc,https://alltheplaces.xyz/spiders.html?page_length=-1&num_runs=1,126,,https://alltheplaces-data.openaddresses.io/runs/2026-07-18-13-32-19/output/carre_blanc.geojson
Cbre,cbre.com,,cbre,https://alltheplaces.xyz/spiders.html?page_length=-1&num_runs=1,279,,https://alltheplaces-data.openaddresses.io/runs/2026-07-18-13-32-19/output/cbre.geojson
Verizon,cellularsales.com,us,verizon_us,https://alltheplaces.xyz/spiders.html?page_length=-1&num_runs=1,"4,276",,https://alltheplaces-data.openaddresses.io/runs/2026-07-18-13-32-19/output/verizon_us.geojson
Cenex,centex.com,,cenex,https://alltheplaces.xyz/spiders.html?page_length=-1&num_runs=1,"1,478",Franchise,https://alltheplaces-data.openaddresses.io/runs/2026-07-18-13-32-19/output/cenex.geojson
Century 21,century21.com,us,century_21_us,https://alltheplaces.xyz/spiders.html?page_length=-1&num_runs=1,"1,658",Franchise,https://alltheplaces-data.openaddresses.io/runs/2026-07-18-13-32-19/output/century_21_us.geojson
Charge Place Scotland,chargeplacescotland.org,gb,charge_place_scotland_gb,https://alltheplaces.xyz/spiders.html?page_length=-1&num_runs=1,"1,887",,https://alltheplaces-data.openaddresses.io/runs/2026-07-18-13-32-19/output/charge_place_scotland_gb.geojson
Charleys Philly Steaks,charleys.com,,charleys_philly_steaks,https://alltheplaces.xyz/spiders.html?page_length=-1&num_runs=1,914,Franchise,https://alltheplaces-data.openaddresses.io/runs/2026-07-18-13-32-19/output/charleys_philly_steaks.geojson
Charlotte Russe,charlotterusse.com,us,charlotte_russe_us,https://alltheplaces.xyz/spiders.html?page_length=-1&num_runs=1,199,,https://alltheplaces-data.openaddresses.io/runs/2026-07-18-13-32-19/output/charlotte_russe_us.geojson
Chase Bank,chase.com,us,chase_us,https://alltheplaces.xyz/spiders.html?page_length=-1&num_runs=1,"3,687",,https://alltheplaces-data.openaddresses.io/runs/2026-07-18-13-32-19/output/chase_us.geojson
Checkers & Rallys,checkersandrallys.com,us,checkers_and_rallys_us,https://alltheplaces.xyz/spiders.html?page_length=-1&num_runs=1,687,Franchise,https://alltheplaces-data.openaddresses.io/runs/2026-07-18-13-32-19/output/checkers_and_rallys_us.geojson
Check n Go,checkngo.com,us,check_n_go_us,https://alltheplaces.xyz/spiders.html?page_length=-1&num_runs=1,282,,https://alltheplaces-data.openaddresses.io/runs/2026-07-18-13-32-19/output/check_n_go_us.geojson
Chemist Warehouse,chemistwarehouse.com.au,au,chemist_warehouse_au,https://alltheplaces.xyz/spiders.html?page_length=-1&num_runs=1,546,,https://alltheplaces-data.openaddresses.io/runs/2026-07-18-13-32-19/output/chemist_warehouse_au.geojson
Chevrolet,chevrolet.com,us,chevrolet_pr_us,https://alltheplaces.xyz/spiders.html?page_length=-1&num_runs=1,"2,857",Dealer,https://alltheplaces-data.openaddresses.io/runs/2026-07-18-13-32-19/output/chevrolet_pr_us.geojson
Chevron,chevronwithtechron.com,us,chevron_us,https://alltheplaces.xyz/spiders.html?page_length=-1&num_runs=1,"16,912",,https://alltheplaces-data.openaddresses.io/runs/2026-07-18-13-32-19/output/chevron_us.geojson
Chicken Cottage,chickencottage.co.uk,gb,chicken_cottage_gb,https://alltheplaces.xyz/spiders.html?page_length=-1&num_runs=1,71,,https://alltheplaces-data.openaddresses.io/runs/2026-07-18-13-32-19/output/chicken_cottage_gb.geojson
Chick Fil A,chick-fil-a.com,,chick_fil_a,https://alltheplaces.xyz/spiders.html?page_length=-1&num_runs=1,"3,433",Franchise,https://alltheplaces-data.openaddresses.io/runs/2026-07-18-13-32-19/output/chick_fil_a.geojson
Chicos,chicos.com,,chicos,https://alltheplaces.xyz/spiders.html?page_length=-1&num_runs=1,"1,112",,https://alltheplaces-data.openaddresses.io/runs/2026-07-18-13-32-19/output/chicos.geojson
Childcare Network,childcarenetwork.com,us,childcare_network_us,https://alltheplaces.xyz/spiders.html?page_length=-1&num_runs=1,221,,https://alltheplaces-data.openaddresses.io/runs/2026-07-18-13-32-19/output/childcare_network_us.geojson
Chilis,chilis.com,,chilis,https://alltheplaces.xyz/spiders.html?page_length=-1&num_runs=1,"1,212",Franchise,https://alltheplaces-data.openaddresses.io/runs/2026-07-18-13-32-19/output/chilis.geojson
Chipotle,chipotle.com,,chipotle,https://alltheplaces.xyz/spiders.html?page_length=-1&num_runs=1,"4,241",,https://alltheplaces-data.openaddresses.io/runs/2026-07-18-13-32-19/output/chipotle.geojson
Choice Hotels,choicehotels.com,,choice_hotels,https://alltheplaces.xyz/spiders.html?page_length=-1&num_runs=1,"6,060",Franchise,https://alltheplaces-data.openaddresses.io/runs/2026-07-18-13-32-19/output/choice_hotels.geojson
Church Of Scotland,churchofscotland.org.uk,gb,church_of_scotland_gb,https://alltheplaces.xyz/spiders.html?page_length=-1&num_runs=1,,,https://alltheplaces-data.openaddresses.io/runs/2026-07-18-13-32-19/output/church_of_scotland_gb.geojson
Churchs Chicken,churchs.com,us,churchs_chicken_us,https://alltheplaces.xyz/spiders.html?page_length=-1&num_runs=1,770,Franchise,https://alltheplaces-data.openaddresses.io/runs/2026-07-18-13-32-19/output/churchs_chicken_us.geojson
Cibc,cibc.com,ca,cibc_ca,https://alltheplaces.xyz/spiders.html?page_length=-1&num_runs=1,987,,https://alltheplaces-data.openaddresses.io/runs/2026-07-18-13-32-19/output/cibc_ca.geojson
Cinemark,cinemark.com,,cinemark,https://alltheplaces.xyz/spiders.html?page_length=-1&num_runs=1,307,,https://alltheplaces-data.openaddresses.io/runs/2026-07-18-13-32-19/output/cinemark.geojson
Cinnabon,cinnabon.com,us,cinnabon_us,https://alltheplaces.xyz/spiders.html?page_length=-1&num_runs=1,"1,177",Franchise,https://alltheplaces-data.openaddresses.io/runs/2026-07-18-13-32-19/output/cinnabon_us.geojson
Cinnaholic,cinnaholic.com,us,cinnaholic_us,https://alltheplaces.xyz/spiders.html?page_length=-1&num_runs=1,75,Franchise,https://alltheplaces-data.openaddresses.io/runs/2026-07-18-13-32-19/output/cinnaholic_us.geojson
Circle K,circlek.com,,circle_k,https://alltheplaces.xyz/spiders.html?page_length=-1&num_runs=1,"6,027",Franchise,https://alltheplaces-data.openaddresses.io/runs/2026-07-18-13-32-19/output/circle_k.geojson
Circle K Ireland,circlek.ie,,circle_k_ireland,https://alltheplaces.xyz/spiders.html?page_length=-1&num_runs=1,418,,https://alltheplaces-data.openaddresses.io/runs/2026-07-18-13-32-19/output/circle_k_ireland.geojson
Citi Bank,citibank.com,,citi,https://alltheplaces.xyz/spiders.html?page_length=-1&num_runs=1,"62,121",,https://alltheplaces-data.openaddresses.io/runs/2026-07-18-13-32-19/output/citi.geojson
Citi Trends,cititrends.com,,citi_trends,https://alltheplaces.xyz/spiders.html?page_length=-1&num_runs=1,595,,https://alltheplaces-data.openaddresses.io/runs/2026-07-18-13-32-19/output/citi_trends.geojson
City Electric Supply,cityelectricsupply.com,,city_electric_supply,https://alltheplaces.xyz/spiders.html?page_length=-1&num_runs=1,84,,https://alltheplaces-data.openaddresses.io/runs/2026-07-18-13-32-19/output/city_electric_supply.geojson
Claires,claires.com,,claires,https://alltheplaces.xyz/spiders.html?page_length=-1&num_runs=1,890,,https://alltheplaces-data.openaddresses.io/runs/2026-07-18-13-32-19/output/claires.geojson
Clean Eatz,cleaneatz.com,us,clean_eatz_us,https://alltheplaces.xyz/spiders.html?page_length=-1&num_runs=1,115,Franchise,https://alltheplaces-data.openaddresses.io/runs/2026-07-18-13-32-19/output/clean_eatz_us.geojson
Clean Harbors,cleanharbors.com,,clean_harbors,https://alltheplaces.xyz/spiders.html?page_length=-1&num_runs=1,201,,https://alltheplaces-data.openaddresses.io/runs/2026-07-18-13-32-19/output/clean_harbors.geojson
Clever Fit,clever-fit.com,,clever_fit,https://alltheplaces.xyz/spiders.html?page_length=-1&num_runs=1,481,,https://alltheplaces-data.openaddresses.io/runs/2026-07-18-13-32-19/output/clever_fit.geojson
Clicks,clicks.com,,clicks,https://alltheplaces.xyz/spiders.html?page_length=-1&num_runs=1,"1,028",,https://alltheplaces-data.openaddresses.io/runs/2026-07-18-13-32-19/output/clicks.geojson
Coach,coach.com,us,coach_us,https://alltheplaces.xyz/spiders.html?page_length=-1&num_runs=1,319,,https://alltheplaces-data.openaddresses.io/runs/2026-07-18-13-32-19/output/coach_us.geojson
Coach,coach.com,,coach,https://alltheplaces.xyz/spiders.html?page_length=-1&num_runs=1,48,,https://alltheplaces-data.openaddresses.io/runs/2026-07-18-13-32-19/output/coach.geojson
The Coffee Bean & Tea Leaf,coffeebean.com,us,the_coffee_bean_and_tea_leaf_pa_py_us,https://alltheplaces.xyz/spiders.html?page_length=-1&num_runs=1,192,Franchise,https://alltheplaces-data.openaddresses.io/runs/2026-07-18-13-32-19/output/the_coffee_bean_and_tea_leaf_pa_py_us.geojson
Coffee Time,coffeetimepdx.ca,ca,coffee_time_ca,https://alltheplaces.xyz/spiders.html?page_length=-1&num_runs=1,30,,https://alltheplaces-data.openaddresses.io/runs/2026-07-18-13-32-19/output/coffee_time_ca.geojson
Coinstar,coinstar.com,,coinstar,https://alltheplaces.xyz/spiders.html?page_length=-1&num_runs=1,"24,779",,https://alltheplaces-data.openaddresses.io/runs/2026-07-18-13-32-19/output/coinstar.geojson
Coldstone Creamery,coldstonecreamery.com,,coldstone_creamery,https://alltheplaces.xyz/spiders.html?page_length=-1&num_runs=1,"1,131",Franchise,https://alltheplaces-data.openaddresses.io/runs/2026-07-18-13-32-19/output/coldstone_creamery.geojson
Coldwell Banker,coldwellbanker.com,us,coldwell_banker_us,https://alltheplaces.xyz/spiders.html?page_length=-1&num_runs=1,"1,834",Franchise,https://alltheplaces-data.openaddresses.io/runs/2026-07-18-13-32-19/output/coldwell_banker_us.geojson
Colruyt,colruyt.be,,colruyt,https://alltheplaces.xyz/spiders.html?page_length=-1&num_runs=1,273,,https://alltheplaces-data.openaddresses.io/runs/2026-07-18-13-32-19/output/colruyt.geojson
Columbia,columbia.com,us,columbia_us,https://alltheplaces.xyz/spiders.html?page_length=-1&num_runs=1,182,,https://alltheplaces-data.openaddresses.io/runs/2026-07-18-13-32-19/output/columbia_us.geojson
Commercial Tire,commercialtire.com,us,commercial_tire_us,https://alltheplaces.xyz/spiders.html?page_length=-1&num_runs=1,48,,https://alltheplaces-data.openaddresses.io/runs/2026-07-18-13-32-19/output/commercial_tire_us.geojson
Complete Cash,completecash.net,us,complete_cash_us,https://alltheplaces.xyz/spiders.html?page_length=-1&num_runs=1,18,,https://alltheplaces-data.openaddresses.io/runs/2026-07-18-13-32-19/output/complete_cash_us.geojson
Completude,completude.com,,completude,https://alltheplaces.xyz/spiders.html?page_length=-1&num_runs=1,47,,https://alltheplaces-data.openaddresses.io/runs/2026-07-18-13-32-19/output/completude.geojson
Concentra,concentra.com,us,concentra_us,https://alltheplaces.xyz/spiders.html?page_length=-1&num_runs=1,580,,https://alltheplaces-data.openaddresses.io/runs/2026-07-18-13-32-19/output/concentra_us.geojson
Cookies By Design,cookiesbydesign.com,us,cookies_by_design_us,https://alltheplaces.xyz/spiders.html?page_length=-1&num_runs=1,19,Franchise,https://alltheplaces-data.openaddresses.io/runs/2026-07-18-13-32-19/output/cookies_by_design_us.geojson
Cookout,cookout.com,us,cookout_us,https://alltheplaces.xyz/spiders.html?page_length=-1&num_runs=1,367,,https://alltheplaces-data.openaddresses.io/runs/2026-07-18-13-32-19/output/cookout_us.geojson
Corepower Yoga,corepoweryoga.com,us,corepower_yoga_us,https://alltheplaces.xyz/spiders.html?page_length=-1&num_runs=1,240,,https://alltheplaces-data.openaddresses.io/runs/2026-07-18-13-32-19/output/corepower_yoga_us.geojson
Corner Bakery,cornerbakerycafe.com,us,corner_bakery_cafe_us,https://alltheplaces.xyz/spiders.html?page_length=-1&num_runs=1,86,Franchise,https://alltheplaces-data.openaddresses.io/runs/2026-07-18-13-32-19/output/corner_bakery_cafe_us.geojson
Total Energies,corporate.totalenergies.us,,total_energies,https://alltheplaces.xyz/spiders.html?page_length=-1&num_runs=1,"29,421",,https://alltheplaces-data.openaddresses.io/runs/2026-07-18-13-32-19/output/total_energies.geojson
Costco,costco.com,us,costco_ca_gb_us,https://alltheplaces.xyz/spiders.html?page_length=-1&num_runs=1,798,,https://alltheplaces-data.openaddresses.io/runs/2026-07-18-13-32-19/output/costco_ca_gb_us.geojson
Costco,costco.com.au,au,costco_au,https://alltheplaces.xyz/spiders.html?page_length=-1&num_runs=1,29,,https://alltheplaces-data.openaddresses.io/runs/2026-07-18-13-32-19/output/costco_au.geojson
Cotswold Outdoor,cotswoldoutdoor.co.uk,gb,cotswold_outdoor_gb,https://alltheplaces.xyz/spiders.html?page_length=-1&num_runs=1,60,,https://alltheplaces-data.openaddresses.io/runs/2026-07-18-13-32-19/output/cotswold_outdoor_gb.geojson
Cousins Subs,cousinssubs.com,us,cousins_subs_us,https://alltheplaces.xyz/spiders.html?page_length=-1&num_runs=1,92,Franchise,https://alltheplaces-data.openaddresses.io/runs/2026-07-18-13-32-19/output/cousins_subs_us.geojson
Coventry Building Society,coventrybuildingsociety.co.uk,gb,coventry_building_society_gb,https://alltheplaces.xyz/spiders.html?page_length=-1&num_runs=1,81,,https://alltheplaces-data.openaddresses.io/runs/2026-07-18-13-32-19/output/coventry_building_society_gb.geojson
Cox Health,coxhealth.com,,cox_health,https://alltheplaces.xyz/spiders.html?page_length=-1&num_runs=1,220,,https://alltheplaces-data.openaddresses.io/runs/2026-07-18-13-32-19/output/cox_health.geojson
California Pizza Kitchen,cpk.com,,california_pizza_kitchen,https://alltheplaces.xyz/spiders.html?page_length=-1&num_runs=1,107,Franchise,https://alltheplaces-data.openaddresses.io/runs/2026-07-18-13-32-19/output/california_pizza_kitchen.geojson
Crateandbarrel,crateandbarrel.com,,crateandbarrel,https://alltheplaces.xyz/spiders.html?page_length=-1&num_runs=1,,,https://alltheplaces-data.openaddresses.io/runs/2026-07-18-13-32-19/output/crateandbarrel.geojson
Credicoop,credi.coop,ar,credicoop_ar,https://alltheplaces.xyz/spiders.html?page_length=-1&num_runs=1,941,,https://alltheplaces-data.openaddresses.io/runs/2026-07-18-13-32-19/output/credicoop_ar.geojson
Credit Cooperatif,credit-cooperatif.coop,,credit_cooperatif,https://alltheplaces.xyz/spiders.html?page_length=-1&num_runs=1,66,,https://alltheplaces-data.openaddresses.io/runs/2026-07-18-13-32-19/output/credit_cooperatif.geojson
Cricket Wireless,cricketwireless.com,,cricket_wireless,https://alltheplaces.xyz/spiders.html?page_length=-1&num_runs=1,"3,352",,https://alltheplaces-data.openaddresses.io/runs/2026-07-18-13-32-19/output/cricket_wireless.geojson
Crown Decorating Centres,crowndecoratingcentres.co.uk,gb,crown_decorating_centres_gb,https://alltheplaces.xyz/spiders.html?page_length=-1&num_runs=1,154,,https://alltheplaces-data.openaddresses.io/runs/2026-07-18-13-32-19/output/crown_decorating_centres_gb.geojson
Crumbl Cookies,crumblcookies.com,us,crumbl_cookies_us,https://alltheplaces.xyz/spiders.html?page_length=-1&num_runs=1,923,Franchise,https://alltheplaces-data.openaddresses.io/runs/2026-07-18-13-32-19/output/crumbl_cookies_us.geojson
Crunch Fitness,crunch.com,,crunch_fitness,https://alltheplaces.xyz/spiders.html?page_length=-1&num_runs=1,617,Franchise,https://alltheplaces-data.openaddresses.io/runs/2026-07-18-13-32-19/output/crunch_fitness.geojson
Cube Smart,cubesmart.com,us,cube_smart_us,https://alltheplaces.xyz/spiders.html?page_length=-1&num_runs=1,"1,572",,https://alltheplaces-data.openaddresses.io/runs/2026-07-18-13-32-19/output/cube_smart_us.geojson
Culvers,culvers.com,us,culvers_us,https://alltheplaces.xyz/spiders.html?page_length=-1&num_runs=1,"1,091",Franchise,https://alltheplaces-data.openaddresses.io/runs/2026-07-18-13-32-19/output/culvers_us.geojson
Cumberland Farms,cumberlandfarms.com,us,cumberland_farms_us,https://alltheplaces.xyz/spiders.html?page_length=-1&num_runs=1,150,,https://alltheplaces-data.openaddresses.io/runs/2026-07-18-13-32-19/output/cumberland_farms_us.geojson
Curaleaf,curaleaf.com,us,curaleaf_us,https://alltheplaces.xyz/spiders.html?page_length=-1&num_runs=1,169,,https://alltheplaces-data.openaddresses.io/runs/2026-07-18-13-32-19/output/curaleaf_us.geojson
CVS Pharmacy,cvs.com,us,cvs_us,https://alltheplaces.xyz/spiders.html?page_length=-1&num_runs=1,"8,966",,https://alltheplaces-data.openaddresses.io/runs/2026-07-18-13-32-19/output/cvs_us.geojson
Cyclebar,cyclebar.com,,cyclebar,https://alltheplaces.xyz/spiders.html?page_length=-1&num_runs=1,112,Franchise,https://alltheplaces-data.openaddresses.io/runs/2026-07-18-13-32-19/output/cyclebar.geojson
Dairy Queen,dairyqueen.com,,dairy_queen,https://alltheplaces.xyz/spiders.html?page_length=-1&num_runs=1,"5,359",Franchise,https://alltheplaces-data.openaddresses.io/runs/2026-07-18-13-32-19/output/dairy_queen.geojson
Dan Murphys,danmurphys.com.au,au,dan_murphys_au,https://alltheplaces.xyz/spiders.html?page_length=-1&num_runs=1,291,,https://alltheplaces-data.openaddresses.io/runs/2026-07-18-13-32-19/output/dan_murphys_au.geojson
Jiffy Mart,dashin.com,us,jiffy_mart_us,https://alltheplaces.xyz/spiders.html?page_length=-1&num_runs=1,37,,https://alltheplaces-data.openaddresses.io/runs/2026-07-18-13-32-19/output/jiffy_mart_us.geojson
Daves Hot Chicken,daveshotchicken.com,us,daves_hot_chicken_us,https://alltheplaces.xyz/spiders.html?page_length=-1&num_runs=1,400,Franchise,https://alltheplaces-data.openaddresses.io/runs/2026-07-18-13-32-19/output/daves_hot_chicken_us.geojson
Davids Bridal,davidsbridal.com,us,davids_bridal_us,https://alltheplaces.xyz/spiders.html?page_length=-1&num_runs=1,182,,https://alltheplaces-data.openaddresses.io/runs/2026-07-18-13-32-19/output/davids_bridal_us.geojson
Davids Tea,davidstea.ca,ca,davids_tea_ca,https://alltheplaces.xyz/spiders.html?page_length=-1&num_runs=1,23,,https://alltheplaces-data.openaddresses.io/runs/2026-07-18-13-32-19/output/davids_tea_ca.geojson
Davita,davita.com,us,davita_us,https://alltheplaces.xyz/spiders.html?page_length=-1&num_runs=1,9,,https://alltheplaces-data.openaddresses.io/runs/2026-07-18-13-32-19/output/davita_us.geojson
Daylight Donuts,daylightdonutstopeka.com,us,daylight_donuts_us,https://alltheplaces.xyz/spiders.html?page_length=-1&num_runs=1,310,,https://alltheplaces-data.openaddresses.io/runs/2026-07-18-13-32-19/output/daylight_donuts_us.geojson
Deutsche Bank,db.com,us,deutsche_bank_us,https://alltheplaces.xyz/spiders.html?page_length=-1&num_runs=1,21,,https://alltheplaces-data.openaddresses.io/runs/2026-07-18-13-32-19/output/deutsche_bank_us.geojson
Debra,debra.org,gb,debra_gb,https://alltheplaces.xyz/spiders.html?page_length=-1&num_runs=1,77,,https://alltheplaces-data.openaddresses.io/runs/2026-07-18-13-32-19/output/debra_gb.geojson
Deka Lash,dekalash.com,,deka_lash,https://alltheplaces.xyz/spiders.html?page_length=-1&num_runs=1,86,Franchise,https://alltheplaces-data.openaddresses.io/runs/2026-07-18-13-32-19/output/deka_lash.geojson
Deloitte,deloitte.com,,deloitte,https://alltheplaces.xyz/spiders.html?page_length=-1&num_runs=1,596,,https://alltheplaces-data.openaddresses.io/runs/2026-07-18-13-32-19/output/deloitte.geojson
Del Taco,deltaco.com,us,del_taco_us,https://alltheplaces.xyz/spiders.html?page_length=-1&num_runs=1,557,Franchise,https://alltheplaces-data.openaddresses.io/runs/2026-07-18-13-32-19/output/del_taco_us.geojson
Dennys,dennys.com,us,dennys_us,https://alltheplaces.xyz/spiders.html?page_length=-1&num_runs=1,"1,242",Franchise,https://alltheplaces-data.openaddresses.io/runs/2026-07-18-13-32-19/output/dennys_us.geojson
Depil Tech,depiltech.com,,depil_tech,https://alltheplaces.xyz/spiders.html?page_length=-1&num_runs=1,11,,https://alltheplaces-data.openaddresses.io/runs/2026-07-18-13-32-19/output/depil_tech.geojson
Dhl Express,dhl.co.uk,gb,dhl_express_gb,https://alltheplaces.xyz/spiders.html?page_length=-1&num_runs=1,72,,https://alltheplaces-data.openaddresses.io/runs/2026-07-18-13-32-19/output/dhl_express_gb.geojson
DHL Express,dhl.com,us,dhl_express_us_ca,https://alltheplaces.xyz/spiders.html?page_length=-1&num_runs=1,324,,https://alltheplaces-data.openaddresses.io/runs/2026-07-18-13-32-19/output/dhl_express_us_ca.geojson
Diamond Parking,diamondparking.com,us,diamond_parking_ca_us,https://alltheplaces.xyz/spiders.html?page_length=-1&num_runs=1,"1,042",,https://alltheplaces-data.openaddresses.io/runs/2026-07-18-13-32-19/output/diamond_parking_ca_us.geojson
Dick Blick,dickblick.com,us,dick_blick_us,https://alltheplaces.xyz/spiders.html?page_length=-1&num_runs=1,72,,https://alltheplaces-data.openaddresses.io/runs/2026-07-18-13-32-19/output/dick_blick_us.geojson
Dickeys Barbecue Pit,dickeys.com,,dickeys_barbecue_pit,https://alltheplaces.xyz/spiders.html?page_length=-1&num_runs=1,210,Franchise,https://alltheplaces-data.openaddresses.io/runs/2026-07-18-13-32-19/output/dickeys_barbecue_pit.geojson
Dicks Sporting Goods,dicks.com,,dicks_sporting_goods,https://alltheplaces.xyz/spiders.html?page_length=-1&num_runs=1,779,,https://alltheplaces-data.openaddresses.io/runs/2026-07-18-13-32-19/output/dicks_sporting_goods.geojson
Dierbergs,dierbergs.com,,dierbergs,https://alltheplaces.xyz/spiders.html?page_length=-1&num_runs=1,28,,https://alltheplaces-data.openaddresses.io/runs/2026-07-18-13-32-19/output/dierbergs.geojson
Dillards,dillards.com,,dillards,https://alltheplaces.xyz/spiders.html?page_length=-1&num_runs=1,272,,https://alltheplaces-data.openaddresses.io/runs/2026-07-18-13-32-19/output/dillards.geojson
Disco Argentina,disco.com.ar,,disco_argentina,https://alltheplaces.xyz/spiders.html?page_length=-1&num_runs=1,76,,https://alltheplaces-data.openaddresses.io/runs/2026-07-18-13-32-19/output/disco_argentina.geojson
Disc Replay,discreplay.com,us,disc_replay_us,https://alltheplaces.xyz/spiders.html?page_length=-1&num_runs=1,38,,https://alltheplaces-data.openaddresses.io/runs/2026-07-18-13-32-19/output/disc_replay_us.geojson
Dish,dish.com,,dish,https://alltheplaces.xyz/spiders.html?page_length=-1&num_runs=1,211,,https://alltheplaces-data.openaddresses.io/runs/2026-07-18-13-32-19/output/dish.geojson
Dog Haus,doghaus.com,us,dog_haus_us,https://alltheplaces.xyz/spiders.html?page_length=-1&num_runs=1,62,Franchise,https://alltheplaces-data.openaddresses.io/runs/2026-07-18-13-32-19/output/dog_haus_us.geojson
Dollarama,dollarama.com,,dollarama,https://alltheplaces.xyz/spiders.html?page_length=-1&num_runs=1,"1,744",,https://alltheplaces-data.openaddresses.io/runs/2026-07-18-13-32-19/output/dollarama.geojson
Dollar General,dollargeneral.com,,dollar_general,https://alltheplaces.xyz/spiders.html?page_length=-1&num_runs=1,"20,505",,https://alltheplaces-data.openaddresses.io/runs/2026-07-18-13-32-19/output/dollar_general.geojson
Dollar Tree,dollartree.ca,ca,dollar_tree_ca,https://alltheplaces.xyz/spiders.html?page_length=-1&num_runs=1,,,https://alltheplaces-data.openaddresses.io/runs/2026-07-18-13-32-19/output/dollar_tree_ca.geojson
Dominos Pizza,dominos.ae,ae,dominos_pizza_ae,https://alltheplaces.xyz/spiders.html?page_length=-1&num_runs=1,84,,https://alltheplaces-data.openaddresses.io/runs/2026-07-18-13-32-19/output/dominos_pizza_ae.geojson
Dominos Pizza,dominos.co.uk,gb,dominos_pizza_gb,https://alltheplaces.xyz/spiders.html?page_length=-1&num_runs=1,"1,335",Franchise,https://alltheplaces-data.openaddresses.io/runs/2026-07-18-13-32-19/output/dominos_pizza_gb.geojson
Dominos Pizza,dominos.com,us,dominos_pizza_us,https://alltheplaces.xyz/spiders.html?page_length=-1&num_runs=1,"7,298",Franchise,https://alltheplaces-data.openaddresses.io/runs/2026-07-18-13-32-19/output/dominos_pizza_us.geojson
Dominos Pizza,dominos.com.au,au,dominos_pizza_au,https://alltheplaces.xyz/spiders.html?page_length=-1&num_runs=1,710,Franchise,https://alltheplaces-data.openaddresses.io/runs/2026-07-18-13-32-19/output/dominos_pizza_au.geojson
Dreamland Bbq,dreamlandbbq.com,us,dreamland_bbq_us,https://alltheplaces.xyz/spiders.html?page_length=-1&num_runs=1,10,,https://alltheplaces-data.openaddresses.io/runs/2026-07-18-13-32-19/output/dreamland_bbq_us.geojson
Drummond Golf,drummondgolf.com.au,au,drummond_golf_au,https://alltheplaces.xyz/spiders.html?page_length=-1&num_runs=1,4,,https://alltheplaces-data.openaddresses.io/runs/2026-07-18-13-32-19/output/drummond_golf_au.geojson
Dsw,dsw.com,,dsw,https://alltheplaces.xyz/spiders.html?page_length=-1&num_runs=1,526,,https://alltheplaces-data.openaddresses.io/runs/2026-07-18-13-32-19/output/dsw.geojson
Duluth Trading Company,duluthtrading.com,us,duluth_trading_company_us,https://alltheplaces.xyz/spiders.html?page_length=-1&num_runs=1,66,,https://alltheplaces-data.openaddresses.io/runs/2026-07-18-13-32-19/output/duluth_trading_company_us.geojson
Dune London,dunelondon.com,,dune_london,https://alltheplaces.xyz/spiders.html?page_length=-1&num_runs=1,250,,https://alltheplaces-data.openaddresses.io/runs/2026-07-18-13-32-19/output/dune_london.geojson
Dunhams Sports,dunhamssports.com,us,dunhams_sports_us,https://alltheplaces.xyz/spiders.html?page_length=-1&num_runs=1,268,,https://alltheplaces-data.openaddresses.io/runs/2026-07-18-13-32-19/output/dunhams_sports_us.geojson
Dunkin,dunkin.at,at,dunkin_at,https://alltheplaces.xyz/spiders.html?page_length=-1&num_runs=1,21,,https://alltheplaces-data.openaddresses.io/runs/2026-07-18-13-32-19/output/dunkin_at.geojson
Dunkin Donuts,dunkindonuts.com,us,dunkin_us,https://alltheplaces.xyz/spiders.html?page_length=-1&num_runs=1,"9,783",Franchise,https://alltheplaces-data.openaddresses.io/runs/2026-07-18-13-32-19/output/dunkin_us.geojson
Dunns,dunnbrothers.com,,dunns,https://alltheplaces.xyz/spiders.html?page_length=-1&num_runs=1,206,Franchise,https://alltheplaces-data.openaddresses.io/runs/2026-07-18-13-32-19/output/dunns.geojson
Dunnedwards,dunnedwards.com,us,dunnedwards_us,https://alltheplaces.xyz/spiders.html?page_length=-1&num_runs=1,175,,https://alltheplaces-data.openaddresses.io/runs/2026-07-18-13-32-19/output/dunnedwards_us.geojson
Eb Games,ebgames.com.au,au,eb_games_au,https://alltheplaces.xyz/spiders.html?page_length=-1&num_runs=1,,,https://alltheplaces-data.openaddresses.io/runs/2026-07-18-13-32-19/output/eb_games_au.geojson
Econofitness,econofitness.ca,ca,econofitness_ca,https://alltheplaces.xyz/spiders.html?page_length=-1&num_runs=1,155,,https://alltheplaces-data.openaddresses.io/runs/2026-07-18-13-32-19/output/econofitness_ca.geojson
Edible Arrangements,ediblearrangements.com,us,edible_arrangements_us,https://alltheplaces.xyz/spiders.html?page_length=-1&num_runs=1,566,Franchise,https://alltheplaces-data.openaddresses.io/runs/2026-07-18-13-32-19/output/edible_arrangements_us.geojson
Edward Jones,edwardjones.com,,edward_jones,https://alltheplaces.xyz/spiders.html?page_length=-1&num_runs=1,"6,237",Agent,https://alltheplaces-data.openaddresses.io/runs/2026-07-18-13-32-19/output/edward_jones.geojson
Eg America,eg-america.com,us,eg_america_us,https://alltheplaces.xyz/spiders.html?page_length=-1&num_runs=1,"1,488",,https://alltheplaces-data.openaddresses.io/runs/2026-07-18-13-32-19/output/eg_america_us.geojson
Eg Australia,eg-australia.com,au,eg_australia_au,https://alltheplaces.xyz/spiders.html?page_length=-1&num_runs=1,"1,014",,https://alltheplaces-data.openaddresses.io/runs/2026-07-18-13-32-19/output/eg_australia_au.geojson
Eggs Up Grill,eggsupgrill.com,us,eggs_up_grill_us,https://alltheplaces.xyz/spiders.html?page_length=-1&num_runs=1,104,Franchise,https://alltheplaces-data.openaddresses.io/runs/2026-07-18-13-32-19/output/eggs_up_grill_us.geojson
Einstein Bros,einsteinbros.com,us,einstein_bros_us,https://alltheplaces.xyz/spiders.html?page_length=-1&num_runs=1,705,Franchise,https://alltheplaces-data.openaddresses.io/runs/2026-07-18-13-32-19/output/einstein_bros_us.geojson
Electrify America,electrifyamerica.com,us,electrify_america_us,https://alltheplaces.xyz/spiders.html?page_length=-1&num_runs=1,"7,194",,https://alltheplaces-data.openaddresses.io/runs/2026-07-18-13-32-19/output/electrify_america_us.geojson
Elements Massage,elementsmassage.com,us,elements_massage_ca_us,https://alltheplaces.xyz/spiders.html?page_length=-1&num_runs=1,240,Franchise,https://alltheplaces-data.openaddresses.io/runs/2026-07-18-13-32-19/output/elements_massage_ca_us.geojson
El Pollo Loco,elpolloloco.com,,el_pollo_loco,https://alltheplaces.xyz/spiders.html?page_length=-1&num_runs=1,515,Franchise,https://alltheplaces-data.openaddresses.io/runs/2026-07-18-13-32-19/output/el_pollo_loco.geojson
Nhs England,england.nhs.uk,gb,nhs_england_gb,https://alltheplaces.xyz/spiders.html?page_length=-1&num_runs=1,"14,571",,https://alltheplaces-data.openaddresses.io/runs/2026-07-18-13-32-19/output/nhs_england_gb.geojson
Erbert & Gerberts,erbertandgerberts.com,,erbert_and_gerberts,https://alltheplaces.xyz/spiders.html?page_length=-1&num_runs=1,64,Franchise,https://alltheplaces-data.openaddresses.io/runs/2026-07-18-13-32-19/output/erbert_and_gerberts.geojson
Erie Insurance,erieinsurance.com,us,erie_insurance_us,https://alltheplaces.xyz/spiders.html?page_length=-1&num_runs=1,"2,588",,https://alltheplaces-data.openaddresses.io/runs/2026-07-18-13-32-19/output/erie_insurance_us.geojson
Ernstings Family,ernstings-family.de,,ernstings_family,https://alltheplaces.xyz/spiders.html?page_length=-1&num_runs=1,"1,998",,https://alltheplaces-data.openaddresses.io/runs/2026-07-18-13-32-19/output/ernstings_family.geojson
Eurospin,eurospin.si,,eurospin,https://alltheplaces.xyz/spiders.html?page_length=-1&num_runs=1,"1,366",,https://alltheplaces-data.openaddresses.io/runs/2026-07-18-13-32-19/output/eurospin.geojson
Evereve,evereve.com,us,evereve_us,https://alltheplaces.xyz/spiders.html?page_length=-1&num_runs=1,128,,https://alltheplaces-data.openaddresses.io/runs/2026-07-18-13-32-19/output/evereve_us.geojson
Evgo,evgo.com,us,evgo_us,https://alltheplaces.xyz/spiders.html?page_length=-1&num_runs=1,,,https://alltheplaces-data.openaddresses.io/runs/2026-07-18-13-32-19/output/evgo_us.geojson
Engel & Volkers,evrealestate.com,,engel_and_volkers,https://alltheplaces.xyz/spiders.html?page_length=-1&num_runs=1,,Franchise,https://alltheplaces-data.openaddresses.io/runs/2026-07-18-13-32-19/output/engel_and_volkers.geojson
Express,express.com,,express,https://alltheplaces.xyz/spiders.html?page_length=-1&num_runs=1,405,,https://alltheplaces-data.openaddresses.io/runs/2026-07-18-13-32-19/output/express.geojson
Extended Stay America,extendedstayamerica.com,,extended_stay_america,https://alltheplaces.xyz/spiders.html?page_length=-1&num_runs=1,737,Franchise,https://alltheplaces-data.openaddresses.io/runs/2026-07-18-13-32-19/output/extended_stay_america.geojson
Extra Space Storage,extraspace.com,us,extra_space_storage_us,https://alltheplaces.xyz/spiders.html?page_length=-1&num_runs=1,"4,403",,https://alltheplaces-data.openaddresses.io/runs/2026-07-18-13-32-19/output/extra_space_storage_us.geojson
Extreme Pita,extremepitaus.com,ca,extreme_pita_ca,https://alltheplaces.xyz/spiders.html?page_length=-1&num_runs=1,12,Franchise,https://alltheplaces-data.openaddresses.io/runs/2026-07-18-13-32-19/output/extreme_pita_ca.geojson
Ernst Young,ey.com,,ernst_young,https://alltheplaces.xyz/spiders.html?page_length=-1&num_runs=1,717,,https://alltheplaces-data.openaddresses.io/runs/2026-07-18-13-32-19/output/ernst_young.geojson
F45 Training,f45training.com,,f45_training,https://alltheplaces.xyz/spiders.html?page_length=-1&num_runs=1,"1,335",Franchise,https://alltheplaces-data.openaddresses.io/runs/2026-07-18-13-32-19/output/f45_training.geojson
Family Dollar,familydollar.com,us,family_dollar_us,https://alltheplaces.xyz/spiders.html?page_length=-1&num_runs=1,50,,https://alltheplaces-data.openaddresses.io/runs/2026-07-18-13-32-19/output/family_dollar_us.geojson
Famous Footwear,famousfootwear.com,,famous_footwear,https://alltheplaces.xyz/spiders.html?page_length=-1&num_runs=1,778,,https://alltheplaces-data.openaddresses.io/runs/2026-07-18-13-32-19/output/famous_footwear.geojson
Fantastic Sams,fantasticsams.com,us,fantastic_sams_ca_us,https://alltheplaces.xyz/spiders.html?page_length=-1&num_runs=1,463,Franchise,https://alltheplaces-data.openaddresses.io/runs/2026-07-18-13-32-19/output/fantastic_sams_ca_us.geojson
Farmer Boys,farmerboys.com,,farmer_boys,https://alltheplaces.xyz/spiders.html?page_length=-1&num_runs=1,105,Franchise,https://alltheplaces-data.openaddresses.io/runs/2026-07-18-13-32-19/output/farmer_boys.geojson
Farmers Insurance,farmers.com,us,farmers_insurance_us,https://alltheplaces.xyz/spiders.html?page_length=-1&num_runs=1,"9,498",Agent,https://alltheplaces-data.openaddresses.io/runs/2026-07-18-13-32-19/output/farmers_insurance_us.geojson
Fastrac Cafe,fastraccafe.com,us,fastrac_cafe_us,https://alltheplaces.xyz/spiders.html?page_length=-1&num_runs=1,68,,https://alltheplaces-data.openaddresses.io/runs/2026-07-18-13-32-19/output/fastrac_cafe_us.geojson
Fast Shift,fastshift.co.uk,am,fast_shift_am,https://alltheplaces.xyz/spiders.html?page_length=-1&num_runs=1,253,,https://alltheplaces-data.openaddresses.io/runs/2026-07-18-13-32-19/output/fast_shift_am.geojson
Fastsigns,fastsigns.com,,fastsigns,https://alltheplaces.xyz/spiders.html?page_length=-1&num_runs=1,41,Franchise,https://alltheplaces-data.openaddresses.io/runs/2026-07-18-13-32-19/output/fastsigns.geojson
Fatburger,fatburger.com,,fatburger,https://alltheplaces.xyz/spiders.html?page_length=-1&num_runs=1,157,Franchise,https://alltheplaces-data.openaddresses.io/runs/2026-07-18-13-32-19/output/fatburger.geojson
Fazolis,fazolis.com,us,fazolis_us,https://alltheplaces.xyz/spiders.html?page_length=-1&num_runs=1,142,Franchise,https://alltheplaces-data.openaddresses.io/runs/2026-07-18-13-32-19/output/fazolis_us.geojson
Fcbanking,fcbanking.com,,fcbanking,https://alltheplaces.xyz/spiders.html?page_length=-1&num_runs=1,125,,https://alltheplaces-data.openaddresses.io/runs/2026-07-18-13-32-19/output/fcbanking.geojson
Fedex,fedex.com,,fedex,https://alltheplaces.xyz/spiders.html?page_length=-1&num_runs=1,"77,959",,https://alltheplaces-data.openaddresses.io/runs/2026-07-18-13-32-19/output/fedex.geojson
F Hinds,fhinds.co.uk,gb,f_hinds_gb,https://alltheplaces.xyz/spiders.html?page_length=-1&num_runs=1,118,,https://alltheplaces-data.openaddresses.io/runs/2026-07-18-13-32-19/output/f_hinds_gb.geojson
Fielmann,fielmann.at,at,fielmann_at,https://alltheplaces.xyz/spiders.html?page_length=-1&num_runs=1,50,,https://alltheplaces-data.openaddresses.io/runs/2026-07-18-13-32-19/output/fielmann_at.geojson
Fiesta Mart,fiestamart.com,us,fiesta_mart_us,https://alltheplaces.xyz/spiders.html?page_length=-1&num_runs=1,60,,https://alltheplaces-data.openaddresses.io/runs/2026-07-18-13-32-19/output/fiesta_mart_us.geojson
Kaufland,filiale.kaufland.de,,kaufland,https://alltheplaces.xyz/spiders.html?page_length=-1&num_runs=1,"1,622",,https://alltheplaces-data.openaddresses.io/runs/2026-07-18-13-32-19/output/kaufland.geojson
Finishline,finishline.com,,finishline,https://alltheplaces.xyz/spiders.html?page_length=-1&num_runs=1,165,,https://alltheplaces-data.openaddresses.io/runs/2026-07-18-13-32-19/output/finishline.geojson
Fio Banka,fio.cz,,fio_banka,https://alltheplaces.xyz/spiders.html?page_length=-1&num_runs=1,116,,https://alltheplaces-data.openaddresses.io/runs/2026-07-18-13-32-19/output/fio_banka.geojson
Firehouse Subs,firehousesubs.com,,firehouse_subs,https://alltheplaces.xyz/spiders.html?page_length=-1&num_runs=1,"1,484",Franchise,https://alltheplaces-data.openaddresses.io/runs/2026-07-18-13-32-19/output/firehouse_subs.geojson
First Cash,firstcash.com,,first_cash,https://alltheplaces.xyz/spiders.html?page_length=-1&num_runs=1,"2,920",,https://alltheplaces-data.openaddresses.io/runs/2026-07-18-13-32-19/output/first_cash.geojson
First Citizens Bank,firstcitizens.com,us,first_citizens_bank_us,https://alltheplaces.xyz/spiders.html?page_length=-1&num_runs=1,699,,https://alltheplaces-data.openaddresses.io/runs/2026-07-18-13-32-19/output/first_citizens_bank_us.geojson
First Interstate Bank,firstinterstatebank.com,us,first_interstate_bank_us,https://alltheplaces.xyz/spiders.html?page_length=-1&num_runs=1,271,,https://alltheplaces-data.openaddresses.io/runs/2026-07-18-13-32-19/output/first_interstate_bank_us.geojson
Fitness19,fitness19.com,us,fitness19_us,https://alltheplaces.xyz/spiders.html?page_length=-1&num_runs=1,61,Franchise,https://alltheplaces-data.openaddresses.io/runs/2026-07-18-13-32-19/output/fitness19_us.geojson
Five Below,fivebelow.com,us,five_below_us,https://alltheplaces.xyz/spiders.html?page_length=-1&num_runs=1,"2,005",,https://alltheplaces-data.openaddresses.io/runs/2026-07-18-13-32-19/output/five_below_us.geojson
Five Guys,fiveguys.ae,ae,five_guys_ae,https://alltheplaces.xyz/spiders.html?page_length=-1&num_runs=1,17,,https://alltheplaces-data.openaddresses.io/runs/2026-07-18-13-32-19/output/five_guys_ae.geojson
Five Guys,fiveguys.at,at,five_guys_at,https://alltheplaces.xyz/spiders.html?page_length=-1&num_runs=1,2,,https://alltheplaces-data.openaddresses.io/runs/2026-07-18-13-32-19/output/five_guys_at.geojson
Five Guys,fiveguys.ca,ca,five_guys_ca,https://alltheplaces.xyz/spiders.html?page_length=-1&num_runs=1,74,,https://alltheplaces-data.openaddresses.io/runs/2026-07-18-13-32-19/output/five_guys_ca.geojson
Five Guys,fiveguys.com,us,five_guys_us,https://alltheplaces.xyz/spiders.html?page_length=-1&num_runs=1,"1,512",Franchise,https://alltheplaces-data.openaddresses.io/runs/2026-07-18-13-32-19/output/five_guys_us.geojson
Five Guys,fiveguys.com.au,au,five_guys_au,https://alltheplaces.xyz/spiders.html?page_length=-1&num_runs=1,5,,https://alltheplaces-data.openaddresses.io/runs/2026-07-18-13-32-19/output/five_guys_au.geojson
Five Guys,fiveguys.com.uk,gb,five_guys_gb,https://alltheplaces.xyz/spiders.html?page_length=-1&num_runs=1,157,,https://alltheplaces-data.openaddresses.io/runs/2026-07-18-13-32-19/output/five_guys_gb.geojson
Fleet Feet,fleetfeet.com,us,fleet_feet_us,https://alltheplaces.xyz/spiders.html?page_length=-1&num_runs=1,292,Franchise,https://alltheplaces-data.openaddresses.io/runs/2026-07-18-13-32-19/output/fleet_feet_us.geojson
Fleetpride,fleetpride.com,us,fleetpride_us,https://alltheplaces.xyz/spiders.html?page_length=-1&num_runs=1,495,,https://alltheplaces-data.openaddresses.io/runs/2026-07-18-13-32-19/output/fleetpride_us.geojson
Flight Centre,flightcentre.com.au,au,flight_centre_au,https://alltheplaces.xyz/spiders.html?page_length=-1&num_runs=1,310,,https://alltheplaces-data.openaddresses.io/runs/2026-07-18-13-32-19/output/flight_centre_au.geojson
Floor & Decor,flooranddecor.com,us,floor_and_decor_us,https://alltheplaces.xyz/spiders.html?page_length=-1&num_runs=1,282,,https://alltheplaces-data.openaddresses.io/runs/2026-07-18-13-32-19/output/floor_and_decor_us.geojson
Follett,follett.com,,follett,https://alltheplaces.xyz/spiders.html?page_length=-1&num_runs=1,320,,https://alltheplaces-data.openaddresses.io/runs/2026-07-18-13-32-19/output/follett.geojson
Food Lion,foodlion.com,us,food_lion_us,https://alltheplaces.xyz/spiders.html?page_length=-1&num_runs=1,"1,149",,https://alltheplaces-data.openaddresses.io/runs/2026-07-18-13-32-19/output/food_lion_us.geojson
Foodworks,foodworksnaturalmarket.com.au,au,foodworks_au,https://alltheplaces.xyz/spiders.html?page_length=-1&num_runs=1,342,,https://alltheplaces-data.openaddresses.io/runs/2026-07-18-13-32-19/output/foodworks_au.geojson
Foot Locker,footlocker.ae,ae,foot_locker_ae,https://alltheplaces.xyz/spiders.html?page_length=-1&num_runs=1,11,,https://alltheplaces-data.openaddresses.io/runs/2026-07-18-13-32-19/output/foot_locker_ae.geojson
Foot Locker,footlocker.com,,foot_locker,https://alltheplaces.xyz/spiders.html?page_length=-1&num_runs=1,"2,183",,https://alltheplaces-data.openaddresses.io/runs/2026-07-18-13-32-19/output/foot_locker.geojson
Ford,forc.com,,ford,https://alltheplaces.xyz/spiders.html?page_length=-1&num_runs=1,"11,441",,https://alltheplaces-data.openaddresses.io/runs/2026-07-18-13-32-19/output/ford.geojson
Fosters Freeze,fostersfreeze.com,us,fosters_freeze_us,https://alltheplaces.xyz/spiders.html?page_length=-1&num_runs=1,58,Franchise,https://alltheplaces-data.openaddresses.io/runs/2026-07-18-13-32-19/output/fosters_freeze_us.geojson
Fountain Tire,fountaintire.ca,ca,fountain_tire_ca,https://alltheplaces.xyz/spiders.html?page_length=-1&num_runs=1,170,,https://alltheplaces-data.openaddresses.io/runs/2026-07-18-13-32-19/output/fountain_tire_ca.geojson
Foxs Pizza,foxspizza.com,,foxs_pizza,https://alltheplaces.xyz/spiders.html?page_length=-1&num_runs=1,191,Franchise,https://alltheplaces-data.openaddresses.io/runs/2026-07-18-13-32-19/output/foxs_pizza.geojson
Freddys,freddys.com,us,freddys_us,https://alltheplaces.xyz/spiders.html?page_length=-1&num_runs=1,572,Franchise,https://alltheplaces-data.openaddresses.io/runs/2026-07-18-13-32-19/output/freddys_us.geojson
Freeway Insurance,freeway.com,us,freeway_insurance_us,https://alltheplaces.xyz/spiders.html?page_length=-1&num_runs=1,695,Franchise,https://alltheplaces-data.openaddresses.io/runs/2026-07-18-13-32-19/output/freeway_insurance_us.geojson
Fresenius Kidney Care,freseniuskidneycare.com,us,fresenius_kidney_care_us,https://alltheplaces.xyz/spiders.html?page_length=-1&num_runs=1,"2,934",,https://alltheplaces-data.openaddresses.io/runs/2026-07-18-13-32-19/output/fresenius_kidney_care_us.geojson
Freshii,freshii.com,,freshii,https://alltheplaces.xyz/spiders.html?page_length=-1&num_runs=1,132,Franchise,https://alltheplaces-data.openaddresses.io/runs/2026-07-18-13-32-19/output/freshii.geojson
Fressnapf,fressnapf.at,at,fressnapf_at,https://alltheplaces.xyz/spiders.html?page_length=-1&num_runs=1,137,,https://alltheplaces-data.openaddresses.io/runs/2026-07-18-13-32-19/output/fressnapf_at.geojson
Frost Bank,frostbank.com,us,frost_bank_us,https://alltheplaces.xyz/spiders.html?page_length=-1&num_runs=1,"1,514",,https://alltheplaces-data.openaddresses.io/runs/2026-07-18-13-32-19/output/frost_bank_us.geojson
Fuzzys Taco Shop,fuzzystacoshop.com,us,fuzzys_taco_shop_us,https://alltheplaces.xyz/spiders.html?page_length=-1&num_runs=1,99,Franchise,https://alltheplaces-data.openaddresses.io/runs/2026-07-18-13-32-19/output/fuzzys_taco_shop_us.geojson
Gamestop,gamestop.com,us,gamestop_us,https://alltheplaces.xyz/spiders.html?page_length=-1&num_runs=1,,,https://alltheplaces-data.openaddresses.io/runs/2026-07-18-13-32-19/output/gamestop_us.geojson
Gap,gap.com,us,gap_ca_pr_us,https://alltheplaces.xyz/spiders.html?page_length=-1&num_runs=1,463,,https://alltheplaces-data.openaddresses.io/runs/2026-07-18-13-32-19/output/gap_ca_pr_us.geojson
Old Navy,gap.com,,old_navy,https://alltheplaces.xyz/spiders.html?page_length=-1&num_runs=1,"1,242",,https://alltheplaces-data.openaddresses.io/runs/2026-07-18-13-32-19/output/old_navy.geojson
Mr Gattis Pizza,gattispizza.com,us,mr_gattis_pizza_us,https://alltheplaces.xyz/spiders.html?page_length=-1&num_runs=1,72,Franchise,https://alltheplaces-data.openaddresses.io/runs/2026-07-18-13-32-19/output/mr_gattis_pizza_us.geojson
County Market,gccountymarket.com,,county_market,https://alltheplaces.xyz/spiders.html?page_length=-1&num_runs=1,32,,https://alltheplaces-data.openaddresses.io/runs/2026-07-18-13-32-19/output/county_market.geojson
Geico,geico.com,,geico,https://alltheplaces.xyz/spiders.html?page_length=-1&num_runs=1,256,,https://alltheplaces-data.openaddresses.io/runs/2026-07-18-13-32-19/output/geico.geojson
Genghis Grill,genghisgrill.com,us,genghis_grill_us,https://alltheplaces.xyz/spiders.html?page_length=-1&num_runs=1,33,Franchise,https://alltheplaces-data.openaddresses.io/runs/2026-07-18-13-32-19/output/genghis_grill_us.geojson
Giant Eagle,gianteagle.com,us,giant_eagle_us,https://alltheplaces.xyz/spiders.html?page_length=-1&num_runs=1,436,,https://alltheplaces-data.openaddresses.io/runs/2026-07-18-13-32-19/output/giant_eagle_us.geojson
Giant Food,giantfood.com,us,giant_food_us,https://alltheplaces.xyz/spiders.html?page_length=-1&num_runs=1,164,,https://alltheplaces-data.openaddresses.io/runs/2026-07-18-13-32-19/output/giant_food_us.geojson
Glassons,glassons.com,,glassons,https://alltheplaces.xyz/spiders.html?page_length=-1&num_runs=1,76,,https://alltheplaces-data.openaddresses.io/runs/2026-07-18-13-32-19/output/glassons.geojson
Gnc,gnc.com,,gnc,https://alltheplaces.xyz/spiders.html?page_length=-1&num_runs=1,"1,849",Franchise,https://alltheplaces-data.openaddresses.io/runs/2026-07-18-13-32-19/output/gnc.geojson
Go Ape,goape.co.uk,gb,go_ape_gb,https://alltheplaces.xyz/spiders.html?page_length=-1&num_runs=1,37,,https://alltheplaces-data.openaddresses.io/runs/2026-07-18-13-32-19/output/go_ape_gb.geojson
Goddard School,goddardschool.com,us,goddard_school_us,https://alltheplaces.xyz/spiders.html?page_length=-1&num_runs=1,718,Franchise,https://alltheplaces-data.openaddresses.io/runs/2026-07-18-13-32-19/output/goddard_school_us.geojson
Godfathers Pizza,godfathers.com,,godfathers_pizza,https://alltheplaces.xyz/spiders.html?page_length=-1&num_runs=1,673,Franchise,https://alltheplaces-data.openaddresses.io/runs/2026-07-18-13-32-19/output/godfathers_pizza.geojson
Go Fit,gofit.net,,go_fit,https://alltheplaces.xyz/spiders.html?page_length=-1&num_runs=1,20,,https://alltheplaces-data.openaddresses.io/runs/2026-07-18-13-32-19/output/go_fit.geojson
Golden Corral,goldencorral.com,,golden_corral,https://alltheplaces.xyz/spiders.html?page_length=-1&num_runs=1,333,Franchise,https://alltheplaces-data.openaddresses.io/runs/2026-07-18-13-32-19/output/golden_corral.geojson
Golds Gym,goldsgym.com,,golds_gym,https://alltheplaces.xyz/spiders.html?page_length=-1&num_runs=1,190,Franchise,https://alltheplaces-data.openaddresses.io/runs/2026-07-18-13-32-19/output/golds_gym.geojson
Golf Galaxy,golfgalaxy.com,us,golf_galaxy_us,https://alltheplaces.xyz/spiders.html?page_length=-1&num_runs=1,115,,https://alltheplaces-data.openaddresses.io/runs/2026-07-18-13-32-19/output/golf_galaxy_us.geojson
Golf Town,golftown.ca,ca,golf_town_ca,https://alltheplaces.xyz/spiders.html?page_length=-1&num_runs=1,48,,https://alltheplaces-data.openaddresses.io/runs/2026-07-18-13-32-19/output/golf_town_ca.geojson
Gong Cha,gong-cha.com,,gong_cha,https://alltheplaces.xyz/spiders.html?page_length=-1&num_runs=1,"1,220",Franchise,https://alltheplaces-data.openaddresses.io/runs/2026-07-18-13-32-19/output/gong_cha.geojson
The Good Feet Store,goodfeet.com,,the_good_feet_store,https://alltheplaces.xyz/spiders.html?page_length=-1&num_runs=1,313,Franchise,https://alltheplaces-data.openaddresses.io/runs/2026-07-18-13-32-19/output/the_good_feet_store.geojson
Goodwill,goodwill.org,,goodwill,https://alltheplaces.xyz/spiders.html?page_length=-1&num_runs=1,"4,637",,https://alltheplaces-data.openaddresses.io/runs/2026-07-18-13-32-19/output/goodwill.geojson
Gourmet Garage,gourmetgarage.com,us,gourmet_garage_us,https://alltheplaces.xyz/spiders.html?page_length=-1&num_runs=1,3,,https://alltheplaces-data.openaddresses.io/runs/2026-07-18-13-32-19/output/gourmet_garage_us.geojson
Grainger,grainger.com,us,grainger_us,https://alltheplaces.xyz/spiders.html?page_length=-1&num_runs=1,,,https://alltheplaces-data.openaddresses.io/runs/2026-07-18-13-32-19/output/grainger_us.geojson
Great American Cookies,greatamericancookies.com,us,great_american_cookies_us,https://alltheplaces.xyz/spiders.html?page_length=-1&num_runs=1,442,Franchise,https://alltheplaces-data.openaddresses.io/runs/2026-07-18-13-32-19/output/great_american_cookies_us.geojson
Great Clips,greatclips.com,,great_clips,https://alltheplaces.xyz/spiders.html?page_length=-1&num_runs=1,"4,449",Franchise,https://alltheplaces-data.openaddresses.io/runs/2026-07-18-13-32-19/output/great_clips.geojson
Greenhalghs,greenhalghs.co.uk,gb,greenhalghs_gb,https://alltheplaces.xyz/spiders.html?page_length=-1&num_runs=1,49,,https://alltheplaces-data.openaddresses.io/runs/2026-07-18-13-32-19/output/greenhalghs_gb.geojson
Green Motion,greenmotion.com,,green_motion,https://alltheplaces.xyz/spiders.html?page_length=-1&num_runs=1,515,,https://alltheplaces-data.openaddresses.io/runs/2026-07-18-13-32-19/output/green_motion.geojson
Greystar,greystar.com,,greystar,https://alltheplaces.xyz/spiders.html?page_length=-1&num_runs=1,"3,970",,https://alltheplaces-data.openaddresses.io/runs/2026-07-18-13-32-19/output/greystar.geojson
Grimaldis Pizzeria,grimaldis.com,,grimaldis_pizzeria,https://alltheplaces.xyz/spiders.html?page_length=-1&num_runs=1,47,Franchise,https://alltheplaces-data.openaddresses.io/runs/2026-07-18-13-32-19/output/grimaldis_pizzeria.geojson
Gucci,gucci.com,,gucci,https://alltheplaces.xyz/spiders.html?page_length=-1&num_runs=1,540,,https://alltheplaces-data.openaddresses.io/runs/2026-07-18-13-32-19/output/gucci.geojson
Guitar Center,guitarcenter.com,,guitar_center,https://alltheplaces.xyz/spiders.html?page_length=-1&num_runs=1,300,,https://alltheplaces-data.openaddresses.io/runs/2026-07-18-13-32-19/output/guitar_center.geojson
Gulf,gulfinc.com,us,gulf_pr_us,https://alltheplaces.xyz/spiders.html?page_length=-1&num_runs=1,"1,079",Franchise,https://alltheplaces-data.openaddresses.io/runs/2026-07-18-13-32-19/output/gulf_pr_us.geojson
Gulf,gulfoil.com.ar,ar,gulf_ar,https://alltheplaces.xyz/spiders.html?page_length=-1&num_runs=1,108,,https://alltheplaces-data.openaddresses.io/runs/2026-07-18-13-32-19/output/gulf_ar.geojson
Habit Burger,habitburger.com,,habit_burger,https://alltheplaces.xyz/spiders.html?page_length=-1&num_runs=1,388,Franchise,https://alltheplaces-data.openaddresses.io/runs/2026-07-18-13-32-19/output/habit_burger.geojson
The Halal Guys,halalguys.com,,the_halal_guys,https://alltheplaces.xyz/spiders.html?page_length=-1&num_runs=1,82,Franchise,https://alltheplaces-data.openaddresses.io/runs/2026-07-18-13-32-19/output/the_halal_guys.geojson
Hallmark,hallmarkhomecare.com,,hallmark,https://alltheplaces.xyz/spiders.html?page_length=-1&num_runs=1,"1,161",Franchise,https://alltheplaces-data.openaddresses.io/runs/2026-07-18-13-32-19/output/hallmark.geojson
Hamleys,hamleys.com,,hamleys,https://alltheplaces.xyz/spiders.html?page_length=-1&num_runs=1,,,https://alltheplaces-data.openaddresses.io/runs/2026-07-18-13-32-19/output/hamleys.geojson
Handelsbanken,handelsbanken.co.uk,gb,handelsbanken_gb,https://alltheplaces.xyz/spiders.html?page_length=-1&num_runs=1,125,,https://alltheplaces-data.openaddresses.io/runs/2026-07-18-13-32-19/output/handelsbanken_gb.geojson
Handels Ice Cream,handelsicecream.com,us,handels_ice_cream_us,https://alltheplaces.xyz/spiders.html?page_length=-1&num_runs=1,197,Franchise,https://alltheplaces-data.openaddresses.io/runs/2026-07-18-13-32-19/output/handels_ice_cream_us.geojson
Hangerclinic,hangerclinic.com,us,hangerclinic_us,https://alltheplaces.xyz/spiders.html?page_length=-1&num_runs=1,805,,https://alltheplaces-data.openaddresses.io/runs/2026-07-18-13-32-19/output/hangerclinic_us.geojson
Hannaford,hannaford.com,,hannaford,https://alltheplaces.xyz/spiders.html?page_length=-1&num_runs=1,188,,https://alltheplaces-data.openaddresses.io/runs/2026-07-18-13-32-19/output/hannaford.geojson
Hardees,hardees.com,us,hardees_us,https://alltheplaces.xyz/spiders.html?page_length=-1&num_runs=1,"1,477",Franchise,https://alltheplaces-data.openaddresses.io/runs/2026-07-18-13-32-19/output/hardees_us.geojson
Hard Rock,hardrock.com,,hard_rock,https://alltheplaces.xyz/spiders.html?page_length=-1&num_runs=1,227,,https://alltheplaces-data.openaddresses.io/runs/2026-07-18-13-32-19/output/hard_rock.geojson
Harris Scarfe,harrisscarfe.com.au,au,harris_scarfe_au,https://alltheplaces.xyz/spiders.html?page_length=-1&num_runs=1,57,,https://alltheplaces-data.openaddresses.io/runs/2026-07-18-13-32-19/output/harris_scarfe_au.geojson
Harvey Norman,harveynorman.com,,harvey_norman,https://alltheplaces.xyz/spiders.html?page_length=-1&num_runs=1,414,,https://alltheplaces-data.openaddresses.io/runs/2026-07-18-13-32-19/output/harvey_norman.geojson
L & L Hawaiian Barbecue,hawaiianbarbecue.com,us,l_and_l_hawaiian_barbecue_us,https://alltheplaces.xyz/spiders.html?page_length=-1&num_runs=1,248,Franchise,https://alltheplaces-data.openaddresses.io/runs/2026-07-18-13-32-19/output/l_and_l_hawaiian_barbecue_us.geojson
Helzberg Diamonds,helzberg.com,us,helzberg_diamonds_us,https://alltheplaces.xyz/spiders.html?page_length=-1&num_runs=1,,,https://alltheplaces-data.openaddresses.io/runs/2026-07-18-13-32-19/output/helzberg_diamonds_us.geojson
Heron Foods,heronfoods.co.uk,gb,heron_foods_gb,https://alltheplaces.xyz/spiders.html?page_length=-1&num_runs=1,341,,https://alltheplaces-data.openaddresses.io/runs/2026-07-18-13-32-19/output/heron_foods_gb.geojson
Hertz,hertz.com,,hertz,https://alltheplaces.xyz/spiders.html?page_length=-1&num_runs=1,"6,186",Franchise,https://alltheplaces-data.openaddresses.io/runs/2026-07-18-13-32-19/output/hertz.geojson
Hilti,hilti.com,us,hilti_us,https://alltheplaces.xyz/spiders.html?page_length=-1&num_runs=1,65,,https://alltheplaces-data.openaddresses.io/runs/2026-07-18-13-32-19/output/hilti_us.geojson
Hilton,hilton.com,,hilton,https://alltheplaces.xyz/spiders.html?page_length=-1&num_runs=1,"7,698",Franchise,https://alltheplaces-data.openaddresses.io/runs/2026-07-18-13-32-19/output/hilton.geojson
H Mart,hmart.com,us,h_mart_us,https://alltheplaces.xyz/spiders.html?page_length=-1&num_runs=1,88,,https://alltheplaces-data.openaddresses.io/runs/2026-07-18-13-32-19/output/h_mart_us.geojson
Hmv,hmv.com,,hmv,https://alltheplaces.xyz/spiders.html?page_length=-1&num_runs=1,,,https://alltheplaces-data.openaddresses.io/runs/2026-07-18-13-32-19/output/hmv.geojson
Hobby Lobby,hobbylobby.com,us,hobby_lobby_us,https://alltheplaces.xyz/spiders.html?page_length=-1&num_runs=1,"1,091",,https://alltheplaces-data.openaddresses.io/runs/2026-07-18-13-32-19/output/hobby_lobby_us.geojson
Hobbytown,hobbytown.com,us,hobbytown_us,https://alltheplaces.xyz/spiders.html?page_length=-1&num_runs=1,86,Franchise,https://alltheplaces-data.openaddresses.io/runs/2026-07-18-13-32-19/output/hobbytown_us.geojson
Holland & Barrett,hollandandbarrett.com,,holland_and_barrett,https://alltheplaces.xyz/spiders.html?page_length=-1&num_runs=1,"1,029",,https://alltheplaces-data.openaddresses.io/runs/2026-07-18-13-32-19/output/holland_and_barrett.geojson
Home Depot,homedepot.ca,ca,home_depot_ca,https://alltheplaces.xyz/spiders.html?page_length=-1&num_runs=1,182,,https://alltheplaces-data.openaddresses.io/runs/2026-07-18-13-32-19/output/home_depot_ca.geojson
Home Depot,homedepot.com,,home_depot,https://alltheplaces.xyz/spiders.html?page_length=-1&num_runs=1,,,https://alltheplaces-data.openaddresses.io/runs/2026-07-18-13-32-19/output/home_depot.geojson
Homesense,homesense.com,us,homesense_us,https://alltheplaces.xyz/spiders.html?page_length=-1&num_runs=1,,,https://alltheplaces-data.openaddresses.io/runs/2026-07-18-13-32-19/output/homesense_us.geojson
Honey Baked Ham,honeybaked.com,us,honey_baked_ham_us,https://alltheplaces.xyz/spiders.html?page_length=-1&num_runs=1,453,Franchise,https://alltheplaces-data.openaddresses.io/runs/2026-07-18-13-32-19/output/honey_baked_ham_us.geojson
Hornbach,hornbach.ch,,hornbach,https://alltheplaces.xyz/spiders.html?page_length=-1&num_runs=1,,,https://alltheplaces-data.openaddresses.io/runs/2026-07-18-13-32-19/output/hornbach.geojson
Howard Hanna,howardhanna.com,,howard_hanna,https://alltheplaces.xyz/spiders.html?page_length=-1&num_runs=1,,,https://alltheplaces-data.openaddresses.io/runs/2026-07-18-13-32-19/output/howard_hanna.geojson
Half Price Books,hpb.com,,half_price_books,https://alltheplaces.xyz/spiders.html?page_length=-1&num_runs=1,,,https://alltheplaces-data.openaddresses.io/runs/2026-07-18-13-32-19/output/half_price_books.geojson
H R Block,hrblock.com,,h_r_block,https://alltheplaces.xyz/spiders.html?page_length=-1&num_runs=1,"7,900",Franchise,https://alltheplaces-data.openaddresses.io/runs/2026-07-18-13-32-19/output/h_r_block.geojson
H Samuel,hsamuel.co.uk,gb,h_samuel_gb,https://alltheplaces.xyz/spiders.html?page_length=-1&num_runs=1,158,,https://alltheplaces-data.openaddresses.io/runs/2026-07-18-13-32-19/output/h_samuel_gb.geojson
HSBC,hsbc.co.uk,gb,hsbc_uk_gb,https://alltheplaces.xyz/spiders.html?page_length=-1&num_runs=1,591,,https://alltheplaces-data.openaddresses.io/runs/2026-07-18-13-32-19/output/hsbc_uk_gb.geojson
HSBC,hsbc.com,us,hsbc_us,https://alltheplaces.xyz/spiders.html?page_length=-1&num_runs=1,21,,https://alltheplaces-data.openaddresses.io/runs/2026-07-18-13-32-19/output/hsbc_us.geojson
Huddle House,huddlehouse.com,us,huddle_house_us,https://alltheplaces.xyz/spiders.html?page_length=-1&num_runs=1,249,Franchise,https://alltheplaces-data.openaddresses.io/runs/2026-07-18-13-32-19/output/huddle_house_us.geojson
Hugo Boss,hugoboss.com,,hugo_boss,https://alltheplaces.xyz/spiders.html?page_length=-1&num_runs=1,"1,964",,https://alltheplaces-data.openaddresses.io/runs/2026-07-18-13-32-19/output/hugo_boss.geojson
Hunkemoller,hunkemoller.in,,hunkemoller,https://alltheplaces.xyz/spiders.html?page_length=-1&num_runs=1,885,,https://alltheplaces-data.openaddresses.io/runs/2026-07-18-13-32-19/output/hunkemoller.geojson
Huntington Bank,huntington.com,us,huntington_bank_us,https://alltheplaces.xyz/spiders.html?page_length=-1&num_runs=1,941,,https://alltheplaces-data.openaddresses.io/runs/2026-07-18-13-32-19/output/huntington_bank_us.geojson
Huws Gray,huwsgray.co.uk,gb,huws_gray_gb,https://alltheplaces.xyz/spiders.html?page_length=-1&num_runs=1,232,,https://alltheplaces-data.openaddresses.io/runs/2026-07-18-13-32-19/output/huws_gray_gb.geojson
Hyatt,hyatt.com,,hyatt,https://alltheplaces.xyz/spiders.html?page_length=-1&num_runs=1,,Franchise,https://alltheplaces-data.openaddresses.io/runs/2026-07-18-13-32-19/output/hyatt.geojson
Hy Vee,hy-vee.com,us,hy_vee_us,https://alltheplaces.xyz/spiders.html?page_length=-1&num_runs=1,297,,https://alltheplaces-data.openaddresses.io/runs/2026-07-18-13-32-19/output/hy_vee_us.geojson
Ihop,ihop.com,,ihop,https://alltheplaces.xyz/spiders.html?page_length=-1&num_runs=1,"1,681",Franchise,https://alltheplaces-data.openaddresses.io/runs/2026-07-18-13-32-19/output/ihop.geojson
Ikea,ikea.com,,ikea,https://alltheplaces.xyz/spiders.html?page_length=-1&num_runs=1,"1,850",,https://alltheplaces-data.openaddresses.io/runs/2026-07-18-13-32-19/output/ikea.geojson
Ikks,ikks.com,,ikks,https://alltheplaces.xyz/spiders.html?page_length=-1&num_runs=1,243,,https://alltheplaces-data.openaddresses.io/runs/2026-07-18-13-32-19/output/ikks.geojson
Interparking,interparking.be,,interparking,https://alltheplaces.xyz/spiders.html?page_length=-1&num_runs=1,357,,https://alltheplaces-data.openaddresses.io/runs/2026-07-18-13-32-19/output/interparking.geojson
Intersport,intersportnet.com.au,au,intersport_au,https://alltheplaces.xyz/spiders.html?page_length=-1&num_runs=1,83,,https://alltheplaces-data.openaddresses.io/runs/2026-07-18-13-32-19/output/intersport_au.geojson
Intratuin,intratuin.nl,,intratuin,https://alltheplaces.xyz/spiders.html?page_length=-1&num_runs=1,60,,https://alltheplaces-data.openaddresses.io/runs/2026-07-18-13-32-19/output/intratuin.geojson
Ionity,ionity.eu,,ionity,https://alltheplaces.xyz/spiders.html?page_length=-1&num_runs=1,947,,https://alltheplaces-data.openaddresses.io/runs/2026-07-18-13-32-19/output/ionity.geojson
Iron Mountain,ironmountain.com,,iron_mountain,https://alltheplaces.xyz/spiders.html?page_length=-1&num_runs=1,510,,https://alltheplaces-data.openaddresses.io/runs/2026-07-18-13-32-19/output/iron_mountain.geojson
Irving Oil,irvingoil.com,,irving_oil,https://alltheplaces.xyz/spiders.html?page_length=-1&num_runs=1,878,,https://alltheplaces-data.openaddresses.io/runs/2026-07-18-13-32-19/output/irving_oil.geojson
Ismash,ismashusa.co.uk,gb,ismash_gb,https://alltheplaces.xyz/spiders.html?page_length=-1&num_runs=1,35,Franchise,https://alltheplaces-data.openaddresses.io/runs/2026-07-18-13-32-19/output/ismash_gb.geojson
Jack In The Box,jackinthebox.com,,jack_in_the_box,https://alltheplaces.xyz/spiders.html?page_length=-1&num_runs=1,98,Franchise,https://alltheplaces-data.openaddresses.io/runs/2026-07-18-13-32-19/output/jack_in_the_box.geojson
Jackson Hewitt,jacksonhewitt.com,,jackson_hewitt,https://alltheplaces.xyz/spiders.html?page_length=-1&num_runs=1,"5,035",Franchise,https://alltheplaces-data.openaddresses.io/runs/2026-07-18-13-32-19/output/jackson_hewitt.geojson
Jamba Juice,jamba.com,,jamba_juice,https://alltheplaces.xyz/spiders.html?page_length=-1&num_runs=1,688,Franchise,https://alltheplaces-data.openaddresses.io/runs/2026-07-18-13-32-19/output/jamba_juice.geojson
Jardiland,jardiland.com,,jardiland,https://alltheplaces.xyz/spiders.html?page_length=-1&num_runs=1,163,,https://alltheplaces-data.openaddresses.io/runs/2026-07-18-13-32-19/output/jardiland.geojson
Jasmil,jasmil.ca,,jasmil,https://alltheplaces.xyz/spiders.html?page_length=-1&num_runs=1,5,,https://alltheplaces-data.openaddresses.io/runs/2026-07-18-13-32-19/output/jasmil.geojson
Jasons Deli,jasonsdeli.com,,jasons_deli,https://alltheplaces.xyz/spiders.html?page_length=-1&num_runs=1,237,Franchise,https://alltheplaces-data.openaddresses.io/runs/2026-07-18-13-32-19/output/jasons_deli.geojson
Jaycar,jaycar.com.au,au,jaycar_au,https://alltheplaces.xyz/spiders.html?page_length=-1&num_runs=1,,,https://alltheplaces-data.openaddresses.io/runs/2026-07-18-13-32-19/output/jaycar_au.geojson
Jb Hifi,jbhifi.com.au,au,jb_hifi_au,https://alltheplaces.xyz/spiders.html?page_length=-1&num_runs=1,216,,https://alltheplaces-data.openaddresses.io/runs/2026-07-18-13-32-19/output/jb_hifi_au.geojson
Jcpenney,jcpenney.com,,jcpenney,https://alltheplaces.xyz/spiders.html?page_length=-1&num_runs=1,629,,https://alltheplaces-data.openaddresses.io/runs/2026-07-18-13-32-19/output/jcpenney.geojson
Jd Sports,jdsports.co.uk,gb,jd_sports_gb,https://alltheplaces.xyz/spiders.html?page_length=-1&num_runs=1,331,,https://alltheplaces-data.openaddresses.io/runs/2026-07-18-13-32-19/output/jd_sports_gb.geojson
Jd Sports,jdsports.com,us,jd_sports_us,https://alltheplaces.xyz/spiders.html?page_length=-1&num_runs=1,431,,https://alltheplaces-data.openaddresses.io/runs/2026-07-18-13-32-19/output/jd_sports_us.geojson
J D Wetherspoon,jdwetherspoon.com,,j_d_wetherspoon,https://alltheplaces.xyz/spiders.html?page_length=-1&num_runs=1,824,,https://alltheplaces-data.openaddresses.io/runs/2026-07-18-13-32-19/output/j_d_wetherspoon.geojson
Jean Coutu,jeancoutu.ca,ca,jean_coutu_ca,https://alltheplaces.xyz/spiders.html?page_length=-1&num_runs=1,421,,https://alltheplaces-data.openaddresses.io/runs/2026-07-18-13-32-19/output/jean_coutu_ca.geojson
Jersey Mikes,jerseymikes.ca,ca,jersey_mikes_ca,https://alltheplaces.xyz/spiders.html?page_length=-1&num_runs=1,36,,https://alltheplaces-data.openaddresses.io/runs/2026-07-18-13-32-19/output/jersey_mikes_ca.geojson
Jersey Mikes,jerseymikes.com,us,jersey_mikes_us,https://alltheplaces.xyz/spiders.html?page_length=-1&num_runs=1,"3,362",Franchise,https://alltheplaces-data.openaddresses.io/runs/2026-07-18-13-32-19/output/jersey_mikes_us.geojson
Jewson,jewson.co.uk,gb,jewson_gb,https://alltheplaces.xyz/spiders.html?page_length=-1&num_runs=1,388,,https://alltheplaces-data.openaddresses.io/runs/2026-07-18-13-32-19/output/jewson_gb.geojson
Jiffy Lube,jiffylube.com,us,jiffy_lube_us,https://alltheplaces.xyz/spiders.html?page_length=-1&num_runs=1,"2,077",Franchise,https://alltheplaces-data.openaddresses.io/runs/2026-07-18-13-32-19/output/jiffy_lube_us.geojson
Jimmy Johns,jimmyjohns.com,us,jimmy_johns_us,https://alltheplaces.xyz/spiders.html?page_length=-1&num_runs=1,"2,815",Franchise,https://alltheplaces-data.openaddresses.io/runs/2026-07-18-13-32-19/output/jimmy_johns_us.geojson
Jjill,jjill.com,,jjill,https://alltheplaces.xyz/spiders.html?page_length=-1&num_runs=1,255,,https://alltheplaces-data.openaddresses.io/runs/2026-07-18-13-32-19/output/jjill.geojson
Jll,jll.com,,jll,https://alltheplaces.xyz/spiders.html?page_length=-1&num_runs=1,276,,https://alltheplaces-data.openaddresses.io/runs/2026-07-18-13-32-19/output/jll.geojson
Journeys,journeys.com,,journeys,https://alltheplaces.xyz/spiders.html?page_length=-1&num_runs=1,33,,https://alltheplaces-data.openaddresses.io/runs/2026-07-18-13-32-19/output/journeys.geojson
Just Group,justgroup.com.au,,just_group,https://alltheplaces.xyz/spiders.html?page_length=-1&num_runs=1,691,,https://alltheplaces-data.openaddresses.io/runs/2026-07-18-13-32-19/output/just_group.geojson
Juut,juut.com,us,juut_us,https://alltheplaces.xyz/spiders.html?page_length=-1&num_runs=1,6,,https://alltheplaces-data.openaddresses.io/runs/2026-07-18-13-32-19/output/juut_us.geojson
Kahve Dunyasi,kahvedunyasi.com,,kahve_dunyasi,https://alltheplaces.xyz/spiders.html?page_length=-1&num_runs=1,351,,https://alltheplaces-data.openaddresses.io/runs/2026-07-18-13-32-19/output/kahve_dunyasi.geojson
Kappahl,kappahl.com,,kappahl,https://alltheplaces.xyz/spiders.html?page_length=-1&num_runs=1,340,,https://alltheplaces-data.openaddresses.io/runs/2026-07-18-13-32-19/output/kappahl.geojson
Kate Spade,katespade.com,,kate_spade,https://alltheplaces.xyz/spiders.html?page_length=-1&num_runs=1,279,,https://alltheplaces-data.openaddresses.io/runs/2026-07-18-13-32-19/output/kate_spade.geojson
Kendra Scott,kendrascott.com,us,kendra_scott_us,https://alltheplaces.xyz/spiders.html?page_length=-1&num_runs=1,193,,https://alltheplaces-data.openaddresses.io/runs/2026-07-18-13-32-19/output/kendra_scott_us.geojson
Keybank,key.com,us,keybank_us,https://alltheplaces.xyz/spiders.html?page_length=-1&num_runs=1,970,,https://alltheplaces-data.openaddresses.io/runs/2026-07-18-13-32-19/output/keybank_us.geojson
Kfc,kfc.at,at,kfc_at,https://alltheplaces.xyz/spiders.html?page_length=-1&num_runs=1,24,,https://alltheplaces-data.openaddresses.io/runs/2026-07-18-13-32-19/output/kfc_at.geojson
KFC,kfc.ca,ca,kfc_ca,https://alltheplaces.xyz/spiders.html?page_length=-1&num_runs=1,690,,https://alltheplaces-data.openaddresses.io/runs/2026-07-18-13-32-19/output/kfc_ca.geojson
KFC,kfc.co.uk,gb,kfc_gb,https://alltheplaces.xyz/spiders.html?page_length=-1&num_runs=1,"1,052",Franchise,https://alltheplaces-data.openaddresses.io/runs/2026-07-18-13-32-19/output/kfc_gb.geojson
KFC,kfc.com,us,kfc_us,https://alltheplaces.xyz/spiders.html?page_length=-1&num_runs=1,"3,765",Franchise,https://alltheplaces-data.openaddresses.io/runs/2026-07-18-13-32-19/output/kfc_us.geojson
Kfc,kfc.com.au,au,kfc_au,https://alltheplaces.xyz/spiders.html?page_length=-1&num_runs=1,859,Franchise,https://alltheplaces-data.openaddresses.io/runs/2026-07-18-13-32-19/output/kfc_au.geojson
Kia,kia.com,us,kia_us,https://alltheplaces.xyz/spiders.html?page_length=-1&num_runs=1,"1,582",,https://alltheplaces-data.openaddresses.io/runs/2026-07-18-13-32-19/output/kia_us.geojson
Kid Strong,kidstrong.com,,kid_strong,https://alltheplaces.xyz/spiders.html?page_length=-1&num_runs=1,,Franchise,https://alltheplaces-data.openaddresses.io/runs/2026-07-18-13-32-19/output/kid_strong.geojson
Kiko Milano,kikocosmetics.com,,kiko_milano,https://alltheplaces.xyz/spiders.html?page_length=-1&num_runs=1,"1,226",,https://alltheplaces-data.openaddresses.io/runs/2026-07-18-13-32-19/output/kiko_milano.geojson
Kindercare,kindercare.com,us,kindercare_us,https://alltheplaces.xyz/spiders.html?page_length=-1&num_runs=1,"1,457",,https://alltheplaces-data.openaddresses.io/runs/2026-07-18-13-32-19/output/kindercare_us.geojson
King Kullen,kingkullen.com,us,king_kullen_us,https://alltheplaces.xyz/spiders.html?page_length=-1&num_runs=1,27,,https://alltheplaces-data.openaddresses.io/runs/2026-07-18-13-32-19/output/king_kullen_us.geojson
Kirklands,kirklands.com,us,kirklands_us,https://alltheplaces.xyz/spiders.html?page_length=-1&num_runs=1,235,,https://alltheplaces-data.openaddresses.io/runs/2026-07-18-13-32-19/output/kirklands_us.geojson
Kjell & Company,kjell.com,,kjell_and_company,https://alltheplaces.xyz/spiders.html?page_length=-1&num_runs=1,148,,https://alltheplaces-data.openaddresses.io/runs/2026-07-18-13-32-19/output/kjell_and_company.geojson
Kohls,kohls.com,us,kohls_us,https://alltheplaces.xyz/spiders.html?page_length=-1&num_runs=1,"1,151",,https://alltheplaces-data.openaddresses.io/runs/2026-07-18-13-32-19/output/kohls_us.geojson
Kona Grill,konagrill.com,us,kona_grill_us,https://alltheplaces.xyz/spiders.html?page_length=-1&num_runs=1,22,,https://alltheplaces-data.openaddresses.io/runs/2026-07-18-13-32-19/output/kona_grill_us.geojson
Kop & Kande,kop-kande.dk,,kop_and_kande,https://alltheplaces.xyz/spiders.html?page_length=-1&num_runs=1,56,,https://alltheplaces-data.openaddresses.io/runs/2026-07-18-13-32-19/output/kop_and_kande.geojson
Kaiser Permanente,kp.org,us,kaiser_permanente_us,https://alltheplaces.xyz/spiders.html?page_length=-1&num_runs=1,"7,089",,https://alltheplaces-data.openaddresses.io/runs/2026-07-18-13-32-19/output/kaiser_permanente_us.geojson
Kpmg,kpmg.com,,kpmg,https://alltheplaces.xyz/spiders.html?page_length=-1&num_runs=1,267,,https://alltheplaces-data.openaddresses.io/runs/2026-07-18-13-32-19/output/kpmg.geojson
Krispy Kreme,Krispykreme.co.uk,gb,krispy_kreme_gb,https://alltheplaces.xyz/spiders.html?page_length=-1&num_runs=1,107,,https://alltheplaces-data.openaddresses.io/runs/2026-07-18-13-32-19/output/krispy_kreme_gb.geojson
Krispy Kreme,Krispykreme.com,us,krispy_kreme_us,https://alltheplaces.xyz/spiders.html?page_length=-1&num_runs=1,343,Franchise,https://alltheplaces-data.openaddresses.io/runs/2026-07-18-13-32-19/output/krispy_kreme_us.geojson
Krispy Krunchy Chicken,krispykrunchy.com,us,krispy_krunchy_chicken_us,https://alltheplaces.xyz/spiders.html?page_length=-1&num_runs=1,"3,707",,https://alltheplaces-data.openaddresses.io/runs/2026-07-18-13-32-19/output/krispy_krunchy_chicken_us.geojson
Kroger,kroger.com,us,kroger_us,https://alltheplaces.xyz/spiders.html?page_length=-1&num_runs=1,"6,222",,https://alltheplaces-data.openaddresses.io/runs/2026-07-18-13-32-19/output/kroger_us.geojson
Krystal,krystal.com,us,krystal_us,https://alltheplaces.xyz/spiders.html?page_length=-1&num_runs=1,251,Franchise,https://alltheplaces-data.openaddresses.io/runs/2026-07-18-13-32-19/output/krystal_us.geojson
Kwantum,kwantum.nl,,kwantum,https://alltheplaces.xyz/spiders.html?page_length=-1&num_runs=1,110,,https://alltheplaces-data.openaddresses.io/runs/2026-07-18-13-32-19/output/kwantum.geojson
Kwik Fill,kwikfill.com,us,kwik_fill_us,https://alltheplaces.xyz/spiders.html?page_length=-1&num_runs=1,312,,https://alltheplaces-data.openaddresses.io/runs/2026-07-18-13-32-19/output/kwik_fill_us.geojson
Kwik Trip,kwiktrip.com,,kwik_trip,https://alltheplaces.xyz/spiders.html?page_length=-1&num_runs=1,904,,https://alltheplaces-data.openaddresses.io/runs/2026-07-18-13-32-19/output/kwik_trip.geojson
Lab Corp,labcorp.com,us,lab_corp_us,https://alltheplaces.xyz/spiders.html?page_length=-1&num_runs=1,"2,269",,https://alltheplaces-data.openaddresses.io/runs/2026-07-18-13-32-19/output/lab_corp_us.geojson
Lacoste,lacoste.com,,lacoste,https://alltheplaces.xyz/spiders.html?page_length=-1&num_runs=1,"1,080",,https://alltheplaces-data.openaddresses.io/runs/2026-07-18-13-32-19/output/lacoste.geojson
La Fitness,lafitness.com,,la_fitness,https://alltheplaces.xyz/spiders.html?page_length=-1&num_runs=1,597,,https://alltheplaces-data.openaddresses.io/runs/2026-07-18-13-32-19/output/la_fitness.geojson
Lane Bryant,lanebryant.com,us,lane_bryant_us,https://alltheplaces.xyz/spiders.html?page_length=-1&num_runs=1,365,,https://alltheplaces-data.openaddresses.io/runs/2026-07-18-13-32-19/output/lane_bryant_us.geojson
Larosas,larosas.com,,larosas,https://alltheplaces.xyz/spiders.html?page_length=-1&num_runs=1,61,Franchise,https://alltheplaces-data.openaddresses.io/runs/2026-07-18-13-32-19/output/larosas.geojson
La Salsa,lasalsamenu.com,us,la_salsa_us,https://alltheplaces.xyz/spiders.html?page_length=-1&num_runs=1,4,,https://alltheplaces-data.openaddresses.io/runs/2026-07-18-13-32-19/output/la_salsa_us.geojson
Lasik Plus,lasikplus.com,us,lasik_plus_us,https://alltheplaces.xyz/spiders.html?page_length=-1&num_runs=1,,,https://alltheplaces-data.openaddresses.io/runs/2026-07-18-13-32-19/output/lasik_plus_us.geojson
Lcbo,lcbo.com,ca,lcbo_ca,https://alltheplaces.xyz/spiders.html?page_length=-1&num_runs=1,693,,https://alltheplaces-data.openaddresses.io/runs/2026-07-18-13-32-19/output/lcbo_ca.geojson
Le Creuset,lecreuset.com,,le_creuset,https://alltheplaces.xyz/spiders.html?page_length=-1&num_runs=1,125,,https://alltheplaces-data.openaddresses.io/runs/2026-07-18-13-32-19/output/le_creuset.geojson
Lees Sandwiches,leesandwiches.com,us,lees_sandwiches_us,https://alltheplaces.xyz/spiders.html?page_length=-1&num_runs=1,65,Franchise,https://alltheplaces-data.openaddresses.io/runs/2026-07-18-13-32-19/output/lees_sandwiches_us.geojson
Lees Famous Recipe,leesfamousrecipe.com,,lees_famous_recipe,https://alltheplaces.xyz/spiders.html?page_length=-1&num_runs=1,127,Franchise,https://alltheplaces-data.openaddresses.io/runs/2026-07-18-13-32-19/output/lees_famous_recipe.geojson
Leyland Sdm,leylandsdm.co.uk,gb,leyland_sdm_gb,https://alltheplaces.xyz/spiders.html?page_length=-1&num_runs=1,36,,https://alltheplaces-data.openaddresses.io/runs/2026-07-18-13-32-19/output/leyland_sdm_gb.geojson
Lhw,lhw.com,,lhw,https://alltheplaces.xyz/spiders.html?page_length=-1&num_runs=1,470,,https://alltheplaces-data.openaddresses.io/runs/2026-07-18-13-32-19/output/lhw.geojson
Liberty Tax,libertytax.com,us,liberty_tax_us,https://alltheplaces.xyz/spiders.html?page_length=-1&num_runs=1,"1,612",Franchise,https://alltheplaces-data.openaddresses.io/runs/2026-07-18-13-32-19/output/liberty_tax_us.geojson
Lidl,lidl.at,at,lidl_at,https://alltheplaces.xyz/spiders.html?page_length=-1&num_runs=1,252,,https://alltheplaces-data.openaddresses.io/runs/2026-07-18-13-32-19/output/lidl_at.geojson
Lidl,lidl.com,gb,lidl_gb,https://alltheplaces.xyz/spiders.html?page_length=-1&num_runs=1,"1,015",,https://alltheplaces-data.openaddresses.io/runs/2026-07-18-13-32-19/output/lidl_gb.geojson
Lids,lids.com,,lids,https://alltheplaces.xyz/spiders.html?page_length=-1&num_runs=1,,,https://alltheplaces-data.openaddresses.io/runs/2026-07-18-13-32-19/output/lids.geojson
Life Time,lifetime.life,,life_time,https://alltheplaces.xyz/spiders.html?page_length=-1&num_runs=1,221,,https://alltheplaces-data.openaddresses.io/runs/2026-07-18-13-32-19/output/life_time.geojson
Little Caesars,littlecaesars.com,us,little_caesars_us,https://alltheplaces.xyz/spiders.html?page_length=-1&num_runs=1,"2,293",Franchise,https://alltheplaces-data.openaddresses.io/runs/2026-07-18-13-32-19/output/little_caesars_us.geojson
Ljsilvers,ljsilvers.com,,ljsilvers,https://alltheplaces.xyz/spiders.html?page_length=-1&num_runs=1,485,Franchise,https://alltheplaces-data.openaddresses.io/runs/2026-07-18-13-32-19/output/ljsilvers.geojson
Loblaws,loblaws.ca,,loblaws,https://alltheplaces.xyz/spiders.html?page_length=-1&num_runs=1,"1,118",,https://alltheplaces-data.openaddresses.io/runs/2026-07-18-13-32-19/output/loblaws.geojson
Loft,loft.com,us,loft_us,https://alltheplaces.xyz/spiders.html?page_length=-1&num_runs=1,496,,https://alltheplaces-data.openaddresses.io/runs/2026-07-18-13-32-19/output/loft_us.geojson
Kiwoko,lojas.kiwoko.pt,,kiwoko,https://alltheplaces.xyz/spiders.html?page_length=-1&num_runs=1,42,,https://alltheplaces-data.openaddresses.io/runs/2026-07-18-13-32-19/output/kiwoko.geojson
Longchamp,longchamp.com,us,longchamp_us,https://alltheplaces.xyz/spiders.html?page_length=-1&num_runs=1,192,,https://alltheplaces-data.openaddresses.io/runs/2026-07-18-13-32-19/output/longchamp_us.geojson
Longdan,longdan.co.uk,gb,longdan_gb,https://alltheplaces.xyz/spiders.html?page_length=-1&num_runs=1,14,,https://alltheplaces-data.openaddresses.io/runs/2026-07-18-13-32-19/output/longdan_gb.geojson
Loves,loves.com,us,loves_us,https://alltheplaces.xyz/spiders.html?page_length=-1&num_runs=1,731,,https://alltheplaces-data.openaddresses.io/runs/2026-07-18-13-32-19/output/loves_us.geojson
Lovisa,lovisa.com,,lovisa,https://alltheplaces.xyz/spiders.html?page_length=-1&num_runs=1,"1,152",,https://alltheplaces-data.openaddresses.io/runs/2026-07-18-13-32-19/output/lovisa.geojson
Lowes,lowes.com,us,lowes_us,https://alltheplaces.xyz/spiders.html?page_length=-1&num_runs=1,5,,https://alltheplaces-data.openaddresses.io/runs/2026-07-18-13-32-19/output/lowes_us.geojson
Lowes Foods,lowesfoods.com,,lowes_foods,https://alltheplaces.xyz/spiders.html?page_length=-1&num_runs=1,82,,https://alltheplaces-data.openaddresses.io/runs/2026-07-18-13-32-19/output/lowes_foods.geojson
Lukoil,lukoilamericas.com,,lukoil,https://alltheplaces.xyz/spiders.html?page_length=-1&num_runs=1,"4,669",,https://alltheplaces-data.openaddresses.io/runs/2026-07-18-13-32-19/output/lukoil.geojson
Lululemon,lululemon.com,us,lululemon_ca_us,https://alltheplaces.xyz/spiders.html?page_length=-1&num_runs=1,448,,https://alltheplaces-data.openaddresses.io/runs/2026-07-18-13-32-19/output/lululemon_ca_us.geojson
Lunds & Byerlys,lundsandbyerlys.com,,lunds_and_byerlys,https://alltheplaces.xyz/spiders.html?page_length=-1&num_runs=1,28,,https://alltheplaces-data.openaddresses.io/runs/2026-07-18-13-32-19/output/lunds_and_byerlys.geojson
Lush,lush.com,,lush,https://alltheplaces.xyz/spiders.html?page_length=-1&num_runs=1,676,,https://alltheplaces-data.openaddresses.io/runs/2026-07-18-13-32-19/output/lush.geojson
Mac Cosmetics,maccosmetics.com,,mac_cosmetics,https://alltheplaces.xyz/spiders.html?page_length=-1&num_runs=1,"6,183",,https://alltheplaces-data.openaddresses.io/runs/2026-07-18-13-32-19/output/mac_cosmetics.geojson
Macys,macys.com,,macys,https://alltheplaces.xyz/spiders.html?page_length=-1&num_runs=1,40,,https://alltheplaces-data.openaddresses.io/runs/2026-07-18-13-32-19/output/macys.geojson
Madewell,madewell.com,us,madewell_us,https://alltheplaces.xyz/spiders.html?page_length=-1&num_runs=1,,,https://alltheplaces-data.openaddresses.io/runs/2026-07-18-13-32-19/output/madewell_us.geojson
Maggianos Little Italy,maggianos.com,,maggianos_little_italy,https://alltheplaces.xyz/spiders.html?page_length=-1&num_runs=1,54,Franchise,https://alltheplaces-data.openaddresses.io/runs/2026-07-18-13-32-19/output/maggianos_little_italy.geojson
Maisons Du Monde,maisonsdumonde.com,,maisons_du_monde,https://alltheplaces.xyz/spiders.html?page_length=-1&num_runs=1,322,,https://alltheplaces-data.openaddresses.io/runs/2026-07-18-13-32-19/output/maisons_du_monde.geojson
Man Truck & Bus,man.eu,,man_truck_and_bus,https://alltheplaces.xyz/spiders.html?page_length=-1&num_runs=1,"2,379",,https://alltheplaces-data.openaddresses.io/runs/2026-07-18-13-32-19/output/man_truck_and_bus.geojson
Manchu Wok,manchuwok.com,us,manchu_wok_ca_us,https://alltheplaces.xyz/spiders.html?page_length=-1&num_runs=1,88,Franchise,https://alltheplaces-data.openaddresses.io/runs/2026-07-18-13-32-19/output/manchu_wok_ca_us.geojson
Marathon Petroleum,marathonfuel.com,us,marathon_petroleum_us,https://alltheplaces.xyz/spiders.html?page_length=-1&num_runs=1,"7,731",Franchise,https://alltheplaces-data.openaddresses.io/runs/2026-07-18-13-32-19/output/marathon_petroleum_us.geojson
Marcos,marcos.com,,marcos,https://alltheplaces.xyz/spiders.html?page_length=-1&num_runs=1,"1,274",Franchise,https://alltheplaces-data.openaddresses.io/runs/2026-07-18-13-32-19/output/marcos.geojson
Marinemax,marinemax.com,us,marinemax_us,https://alltheplaces.xyz/spiders.html?page_length=-1&num_runs=1,53,,https://alltheplaces-data.openaddresses.io/runs/2026-07-18-13-32-19/output/marinemax_us.geojson
Mariner Finance,marinerfinance.com,,mariner_finance,https://alltheplaces.xyz/spiders.html?page_length=-1&num_runs=1,,,https://alltheplaces-data.openaddresses.io/runs/2026-07-18-13-32-19/output/mariner_finance.geojson
Marionnaud,marionnaud.fr,,marionnaud,https://alltheplaces.xyz/spiders.html?page_length=-1&num_runs=1,625,,https://alltheplaces-data.openaddresses.io/runs/2026-07-18-13-32-19/output/marionnaud.geojson
Marriott Hotels,marriott.com,,marriott_hotels,https://alltheplaces.xyz/spiders.html?page_length=-1&num_runs=1,"8,607",Franchise,https://alltheplaces-data.openaddresses.io/runs/2026-07-18-13-32-19/output/marriott_hotels.geojson
Martes Sport,martessport.com.pl,,martes_sport,https://alltheplaces.xyz/spiders.html?page_length=-1&num_runs=1,364,,https://alltheplaces-data.openaddresses.io/runs/2026-07-18-13-32-19/output/martes_sport.geojson
Maserati,maserati.com,,maserati,https://alltheplaces.xyz/spiders.html?page_length=-1&num_runs=1,635,Dealer,https://alltheplaces-data.openaddresses.io/runs/2026-07-18-13-32-19/output/maserati.geojson
Massage Envy,massageenvy.com,,massage_envy,https://alltheplaces.xyz/spiders.html?page_length=-1&num_runs=1,991,Franchise,https://alltheplaces-data.openaddresses.io/runs/2026-07-18-13-32-19/output/massage_envy.geojson
Mathnasium,mathnasium.com,,mathnasium,https://alltheplaces.xyz/spiders.html?page_length=-1&num_runs=1,"1,315",Franchise,https://alltheplaces-data.openaddresses.io/runs/2026-07-18-13-32-19/output/mathnasium.geojson
Mattress Firm,mattressfirm.com,us,mattress_firm_us,https://alltheplaces.xyz/spiders.html?page_length=-1&num_runs=1,"2,238",,https://alltheplaces-data.openaddresses.io/runs/2026-07-18-13-32-19/output/mattress_firm_us.geojson
Maverik,maverik.com,,maverik,https://alltheplaces.xyz/spiders.html?page_length=-1&num_runs=1,839,,https://alltheplaces-data.openaddresses.io/runs/2026-07-18-13-32-19/output/maverik.geojson
Mcalisters Deli,mcalistersdeli.com,,mcalisters_deli,https://alltheplaces.xyz/spiders.html?page_length=-1&num_runs=1,572,Franchise,https://alltheplaces-data.openaddresses.io/runs/2026-07-18-13-32-19/output/mcalisters_deli.geojson
Mccoys,mccoys.com,,mccoys,https://alltheplaces.xyz/spiders.html?page_length=-1&num_runs=1,85,,https://alltheplaces-data.openaddresses.io/runs/2026-07-18-13-32-19/output/mccoys.geojson
McDonalds,mcdonalds.com,,mcdonalds,https://alltheplaces.xyz/spiders.html?page_length=-1&num_runs=1,"25,003",Franchise,https://alltheplaces-data.openaddresses.io/runs/2026-07-18-13-32-19/output/mcdonalds.geojson
Mcmenamins,mcmenamins.com,us,mcmenamins_us,https://alltheplaces.xyz/spiders.html?page_length=-1&num_runs=1,8,,https://alltheplaces-data.openaddresses.io/runs/2026-07-18-13-32-19/output/mcmenamins_us.geojson
Mediamarkt,mediamarkt.lu,,mediamarkt,https://alltheplaces.xyz/spiders.html?page_length=-1&num_runs=1,,,https://alltheplaces-data.openaddresses.io/runs/2026-07-18-13-32-19/output/mediamarkt.geojson
Medieval Times,medievaltimes.com,,medieval_times,https://alltheplaces.xyz/spiders.html?page_length=-1&num_runs=1,10,,https://alltheplaces-data.openaddresses.io/runs/2026-07-18-13-32-19/output/medieval_times.geojson
Menards,menards.com,,menards,https://alltheplaces.xyz/spiders.html?page_length=-1&num_runs=1,,,https://alltheplaces-data.openaddresses.io/runs/2026-07-18-13-32-19/output/menards.geojson
Menchies,menchies.com,,menchies,https://alltheplaces.xyz/spiders.html?page_length=-1&num_runs=1,327,Franchise,https://alltheplaces-data.openaddresses.io/runs/2026-07-18-13-32-19/output/menchies.geojson
Mens Wearhouse,menswearhouse.com,,mens_wearhouse,https://alltheplaces.xyz/spiders.html?page_length=-1&num_runs=1,606,,https://alltheplaces-data.openaddresses.io/runs/2026-07-18-13-32-19/output/mens_wearhouse.geojson
Mercadona,mercadona.es,,mercadona,https://alltheplaces.xyz/spiders.html?page_length=-1&num_runs=1,"1,671",,https://alltheplaces-data.openaddresses.io/runs/2026-07-18-13-32-19/output/mercadona.geojson
Mercy Health,mercyhealthnw.org,us,mercy_health_us,https://alltheplaces.xyz/spiders.html?page_length=-1&num_runs=1,,,https://alltheplaces-data.openaddresses.io/runs/2026-07-18-13-32-19/output/mercy_health_us.geojson
Ace Parking,meritagecollection.com,us,ace_parking_us,https://alltheplaces.xyz/spiders.html?page_length=-1&num_runs=1,418,,https://alltheplaces-data.openaddresses.io/runs/2026-07-18-13-32-19/output/ace_parking_us.geojson
Michael Kors,michaelkors.com,,michael_kors,https://alltheplaces.xyz/spiders.html?page_length=-1&num_runs=1,402,,https://alltheplaces-data.openaddresses.io/runs/2026-07-18-13-32-19/output/michael_kors.geojson
Michaels,michaels.com,,michaels,https://alltheplaces.xyz/spiders.html?page_length=-1&num_runs=1,"1,351",,https://alltheplaces-data.openaddresses.io/runs/2026-07-18-13-32-19/output/michaels.geojson
Microsoft,microsoft.com,us,microsoft_us,https://alltheplaces.xyz/spiders.html?page_length=-1&num_runs=1,,,https://alltheplaces-data.openaddresses.io/runs/2026-07-18-13-32-19/output/microsoft_us.geojson
Midas,midas.com,us,midas_us,https://alltheplaces.xyz/spiders.html?page_length=-1&num_runs=1,"1,078",Franchise,https://alltheplaces-data.openaddresses.io/runs/2026-07-18-13-32-19/output/midas_us.geojson
Midas,midas.com,,midas,https://alltheplaces.xyz/spiders.html?page_length=-1&num_runs=1,738,Franchise,https://alltheplaces-data.openaddresses.io/runs/2026-07-18-13-32-19/output/midas.geojson
Midas,midas.com.au,au,midas_au,https://alltheplaces.xyz/spiders.html?page_length=-1&num_runs=1,84,,https://alltheplaces-data.openaddresses.io/runs/2026-07-18-13-32-19/output/midas_au.geojson
Minnoco,minnoco.com,us,minnoco_us,https://alltheplaces.xyz/spiders.html?page_length=-1&num_runs=1,33,,https://alltheplaces-data.openaddresses.io/runs/2026-07-18-13-32-19/output/minnoco_us.geojson
Mirabito,mirabito.com,us,mirabito_us,https://alltheplaces.xyz/spiders.html?page_length=-1&num_runs=1,,,https://alltheplaces-data.openaddresses.io/runs/2026-07-18-13-32-19/output/mirabito_us.geojson
Modern Market,modernmarket.com,us,modern_market_us,https://alltheplaces.xyz/spiders.html?page_length=-1&num_runs=1,22,Franchise,https://alltheplaces-data.openaddresses.io/runs/2026-07-18-13-32-19/output/modern_market_us.geojson
Mod Pizza,modpizza.com,,mod_pizza,https://alltheplaces.xyz/spiders.html?page_length=-1&num_runs=1,439,Franchise,https://alltheplaces-data.openaddresses.io/runs/2026-07-18-13-32-19/output/mod_pizza.geojson
Moes Southwest Grill,moes.com,,moes_southwest_grill,https://alltheplaces.xyz/spiders.html?page_length=-1&num_runs=1,539,Franchise,https://alltheplaces-data.openaddresses.io/runs/2026-07-18-13-32-19/output/moes_southwest_grill.geojson
Moncler,moncler.com,,moncler,https://alltheplaces.xyz/spiders.html?page_length=-1&num_runs=1,373,,https://alltheplaces-data.openaddresses.io/runs/2026-07-18-13-32-19/output/moncler.geojson
Moneygram,moneygram.com,,moneygram,https://alltheplaces.xyz/spiders.html?page_length=-1&num_runs=1,,,https://alltheplaces-data.openaddresses.io/runs/2026-07-18-13-32-19/output/moneygram.geojson
Monicals Pizza,monicals.com,us,monicals_pizza_us,https://alltheplaces.xyz/spiders.html?page_length=-1&num_runs=1,59,Franchise,https://alltheplaces-data.openaddresses.io/runs/2026-07-18-13-32-19/output/monicals_pizza_us.geojson
Mooyah,mooyah.com,,mooyah,https://alltheplaces.xyz/spiders.html?page_length=-1&num_runs=1,84,Franchise,https://alltheplaces-data.openaddresses.io/runs/2026-07-18-13-32-19/output/mooyah.geojson
Motel6,motel6.com,,motel6,https://alltheplaces.xyz/spiders.html?page_length=-1&num_runs=1,,Franchise,https://alltheplaces-data.openaddresses.io/runs/2026-07-18-13-32-19/output/motel6.geojson
Motrio,motrio.fr,,motrio,https://alltheplaces.xyz/spiders.html?page_length=-1&num_runs=1,"2,649",,https://alltheplaces-data.openaddresses.io/runs/2026-07-18-13-32-19/output/motrio.geojson
Mountain Mikes,mountainmikespizza.com,us,mountain_mikes_us,https://alltheplaces.xyz/spiders.html?page_length=-1&num_runs=1,333,Franchise,https://alltheplaces-data.openaddresses.io/runs/2026-07-18-13-32-19/output/mountain_mikes_us.geojson
Mpreis,mpreis.at,,mpreis,https://alltheplaces.xyz/spiders.html?page_length=-1&num_runs=1,282,,https://alltheplaces-data.openaddresses.io/runs/2026-07-18-13-32-19/output/mpreis.geojson
Mucho Burrito,muchoburrito.com,,mucho_burrito,https://alltheplaces.xyz/spiders.html?page_length=-1&num_runs=1,,Franchise,https://alltheplaces-data.openaddresses.io/runs/2026-07-18-13-32-19/output/mucho_burrito.geojson
Murphy Usa,murphybusiness.com,us,murphy_usa_us,https://alltheplaces.xyz/spiders.html?page_length=-1&num_runs=1,"1,661",Franchise,https://alltheplaces-data.openaddresses.io/runs/2026-07-18-13-32-19/output/murphy_usa_us.geojson
Food City,myfoodcity.com,us,food_city_arizona_us,https://alltheplaces.xyz/spiders.html?page_length=-1&num_runs=1,45,,https://alltheplaces-data.openaddresses.io/runs/2026-07-18-13-32-19/output/food_city_arizona_us.geojson
Iga,myiga.com,,iga,https://alltheplaces.xyz/spiders.html?page_length=-1&num_runs=1,589,,https://alltheplaces-data.openaddresses.io/runs/2026-07-18-13-32-19/output/iga.geojson
Postalannex,mypostalannex.com,us,postalannex_us,https://alltheplaces.xyz/spiders.html?page_length=-1&num_runs=1,345,,https://alltheplaces-data.openaddresses.io/runs/2026-07-18-13-32-19/output/postalannex_us.geojson
Naf Naf Grill,nafnafgrill.com,us,naf_naf_grill_us,https://alltheplaces.xyz/spiders.html?page_length=-1&num_runs=1,35,Franchise,https://alltheplaces-data.openaddresses.io/runs/2026-07-18-13-32-19/output/naf_naf_grill_us.geojson
Napa Auto Parts,napaonline.com,,napa_auto_parts,https://alltheplaces.xyz/spiders.html?page_length=-1&num_runs=1,"3,958",,https://alltheplaces-data.openaddresses.io/runs/2026-07-18-13-32-19/output/napa_auto_parts.geojson
Natwest,natwest.com,gb,natwest_gb,https://alltheplaces.xyz/spiders.html?page_length=-1&num_runs=1,"1,099",,https://alltheplaces-data.openaddresses.io/runs/2026-07-18-13-32-19/output/natwest_gb.geojson
National Bank Of Kuwait,nbk.com,,national_bank_of_kuwait,https://alltheplaces.xyz/spiders.html?page_length=-1&num_runs=1,532,,https://alltheplaces-data.openaddresses.io/runs/2026-07-18-13-32-19/output/national_bank_of_kuwait.geojson
Neiman Marcus,neimanmarcus.com,,neiman_marcus,https://alltheplaces.xyz/spiders.html?page_length=-1&num_runs=1,,,https://alltheplaces-data.openaddresses.io/runs/2026-07-18-13-32-19/output/neiman_marcus.geojson
Nekter Juice Bar,nekterjuicebar.com,us,nekter_juice_bar_us,https://alltheplaces.xyz/spiders.html?page_length=-1&num_runs=1,208,Franchise,https://alltheplaces-data.openaddresses.io/runs/2026-07-18-13-32-19/output/nekter_juice_bar_us.geojson
Nespresso,nespresso.com,,nespresso,https://alltheplaces.xyz/spiders.html?page_length=-1&num_runs=1,114,,https://alltheplaces-data.openaddresses.io/runs/2026-07-18-13-32-19/output/nespresso.geojson
Nextcare,nextcarehealth.com,,nextcare,https://alltheplaces.xyz/spiders.html?page_length=-1&num_runs=1,,,https://alltheplaces-data.openaddresses.io/runs/2026-07-18-13-32-19/output/nextcare.geojson
Nick Scali Furniture,nickscali.co.uk,,nick_scali_furniture,https://alltheplaces.xyz/spiders.html?page_length=-1&num_runs=1,,,https://alltheplaces-data.openaddresses.io/runs/2026-07-18-13-32-19/output/nick_scali_furniture.geojson
Nick The Greek,nickthegreek.com,us,nick_the_greek_us,https://alltheplaces.xyz/spiders.html?page_length=-1&num_runs=1,53,Franchise,https://alltheplaces-data.openaddresses.io/runs/2026-07-18-13-32-19/output/nick_the_greek_us.geojson
Nike,nike.com,,nike,https://alltheplaces.xyz/spiders.html?page_length=-1&num_runs=1,"4,346",,https://alltheplaces-data.openaddresses.io/runs/2026-07-18-13-32-19/output/nike.geojson
Noodles & Company,noodles.com,us,noodles_and_company_us,https://alltheplaces.xyz/spiders.html?page_length=-1&num_runs=1,385,Franchise,https://alltheplaces-data.openaddresses.io/runs/2026-07-18-13-32-19/output/noodles_and_company_us.geojson
Nordea,nordea.com,,nordea,https://alltheplaces.xyz/spiders.html?page_length=-1&num_runs=1,905,,https://alltheplaces-data.openaddresses.io/runs/2026-07-18-13-32-19/output/nordea.geojson
Nordstrom,nordstrom.com,,nordstrom,https://alltheplaces.xyz/spiders.html?page_length=-1&num_runs=1,99,,https://alltheplaces-data.openaddresses.io/runs/2026-07-18-13-32-19/output/nordstrom.geojson
Nordstrom Rack,nordstromrack.com,,nordstrom_rack,https://alltheplaces.xyz/spiders.html?page_length=-1&num_runs=1,328,,https://alltheplaces-data.openaddresses.io/runs/2026-07-18-13-32-19/output/nordstrom_rack.geojson
Northern Tool,northerntool.com,us,northern_tool_us,https://alltheplaces.xyz/spiders.html?page_length=-1&num_runs=1,,,https://alltheplaces-data.openaddresses.io/runs/2026-07-18-13-32-19/output/northern_tool_us.geojson
Nothing Bundt Cakes,nothingbundtcakes.com,us,nothing_bundt_cakes_us_ca,https://alltheplaces.xyz/spiders.html?page_length=-1&num_runs=1,710,Franchise,https://alltheplaces-data.openaddresses.io/runs/2026-07-18-13-32-19/output/nothing_bundt_cakes_us_ca.geojson
Nuffield Health,nuffieldhealth.co.uk,gb,nuffield_health_gb,https://alltheplaces.xyz/spiders.html?page_length=-1&num_runs=1,110,,https://alltheplaces-data.openaddresses.io/runs/2026-07-18-13-32-19/output/nuffield_health_gb.geojson
Nz Post,nzpost.co.nz,,nz_post,https://alltheplaces.xyz/spiders.html?page_length=-1&num_runs=1,"3,208",,https://alltheplaces-data.openaddresses.io/runs/2026-07-18-13-32-19/output/nz_post.geojson
Ocean State Job Lot,oceanstatejoblot.com,us,ocean_state_job_lot_us,https://alltheplaces.xyz/spiders.html?page_length=-1&num_runs=1,176,,https://alltheplaces-data.openaddresses.io/runs/2026-07-18-13-32-19/output/ocean_state_job_lot_us.geojson
Office Depot,officedepot.com,,office_depot,https://alltheplaces.xyz/spiders.html?page_length=-1&num_runs=1,778,,https://alltheplaces-data.openaddresses.io/runs/2026-07-18-13-32-19/output/office_depot.geojson
Okq8,okq8.se,,okq8,https://alltheplaces.xyz/spiders.html?page_length=-1&num_runs=1,823,,https://alltheplaces-data.openaddresses.io/runs/2026-07-18-13-32-19/output/okq8.geojson
Optic2000,optic2000.com,,optic2000,https://alltheplaces.xyz/spiders.html?page_length=-1&num_runs=1,"1,211",,https://alltheplaces-data.openaddresses.io/runs/2026-07-18-13-32-19/output/optic2000.geojson
Orangetheory Fitness,orangetheory.com,,orangetheory_fitness,https://alltheplaces.xyz/spiders.html?page_length=-1&num_runs=1,"1,379",Franchise,https://alltheplaces-data.openaddresses.io/runs/2026-07-18-13-32-19/output/orangetheory_fitness.geojson
Oreilly Auto,oreillyauto.com,,oreilly_auto,https://alltheplaces.xyz/spiders.html?page_length=-1&num_runs=1,"6,558",,https://alltheplaces-data.openaddresses.io/runs/2026-07-18-13-32-19/output/oreilly_auto.geojson
Orkin,orkin.com,us,orkin_us,https://alltheplaces.xyz/spiders.html?page_length=-1&num_runs=1,465,Franchise,https://alltheplaces-data.openaddresses.io/runs/2026-07-18-13-32-19/output/orkin_us.geojson
Outback Steakhouse,outback.com,,outback_steakhouse,https://alltheplaces.xyz/spiders.html?page_length=-1&num_runs=1,662,Franchise,https://alltheplaces-data.openaddresses.io/runs/2026-07-18-13-32-19/output/outback_steakhouse.geojson
Ovs,ovs.com,,ovs,https://alltheplaces.xyz/spiders.html?page_length=-1&num_runs=1,"1,513",,https://alltheplaces-data.openaddresses.io/runs/2026-07-18-13-32-19/output/ovs.geojson
Pacsun,pacsun.com,us,pacsun_us,https://alltheplaces.xyz/spiders.html?page_length=-1&num_runs=1,313,,https://alltheplaces-data.openaddresses.io/runs/2026-07-18-13-32-19/output/pacsun_us.geojson
Paddy Pallin,paddypallin.com.au,au,paddy_pallin_au,https://alltheplaces.xyz/spiders.html?page_length=-1&num_runs=1,11,,https://alltheplaces-data.openaddresses.io/runs/2026-07-18-13-32-19/output/paddy_pallin_au.geojson
Palm Beach Tan,palmbeachtan.com,us,palm_beach_tan_us,https://alltheplaces.xyz/spiders.html?page_length=-1&num_runs=1,644,Franchise,https://alltheplaces-data.openaddresses.io/runs/2026-07-18-13-32-19/output/palm_beach_tan_us.geojson
Panda Express,pandaexpress.com,,panda_express,https://alltheplaces.xyz/spiders.html?page_length=-1&num_runs=1,"2,439",Franchise,https://alltheplaces-data.openaddresses.io/runs/2026-07-18-13-32-19/output/panda_express.geojson
Pandora,pandoragroup.com,,pandora,https://alltheplaces.xyz/spiders.html?page_length=-1&num_runs=1,"3,125",Franchise,https://alltheplaces-data.openaddresses.io/runs/2026-07-18-13-32-19/output/pandora.geojson
Panera Bread,panerabread.com,us,panera_bread_us,https://alltheplaces.xyz/spiders.html?page_length=-1&num_runs=1,"2,236",Franchise,https://alltheplaces-data.openaddresses.io/runs/2026-07-18-13-32-19/output/panera_bread_us.geojson
Papa Johns,papajohns.co.uk,gb,papa_johns_gb,https://alltheplaces.xyz/spiders.html?page_length=-1&num_runs=1,387,,https://alltheplaces-data.openaddresses.io/runs/2026-07-18-13-32-19/output/papa_johns_gb.geojson
Papa Johns,papajohns.com,,papa_johns,https://alltheplaces.xyz/spiders.html?page_length=-1&num_runs=1,"3,334",Franchise,https://alltheplaces-data.openaddresses.io/runs/2026-07-18-13-32-19/output/papa_johns.geojson
Papa Murphys,papamurphys.com,,papa_murphys,https://alltheplaces.xyz/spiders.html?page_length=-1&num_runs=1,967,Franchise,https://alltheplaces-data.openaddresses.io/runs/2026-07-18-13-32-19/output/papa_murphys.geojson
Paper Source,papersource.com,us,paper_source_us,https://alltheplaces.xyz/spiders.html?page_length=-1&num_runs=1,106,,https://alltheplaces-data.openaddresses.io/runs/2026-07-18-13-32-19/output/paper_source_us.geojson
Paris Baguette,parisbaguette.com,us,paris_baguette_us,https://alltheplaces.xyz/spiders.html?page_length=-1&num_runs=1,339,Franchise,https://alltheplaces-data.openaddresses.io/runs/2026-07-18-13-32-19/output/paris_baguette_us.geojson
Party City,partycity.com,,party_city,https://alltheplaces.xyz/spiders.html?page_length=-1&num_runs=1,865,,https://alltheplaces-data.openaddresses.io/runs/2026-07-18-13-32-19/output/party_city.geojson
Patel Brothers,patelbros.com,us,patel_brothers_us,https://alltheplaces.xyz/spiders.html?page_length=-1&num_runs=1,55,,https://alltheplaces-data.openaddresses.io/runs/2026-07-18-13-32-19/output/patel_brothers_us.geojson
Payomatic,payomatic.com,us,payomatic_us,https://alltheplaces.xyz/spiders.html?page_length=-1&num_runs=1,100,,https://alltheplaces-data.openaddresses.io/runs/2026-07-18-13-32-19/output/payomatic_us.geojson
Peavey Mart,peaveymart.ca,ca,peavey_mart_ca,https://alltheplaces.xyz/spiders.html?page_length=-1&num_runs=1,,,https://alltheplaces-data.openaddresses.io/runs/2026-07-18-13-32-19/output/peavey_mart_ca.geojson
Peet's Coffee,peets.com,us,peets_coffee_us,https://alltheplaces.xyz/spiders.html?page_length=-1&num_runs=1,259,Franchise,https://alltheplaces-data.openaddresses.io/runs/2026-07-18-13-32-19/output/peets_coffee_us.geojson
Pepco,pepco.com,,pepco,https://alltheplaces.xyz/spiders.html?page_length=-1&num_runs=1,"4,494",,https://alltheplaces-data.openaddresses.io/runs/2026-07-18-13-32-19/output/pepco.geojson
Pepe Jeans,pepejeans.in,,pepe_jeans,https://alltheplaces.xyz/spiders.html?page_length=-1&num_runs=1,68,,https://alltheplaces-data.openaddresses.io/runs/2026-07-18-13-32-19/output/pepe_jeans.geojson
Perkins,perkinsrestaurants.com,,perkins,https://alltheplaces.xyz/spiders.html?page_length=-1&num_runs=1,264,Franchise,https://alltheplaces-data.openaddresses.io/runs/2026-07-18-13-32-19/output/perkins.geojson
Petco,petco.com,,petco,https://alltheplaces.xyz/spiders.html?page_length=-1&num_runs=1,"1,378",,https://alltheplaces-data.openaddresses.io/runs/2026-07-18-13-32-19/output/petco.geojson
Pet Food Express,petfoodexpress.com,us,pet_food_express_us,https://alltheplaces.xyz/spiders.html?page_length=-1&num_runs=1,69,,https://alltheplaces-data.openaddresses.io/runs/2026-07-18-13-32-19/output/pet_food_express_us.geojson
Petit Bateau,petit-bateau.com,,petit_bateau,https://alltheplaces.xyz/spiders.html?page_length=-1&num_runs=1,317,,https://alltheplaces-data.openaddresses.io/runs/2026-07-18-13-32-19/output/petit_bateau.geojson
Petland,petland.com,us,petland_us,https://alltheplaces.xyz/spiders.html?page_length=-1&num_runs=1,233,Franchise,https://alltheplaces-data.openaddresses.io/runs/2026-07-18-13-32-19/output/petland_us.geojson
Pets At Home,petsathome.co.uk,gb,pets_at_home_gb,https://alltheplaces.xyz/spiders.html?page_length=-1&num_runs=1,463,,https://alltheplaces-data.openaddresses.io/runs/2026-07-18-13-32-19/output/pets_at_home_gb.geojson
Pga Tour Superstore,pgatoursuperstore.com,us,pga_tour_superstore_us,https://alltheplaces.xyz/spiders.html?page_length=-1&num_runs=1,86,,https://alltheplaces-data.openaddresses.io/runs/2026-07-18-13-32-19/output/pga_tour_superstore_us.geojson
Phillips 66 Conoco 76,phillipsfoods.com,,phillips_66_conoco_76,https://alltheplaces.xyz/spiders.html?page_length=-1&num_runs=1,"6,008",Franchise,https://alltheplaces-data.openaddresses.io/runs/2026-07-18-13-32-19/output/phillips_66_conoco_76.geojson
Piggly Wiggly,pigglywiggly.com,us,piggly_wiggly_us,https://alltheplaces.xyz/spiders.html?page_length=-1&num_runs=1,474,,https://alltheplaces-data.openaddresses.io/runs/2026-07-18-13-32-19/output/piggly_wiggly_us.geojson
Pilot Flying J,pilotflyingj.com,,pilot_flying_j,https://alltheplaces.xyz/spiders.html?page_length=-1&num_runs=1,722,,https://alltheplaces-data.openaddresses.io/runs/2026-07-18-13-32-19/output/pilot_flying_j.geojson
Pinch a Penny,pinchapenny.com,us,pinch_a_penny_us,https://alltheplaces.xyz/spiders.html?page_length=-1&num_runs=1,,,https://alltheplaces-data.openaddresses.io/runs/2026-07-18-13-32-19/output/pinch_a_penny_us.geojson
Pioneer Supermarket,pioneersupermarkets.com,us,pioneer_supermarket_us,https://alltheplaces.xyz/spiders.html?page_length=-1&num_runs=1,13,,https://alltheplaces-data.openaddresses.io/runs/2026-07-18-13-32-19/output/pioneer_supermarket_us.geojson
Pita Pit,pitapitusa.ca,ca,pita_pit_ca,https://alltheplaces.xyz/spiders.html?page_length=-1&num_runs=1,241,Franchise,https://alltheplaces-data.openaddresses.io/runs/2026-07-18-13-32-19/output/pita_pit_ca.geojson
Pizza Hut,pizzahut.com,us,pizza_hut_us,https://alltheplaces.xyz/spiders.html?page_length=-1&num_runs=1,"10,062",Franchise,https://alltheplaces-data.openaddresses.io/runs/2026-07-18-13-32-19/output/pizza_hut_us.geojson
Pizza Ranch,pizzaranch.com,us,pizza_ranch_us,https://alltheplaces.xyz/spiders.html?page_length=-1&num_runs=1,113,Franchise,https://alltheplaces-data.openaddresses.io/runs/2026-07-18-13-32-19/output/pizza_ranch_us.geojson
PJ's Coffee,pjscoffee.com,us,pjs_coffee_us,https://alltheplaces.xyz/spiders.html?page_length=-1&num_runs=1,183,Franchise,https://alltheplaces-data.openaddresses.io/runs/2026-07-18-13-32-19/output/pjs_coffee_us.geojson
Pk Equipment,pkequipment.com,,pk_equipment,https://alltheplaces.xyz/spiders.html?page_length=-1&num_runs=1,,,https://alltheplaces-data.openaddresses.io/runs/2026-07-18-13-32-19/output/pk_equipment.geojson
Planet Smoothie,planetsmoothie.com,us,planet_smoothie_us,https://alltheplaces.xyz/spiders.html?page_length=-1&num_runs=1,166,Franchise,https://alltheplaces-data.openaddresses.io/runs/2026-07-18-13-32-19/output/planet_smoothie_us.geojson
Playa Bowls,playabowls.com,us,playa_bowls_us,https://alltheplaces.xyz/spiders.html?page_length=-1&num_runs=1,425,Franchise,https://alltheplaces-data.openaddresses.io/runs/2026-07-18-13-32-19/output/playa_bowls_us.geojson
PNC Bank,pnc.com,us,pnc_bank_us,https://alltheplaces.xyz/spiders.html?page_length=-1&num_runs=1,,,https://alltheplaces-data.openaddresses.io/runs/2026-07-18-13-32-19/output/pnc_bank_us.geojson
Popeyes,popeyes.com,,popeyes,https://alltheplaces.xyz/spiders.html?page_length=-1&num_runs=1,"3,588",Franchise,https://alltheplaces-data.openaddresses.io/runs/2026-07-18-13-32-19/output/popeyes.geojson
Potbelly Sandwich Shop,potbelly.com,,potbelly_sandwich_shop,https://alltheplaces.xyz/spiders.html?page_length=-1&num_runs=1,399,Franchise,https://alltheplaces-data.openaddresses.io/runs/2026-07-18-13-32-19/output/potbelly_sandwich_shop.geojson
Poundland,poundland.co.uk,,poundland,https://alltheplaces.xyz/spiders.html?page_length=-1&num_runs=1,866,,https://alltheplaces-data.openaddresses.io/runs/2026-07-18-13-32-19/output/poundland.geojson
Poundstretcher,poundstretcher.co.uk,gb,poundstretcher_gb,https://alltheplaces.xyz/spiders.html?page_length=-1&num_runs=1,303,,https://alltheplaces-data.openaddresses.io/runs/2026-07-18-13-32-19/output/poundstretcher_gb.geojson
PPG Paints,ppgpaints.com,,ppg_paints,https://alltheplaces.xyz/spiders.html?page_length=-1&num_runs=1,"2,216",,https://alltheplaces-data.openaddresses.io/runs/2026-07-18-13-32-19/output/ppg_paints.geojson
Prada,prada.com,,prada,https://alltheplaces.xyz/spiders.html?page_length=-1&num_runs=1,398,,https://alltheplaces-data.openaddresses.io/runs/2026-07-18-13-32-19/output/prada.geojson
Premium Outlets,premiumoutlets.com,,premium_outlets,https://alltheplaces.xyz/spiders.html?page_length=-1&num_runs=1,74,,https://alltheplaces-data.openaddresses.io/runs/2026-07-18-13-32-19/output/premium_outlets.geojson
Pret A Manger,pret.com,,pret_a_manger,https://alltheplaces.xyz/spiders.html?page_length=-1&num_runs=1,721,,https://alltheplaces-data.openaddresses.io/runs/2026-07-18-13-32-19/output/pret_a_manger.geojson
Pretzelmaker,pretzelmaker.com,us,pretzelmaker_us,https://alltheplaces.xyz/spiders.html?page_length=-1&num_runs=1,98,Franchise,https://alltheplaces-data.openaddresses.io/runs/2026-07-18-13-32-19/output/pretzelmaker_us.geojson
Price Attack,priceattack.com.au,au,price_attack_au,https://alltheplaces.xyz/spiders.html?page_length=-1&num_runs=1,49,,https://alltheplaces-data.openaddresses.io/runs/2026-07-18-13-32-19/output/price_attack_au.geojson
Primaprix,primaprix.eu,,primaprix,https://alltheplaces.xyz/spiders.html?page_length=-1&num_runs=1,330,,https://alltheplaces-data.openaddresses.io/runs/2026-07-18-13-32-19/output/primaprix.geojson
Primark,primeivhydration.com,,primark,https://alltheplaces.xyz/spiders.html?page_length=-1&num_runs=1,469,Franchise,https://alltheplaces-data.openaddresses.io/runs/2026-07-18-13-32-19/output/primark.geojson
Primrose School,primroseschools.com,us,primrose_school_us,https://alltheplaces.xyz/spiders.html?page_length=-1&num_runs=1,570,Franchise,https://alltheplaces-data.openaddresses.io/runs/2026-07-18-13-32-19/output/primrose_school_us.geojson
Printemps,printemps.com,,printemps,https://alltheplaces.xyz/spiders.html?page_length=-1&num_runs=1,,,https://alltheplaces-data.openaddresses.io/runs/2026-07-18-13-32-19/output/printemps.geojson
Pro Hockey Life,prohockeylife.ca,ca,pro_hockey_life_ca,https://alltheplaces.xyz/spiders.html?page_length=-1&num_runs=1,21,,https://alltheplaces-data.openaddresses.io/runs/2026-07-18-13-32-19/output/pro_hockey_life_ca.geojson
Promedica,promedica.org,us,promedica_us,https://alltheplaces.xyz/spiders.html?page_length=-1&num_runs=1,,,https://alltheplaces-data.openaddresses.io/runs/2026-07-18-13-32-19/output/promedica_us.geojson
Public Storage,publicstorage.com,us,public_storage_us,https://alltheplaces.xyz/spiders.html?page_length=-1&num_runs=1,"4,638",,https://alltheplaces-data.openaddresses.io/runs/2026-07-18-13-32-19/output/public_storage_us.geojson
Publix,publix.com,us,publix_us,https://alltheplaces.xyz/spiders.html?page_length=-1&num_runs=1,"3,270",,https://alltheplaces-data.openaddresses.io/runs/2026-07-18-13-32-19/output/publix_us.geojson
Pure Barre,purebarre.com,us,pure_barre_us,https://alltheplaces.xyz/spiders.html?page_length=-1&num_runs=1,625,Franchise,https://alltheplaces-data.openaddresses.io/runs/2026-07-18-13-32-19/output/pure_barre_us.geojson
Puregym,puregym.co.uk,gb,puregym_gb,https://alltheplaces.xyz/spiders.html?page_length=-1&num_runs=1,492,,https://alltheplaces-data.openaddresses.io/runs/2026-07-18-13-32-19/output/puregym_gb.geojson
Petsmart,pvsownership.com,,petsmart,https://alltheplaces.xyz/spiders.html?page_length=-1&num_runs=1,"1,695",Franchise,https://alltheplaces-data.openaddresses.io/runs/2026-07-18-13-32-19/output/petsmart.geojson
Pylones,pylones.com,,pylones,https://alltheplaces.xyz/spiders.html?page_length=-1&num_runs=1,82,,https://alltheplaces-data.openaddresses.io/runs/2026-07-18-13-32-19/output/pylones.geojson
Qdoba,qdoba.com,,qdoba,https://alltheplaces.xyz/spiders.html?page_length=-1&num_runs=1,"4,275",Franchise,https://alltheplaces-data.openaddresses.io/runs/2026-07-18-13-32-19/output/qdoba.geojson
Quality Dairy,qualitydairy.com,us,quality_dairy_us,https://alltheplaces.xyz/spiders.html?page_length=-1&num_runs=1,26,,https://alltheplaces-data.openaddresses.io/runs/2026-07-18-13-32-19/output/quality_dairy_us.geojson
Quest Diagnostics,questdiagnostics.com,,quest_diagnostics,https://alltheplaces.xyz/spiders.html?page_length=-1&num_runs=1,"2,303",,https://alltheplaces-data.openaddresses.io/runs/2026-07-18-13-32-19/output/quest_diagnostics.geojson
Quickchek,quickchek.com,us,quickchek_us,https://alltheplaces.xyz/spiders.html?page_length=-1&num_runs=1,152,,https://alltheplaces-data.openaddresses.io/runs/2026-07-18-13-32-19/output/quickchek_us.geojson
Quiktrip,quiktrip.com,us,quiktrip_us,https://alltheplaces.xyz/spiders.html?page_length=-1&num_runs=1,"1,245",,https://alltheplaces-data.openaddresses.io/runs/2026-07-18-13-32-19/output/quiktrip_us.geojson
Quiznos,quiznos.com,,quiznos,https://alltheplaces.xyz/spiders.html?page_length=-1&num_runs=1,219,Franchise,https://alltheplaces-data.openaddresses.io/runs/2026-07-18-13-32-19/output/quiznos.geojson
Raleys,raleys.com,us,raleys_us,https://alltheplaces.xyz/spiders.html?page_length=-1&num_runs=1,115,,https://alltheplaces-data.openaddresses.io/runs/2026-07-18-13-32-19/output/raleys_us.geojson
Ralph Lauren,ralphlauren.com,,ralph_lauren,https://alltheplaces.xyz/spiders.html?page_length=-1&num_runs=1,,,https://alltheplaces-data.openaddresses.io/runs/2026-07-18-13-32-19/output/ralph_lauren.geojson
Redcross,redcross.org.uk,gb,redcross_gb,https://alltheplaces.xyz/spiders.html?page_length=-1&num_runs=1,261,,https://alltheplaces-data.openaddresses.io/runs/2026-07-18-13-32-19/output/redcross_gb.geojson
Red Robin,redrobin.com,,red_robin,https://alltheplaces.xyz/spiders.html?page_length=-1&num_runs=1,,Franchise,https://alltheplaces-data.openaddresses.io/runs/2026-07-18-13-32-19/output/red_robin.geojson
Red Roof,redroof.com,us,red_roof_us,https://alltheplaces.xyz/spiders.html?page_length=-1&num_runs=1,731,Franchise,https://alltheplaces-data.openaddresses.io/runs/2026-07-18-13-32-19/output/red_roof_us.geojson
Regal Nails,regalnails.com,us,regal_nails_us,https://alltheplaces.xyz/spiders.html?page_length=-1&num_runs=1,"1,763",Franchise,https://alltheplaces-data.openaddresses.io/runs/2026-07-18-13-32-19/output/regal_nails_us.geojson
Reiss,reiss.co.uk,gb,reiss_gb,https://alltheplaces.xyz/spiders.html?page_length=-1&num_runs=1,97,,https://alltheplaces-data.openaddresses.io/runs/2026-07-18-13-32-19/output/reiss_gb.geojson
Remax,remax.co.uk,gb,remax_gb,https://alltheplaces.xyz/spiders.html?page_length=-1&num_runs=1,,,https://alltheplaces-data.openaddresses.io/runs/2026-07-18-13-32-19/output/remax_gb.geojson
Rentacenter,rentacenter.com,us,rentacenter_us,https://alltheplaces.xyz/spiders.html?page_length=-1&num_runs=1,"1,838",,https://alltheplaces-data.openaddresses.io/runs/2026-07-18-13-32-19/output/rentacenter_us.geojson
Repco,repcoworld.com,,repco,https://alltheplaces.xyz/spiders.html?page_length=-1&num_runs=1,,,https://alltheplaces-data.openaddresses.io/runs/2026-07-18-13-32-19/output/repco.geojson
Rexel,rexelusa.com,gb,rexel_gb,https://alltheplaces.xyz/spiders.html?page_length=-1&num_runs=1,241,,https://alltheplaces-data.openaddresses.io/runs/2026-07-18-13-32-19/output/rexel_gb.geojson
Ribcrib,ribcrib.com,us,ribcrib_us,https://alltheplaces.xyz/spiders.html?page_length=-1&num_runs=1,47,,https://alltheplaces-data.openaddresses.io/runs/2026-07-18-13-32-19/output/ribcrib_us.geojson
Ricoh Europe,ricoh-europe.com,,ricoh_europe,https://alltheplaces.xyz/spiders.html?page_length=-1&num_runs=1,129,,https://alltheplaces-data.openaddresses.io/runs/2026-07-18-13-32-19/output/ricoh_europe.geojson
Right At Home,rightathome.net,gb,right_at_home_gb,https://alltheplaces.xyz/spiders.html?page_length=-1&num_runs=1,83,Franchise,https://alltheplaces-data.openaddresses.io/runs/2026-07-18-13-32-19/output/right_at_home_gb.geojson
Ritas Italian Ice,ritasice.com,,ritas_italian_ice,https://alltheplaces.xyz/spiders.html?page_length=-1&num_runs=1,622,Franchise,https://alltheplaces-data.openaddresses.io/runs/2026-07-18-13-32-19/output/ritas_italian_ice.geojson
Road Ranger,roadrangerusa.com,us,road_ranger_us,https://alltheplaces.xyz/spiders.html?page_length=-1&num_runs=1,55,,https://alltheplaces-data.openaddresses.io/runs/2026-07-18-13-32-19/output/road_ranger_us.geojson
Road Runner Sports,roadrunnersports.com,us,road_runner_sports_us,https://alltheplaces.xyz/spiders.html?page_length=-1&num_runs=1,53,,https://alltheplaces-data.openaddresses.io/runs/2026-07-18-13-32-19/output/road_runner_sports_us.geojson
Cash Converters,roanokecashconverters.co.uk,gb,cash_converters_gb,https://alltheplaces.xyz/spiders.html?page_length=-1&num_runs=1,198,,https://alltheplaces-data.openaddresses.io/runs/2026-07-18-13-32-19/output/cash_converters_gb.geojson
Robert Dyas,robertdyas.co.uk,gb,robert_dyas_gb,https://alltheplaces.xyz/spiders.html?page_length=-1&num_runs=1,,,https://alltheplaces-data.openaddresses.io/runs/2026-07-18-13-32-19/output/robert_dyas_gb.geojson
Rodda Paint,roddapaint.com,us,rodda_paint_us,https://alltheplaces.xyz/spiders.html?page_length=-1&num_runs=1,61,,https://alltheplaces-data.openaddresses.io/runs/2026-07-18-13-32-19/output/rodda_paint_us.geojson
Rona,rona.ca,,rona,https://alltheplaces.xyz/spiders.html?page_length=-1&num_runs=1,,,https://alltheplaces-data.openaddresses.io/runs/2026-07-18-13-32-19/output/rona.geojson
Ron Jon Surf Shop,ronjonsurfshop.com,us,ron_jon_surf_shop_us,https://alltheplaces.xyz/spiders.html?page_length=-1&num_runs=1,12,,https://alltheplaces-data.openaddresses.io/runs/2026-07-18-13-32-19/output/ron_jon_surf_shop_us.geojson
Rosauers,rosauers.com,us,rosauers_us,https://alltheplaces.xyz/spiders.html?page_length=-1&num_runs=1,24,,https://alltheplaces-data.openaddresses.io/runs/2026-07-18-13-32-19/output/rosauers_us.geojson
Ross Dress For Less,rossstores.com,us,ross_dress_for_less_us,https://alltheplaces.xyz/spiders.html?page_length=-1&num_runs=1,"1,963",,https://alltheplaces-data.openaddresses.io/runs/2026-07-18-13-32-19/output/ross_dress_for_less_us.geojson
Rotten Robbie,rottenrobbie.com,us,rotten_robbie_us,https://alltheplaces.xyz/spiders.html?page_length=-1&num_runs=1,39,,https://alltheplaces-data.openaddresses.io/runs/2026-07-18-13-32-19/output/rotten_robbie_us.geojson
Round Table Pizza,roundtablepizza.com,,round_table_pizza,https://alltheplaces.xyz/spiders.html?page_length=-1&num_runs=1,372,Franchise,https://alltheplaces-data.openaddresses.io/runs/2026-07-18-13-32-19/output/round_table_pizza.geojson
Rouses,rouses.com,us,rouses_us,https://alltheplaces.xyz/spiders.html?page_length=-1&num_runs=1,70,,https://alltheplaces-data.openaddresses.io/runs/2026-07-18-13-32-19/output/rouses_us.geojson
Royal Farms,royalfarms.com,,royal_farms,https://alltheplaces.xyz/spiders.html?page_length=-1&num_runs=1,319,,https://alltheplaces-data.openaddresses.io/runs/2026-07-18-13-32-19/output/royal_farms.geojson
Rsea Safety,rsea.com.au,au,rsea_safety_au,https://alltheplaces.xyz/spiders.html?page_length=-1&num_runs=1,93,,https://alltheplaces-data.openaddresses.io/runs/2026-07-18-13-32-19/output/rsea_safety_au.geojson
Rue21,rue21.com,us,rue21_us,https://alltheplaces.xyz/spiders.html?page_length=-1&num_runs=1,121,,https://alltheplaces-data.openaddresses.io/runs/2026-07-18-13-32-19/output/rue21_us.geojson
Ruler Foods,rulerfoods.com,us,ruler_foods_us,https://alltheplaces.xyz/spiders.html?page_length=-1&num_runs=1,,,https://alltheplaces-data.openaddresses.io/runs/2026-07-18-13-32-19/output/ruler_foods_us.geojson
Rural King,ruralking.com,us,rural_king_us,https://alltheplaces.xyz/spiders.html?page_length=-1&num_runs=1,,,https://alltheplaces-data.openaddresses.io/runs/2026-07-18-13-32-19/output/rural_king_us.geojson
Ryman,ryman.com,gb,ryman_gb,https://alltheplaces.xyz/spiders.html?page_length=-1&num_runs=1,,,https://alltheplaces-data.openaddresses.io/runs/2026-07-18-13-32-19/output/ryman_gb.geojson
Sae Institute,sae.edu,au,sae_institute_au,https://alltheplaces.xyz/spiders.html?page_length=-1&num_runs=1,6,,https://alltheplaces-data.openaddresses.io/runs/2026-07-18-13-32-19/output/sae_institute_au.geojson
Sae Institute,sae.edu,us,sae_institute_us,https://alltheplaces.xyz/spiders.html?page_length=-1&num_runs=1,5,,https://alltheplaces-data.openaddresses.io/runs/2026-07-18-13-32-19/output/sae_institute_us.geojson
Safelite,safelite.com,,safelite,https://alltheplaces.xyz/spiders.html?page_length=-1&num_runs=1,864,,https://alltheplaces-data.openaddresses.io/runs/2026-07-18-13-32-19/output/safelite.geojson
Safeway,safeway.com,,safeway,https://alltheplaces.xyz/spiders.html?page_length=-1&num_runs=1,"1,941",,https://alltheplaces-data.openaddresses.io/runs/2026-07-18-13-32-19/output/safeway.geojson
Sainsburys,sainsburys.co.uk,,sainsburys,https://alltheplaces.xyz/spiders.html?page_length=-1&num_runs=1,"2,058",,https://alltheplaces-data.openaddresses.io/runs/2026-07-18-13-32-19/output/sainsburys.geojson
Sally Beauty,sallybeauty.ca,ca,sally_beauty_ca,https://alltheplaces.xyz/spiders.html?page_length=-1&num_runs=1,105,,https://alltheplaces-data.openaddresses.io/runs/2026-07-18-13-32-19/output/sally_beauty_ca.geojson
Sally Beauty,sallybeauty.co.uk,gb,sally_beauty_gb,https://alltheplaces.xyz/spiders.html?page_length=-1&num_runs=1,223,,https://alltheplaces-data.openaddresses.io/runs/2026-07-18-13-32-19/output/sally_beauty_gb.geojson
Sally Beauty,sallybeauty.com,us,sally_beauty_us,https://alltheplaces.xyz/spiders.html?page_length=-1&num_runs=1,"2,274",,https://alltheplaces-data.openaddresses.io/runs/2026-07-18-13-32-19/output/sally_beauty_us.geojson
Salon Centric,saloncentric.com,us,salon_centric_us,https://alltheplaces.xyz/spiders.html?page_length=-1&num_runs=1,667,Franchise,https://alltheplaces-data.openaddresses.io/runs/2026-07-18-13-32-19/output/salon_centric_us.geojson
Sams Club,samsclub.com,,sams_club,https://alltheplaces.xyz/spiders.html?page_length=-1&num_runs=1,,,https://alltheplaces-data.openaddresses.io/runs/2026-07-18-13-32-19/output/sams_club.geojson
Saq,saq.ca,ca,saq_ca,https://alltheplaces.xyz/spiders.html?page_length=-1&num_runs=1,401,,https://alltheplaces-data.openaddresses.io/runs/2026-07-18-13-32-19/output/saq_ca.geojson
Sara Campbell,saracampbell.com,us,sara_campbell_us,https://alltheplaces.xyz/spiders.html?page_length=-1&num_runs=1,,,https://alltheplaces-data.openaddresses.io/runs/2026-07-18-13-32-19/output/sara_campbell_us.geojson
Save A Lot,savealot.com,us,save_a_lot_us,https://alltheplaces.xyz/spiders.html?page_length=-1&num_runs=1,622,,https://alltheplaces-data.openaddresses.io/runs/2026-07-18-13-32-19/output/save_a_lot_us.geojson
Save Mart,savemart.com,us,save_mart_us,https://alltheplaces.xyz/spiders.html?page_length=-1&num_runs=1,,,https://alltheplaces-data.openaddresses.io/runs/2026-07-18-13-32-19/output/save_mart_us.geojson
Savers,savers.com,au,savers_au,https://alltheplaces.xyz/spiders.html?page_length=-1&num_runs=1,37,,https://alltheplaces-data.openaddresses.io/runs/2026-07-18-13-32-19/output/savers_au.geojson
Savers,savers.com,gb,savers_gb,https://alltheplaces.xyz/spiders.html?page_length=-1&num_runs=1,,,https://alltheplaces-data.openaddresses.io/runs/2026-07-18-13-32-19/output/savers_gb.geojson
Savers,savers.com,us,savers_ca_us,https://alltheplaces.xyz/spiders.html?page_length=-1&num_runs=1,677,,https://alltheplaces-data.openaddresses.io/runs/2026-07-18-13-32-19/output/savers_ca_us.geojson
Sbarro,sbarro.com,,sbarro,https://alltheplaces.xyz/spiders.html?page_length=-1&num_runs=1,827,Franchise,https://alltheplaces-data.openaddresses.io/runs/2026-07-18-13-32-19/output/sbarro.geojson
Schlotzskys,schlotzskys.com,,schlotzskys,https://alltheplaces.xyz/spiders.html?page_length=-1&num_runs=1,173,Franchise,https://alltheplaces-data.openaddresses.io/runs/2026-07-18-13-32-19/output/schlotzskys.geojson
Schnucks,schnucks.com,us,schnucks_us,https://alltheplaces.xyz/spiders.html?page_length=-1&num_runs=1,111,,https://alltheplaces-data.openaddresses.io/runs/2026-07-18-13-32-19/output/schnucks_us.geojson
School Of Rock,schoolofrock.com,,school_of_rock,https://alltheplaces.xyz/spiders.html?page_length=-1&num_runs=1,89,Franchise,https://alltheplaces-data.openaddresses.io/runs/2026-07-18-13-32-19/output/school_of_rock.geojson
Scooters Coffee,scooterscoffee.com,us,scooters_coffee_us,https://alltheplaces.xyz/spiders.html?page_length=-1&num_runs=1,830,Franchise,https://alltheplaces-data.openaddresses.io/runs/2026-07-18-13-32-19/output/scooters_coffee_us.geojson
Scotiabank,scotiabank.com,,scotiabank,https://alltheplaces.xyz/spiders.html?page_length=-1&num_runs=1,868,,https://alltheplaces-data.openaddresses.io/runs/2026-07-18-13-32-19/output/scotiabank.geojson
Scotmid,scotmid.coop,gb,scotmid_gb,https://alltheplaces.xyz/spiders.html?page_length=-1&num_runs=1,256,,https://alltheplaces-data.openaddresses.io/runs/2026-07-18-13-32-19/output/scotmid_gb.geojson
Screwfix,screwfix.co.uk,gb,screwfix_gb,https://alltheplaces.xyz/spiders.html?page_length=-1&num_runs=1,936,,https://alltheplaces-data.openaddresses.io/runs/2026-07-18-13-32-19/output/screwfix_gb.geojson
Scrubs & Beyond,scrubsandbeyond.com,us,scrubs_and_beyond_us,https://alltheplaces.xyz/spiders.html?page_length=-1&num_runs=1,116,,https://alltheplaces-data.openaddresses.io/runs/2026-07-18-13-32-19/output/scrubs_and_beyond_us.geojson
Sendiks,sendiks.com,,sendiks,https://alltheplaces.xyz/spiders.html?page_length=-1&num_runs=1,,,https://alltheplaces-data.openaddresses.io/runs/2026-07-18-13-32-19/output/sendiks.geojson
Sephora,sephora.co.uk,gb,sephora_gb,https://alltheplaces.xyz/spiders.html?page_length=-1&num_runs=1,,,https://alltheplaces-data.openaddresses.io/runs/2026-07-18-13-32-19/output/sephora_gb.geojson
Sephora,sephora.com,us,sephora_us_ca,https://alltheplaces.xyz/spiders.html?page_length=-1&num_runs=1,650,,https://alltheplaces-data.openaddresses.io/runs/2026-07-18-13-32-19/output/sephora_us_ca.geojson
Just Cuts,setmore.com,,just_cuts,https://alltheplaces.xyz/spiders.html?page_length=-1&num_runs=1,228,,https://alltheplaces-data.openaddresses.io/runs/2026-07-18-13-32-19/output/just_cuts.geojson
Shahs Halal Food,shahshalalfood.com,us,shahs_halal_food_us,https://alltheplaces.xyz/spiders.html?page_length=-1&num_runs=1,171,Franchise,https://alltheplaces-data.openaddresses.io/runs/2026-07-18-13-32-19/output/shahs_halal_food_us.geojson
Sheetz,sheetz.com,,sheetz,https://alltheplaces.xyz/spiders.html?page_length=-1&num_runs=1,849,,https://alltheplaces-data.openaddresses.io/runs/2026-07-18-13-32-19/output/sheetz.geojson
Sheike,sheike.com.au,au,sheike_au,https://alltheplaces.xyz/spiders.html?page_length=-1&num_runs=1,52,,https://alltheplaces-data.openaddresses.io/runs/2026-07-18-13-32-19/output/sheike_au.geojson
Shell,shell.com.au,au,shell_au,https://alltheplaces.xyz/spiders.html?page_length=-1&num_runs=1,"2,195",Franchise,https://alltheplaces-data.openaddresses.io/runs/2026-07-18-13-32-19/output/shell_au.geojson
Sherwin Williams,sherwin-williams.com,,sherwin_williams,https://alltheplaces.xyz/spiders.html?page_length=-1&num_runs=1,"2,629",,https://alltheplaces-data.openaddresses.io/runs/2026-07-18-13-32-19/output/sherwin_williams.geojson
Shoe Carnival,shoecarnival.com,us,shoe_carnival_us,https://alltheplaces.xyz/spiders.html?page_length=-1&num_runs=1,257,,https://alltheplaces-data.openaddresses.io/runs/2026-07-18-13-32-19/output/shoe_carnival_us.geojson
Shoe Show Mega,shoeshowmega.com,us,shoe_show_mega_us,https://alltheplaces.xyz/spiders.html?page_length=-1&num_runs=1,933,,https://alltheplaces-data.openaddresses.io/runs/2026-07-18-13-32-19/output/shoe_show_mega_us.geojson
Forty Winks,shopfortywinks.com.au,au,forty_winks_au,https://alltheplaces.xyz/spiders.html?page_length=-1&num_runs=1,117,,https://alltheplaces-data.openaddresses.io/runs/2026-07-18-13-32-19/output/forty_winks_au.geojson
Shopko,shopko.com,,shopko,https://alltheplaces.xyz/spiders.html?page_length=-1&num_runs=1,159,,https://alltheplaces-data.openaddresses.io/runs/2026-07-18-13-32-19/output/shopko.geojson
Market Basket,shopmarketbasket.com,us,market_basket_us,https://alltheplaces.xyz/spiders.html?page_length=-1&num_runs=1,95,,https://alltheplaces-data.openaddresses.io/runs/2026-07-18-13-32-19/output/market_basket_us.geojson
Shoppers Drug Mart,shoppersdrugmart.ca,ca,shoppers_drug_mart_ca,https://alltheplaces.xyz/spiders.html?page_length=-1&num_runs=1,"1,285",,https://alltheplaces-data.openaddresses.io/runs/2026-07-18-13-32-19/output/shoppers_drug_mart_ca.geojson
Shoprite,shoprite.com,us,shoprite_us,https://alltheplaces.xyz/spiders.html?page_length=-1&num_runs=1,314,,https://alltheplaces-data.openaddresses.io/runs/2026-07-18-13-32-19/output/shoprite_us.geojson
Sig Roofing,sigroofing.co.uk,gb,sig_roofing_gb,https://alltheplaces.xyz/spiders.html?page_length=-1&num_runs=1,105,,https://alltheplaces-data.openaddresses.io/runs/2026-07-18-13-32-19/output/sig_roofing_gb.geojson
Simonmed,simonmed.com,,simonmed,https://alltheplaces.xyz/spiders.html?page_length=-1&num_runs=1,,,https://alltheplaces-data.openaddresses.io/runs/2026-07-18-13-32-19/output/simonmed.geojson
Simple Simons Pizza,simplesimonspizza.com,us,simple_simons_pizza_us,https://alltheplaces.xyz/spiders.html?page_length=-1&num_runs=1,206,,https://alltheplaces-data.openaddresses.io/runs/2026-07-18-13-32-19/output/simple_simons_pizza_us.geojson
Sinclair,sinclair.edu,us,sinclair_us,https://alltheplaces.xyz/spiders.html?page_length=-1&num_runs=1,"1,844",,https://alltheplaces-data.openaddresses.io/runs/2026-07-18-13-32-19/output/sinclair_us.geojson
Sinsay,sinsay.com,,sinsay,https://alltheplaces.xyz/spiders.html?page_length=-1&num_runs=1,"2,650",,https://alltheplaces-data.openaddresses.io/runs/2026-07-18-13-32-19/output/sinsay.geojson
Sixt,sixt.com,,sixt,https://alltheplaces.xyz/spiders.html?page_length=-1&num_runs=1,"2,260",,https://alltheplaces-data.openaddresses.io/runs/2026-07-18-13-32-19/output/sixt.geojson
Sky Zone,skyzone.com,,sky_zone,https://alltheplaces.xyz/spiders.html?page_length=-1&num_runs=1,,Franchise,https://alltheplaces-data.openaddresses.io/runs/2026-07-18-13-32-19/output/sky_zone.geojson
Sleep Number,sleepnumber.com,us,sleep_number_us,https://alltheplaces.xyz/spiders.html?page_length=-1&num_runs=1,569,,https://alltheplaces-data.openaddresses.io/runs/2026-07-18-13-32-19/output/sleep_number_us.geojson
Slim Chickens,slimchickens.co.uk,gb,slim_chickens_gb,https://alltheplaces.xyz/spiders.html?page_length=-1&num_runs=1,74,Franchise,https://alltheplaces-data.openaddresses.io/runs/2026-07-18-13-32-19/output/slim_chickens_gb.geojson
Smart & Final,smartandfinal.com,us,smart_and_final_us,https://alltheplaces.xyz/spiders.html?page_length=-1&num_runs=1,253,,https://alltheplaces-data.openaddresses.io/runs/2026-07-18-13-32-19/output/smart_and_final_us.geojson
Smashburger,smashburger.com,,smashburger,https://alltheplaces.xyz/spiders.html?page_length=-1&num_runs=1,165,Franchise,https://alltheplaces-data.openaddresses.io/runs/2026-07-18-13-32-19/output/smashburger.geojson
Smiggle,smiggle.co.uk,,smiggle,https://alltheplaces.xyz/spiders.html?page_length=-1&num_runs=1,273,,https://alltheplaces-data.openaddresses.io/runs/2026-07-18-13-32-19/output/smiggle.geojson
Smoothie King,smoothieking.com,us,smoothie_king_ky_us_tt,https://alltheplaces.xyz/spiders.html?page_length=-1&num_runs=1,"1,287",Franchise,https://alltheplaces-data.openaddresses.io/runs/2026-07-18-13-32-19/output/smoothie_king_ky_us_tt.geojson
Smythstoys,smythstoys.co.uk,gb,smythstoys_gb,https://alltheplaces.xyz/spiders.html?page_length=-1&num_runs=1,133,,https://alltheplaces-data.openaddresses.io/runs/2026-07-18-13-32-19/output/smythstoys_gb.geojson
Snap Fitness,snapfitness.com,,snap_fitness,https://alltheplaces.xyz/spiders.html?page_length=-1&num_runs=1,"1,041",Franchise,https://alltheplaces-data.openaddresses.io/runs/2026-07-18-13-32-19/output/snap_fitness.geojson
Sobeys,sobeys.ca,ca,sobeys_ca,https://alltheplaces.xyz/spiders.html?page_length=-1&num_runs=1,,,https://alltheplaces-data.openaddresses.io/runs/2026-07-18-13-32-19/output/sobeys_ca.geojson
Societe Generale,societegenerale.com,,societe_generale,https://alltheplaces.xyz/spiders.html?page_length=-1&num_runs=1,"5,746",,https://alltheplaces-data.openaddresses.io/runs/2026-07-18-13-32-19/output/societe_generale.geojson
Sofology,sofology.co.uk,gb,sofology_gb,https://alltheplaces.xyz/spiders.html?page_length=-1&num_runs=1,58,,https://alltheplaces-data.openaddresses.io/runs/2026-07-18-13-32-19/output/sofology_gb.geojson
Sola Salon Studios,solasalonstudios.com,,sola_salon_studios,https://alltheplaces.xyz/spiders.html?page_length=-1&num_runs=1,771,Franchise,https://alltheplaces-data.openaddresses.io/runs/2026-07-18-13-32-19/output/sola_salon_studios.geojson
Soletrader,soletraderenergy.org,gb,soletrader_gb,https://alltheplaces.xyz/spiders.html?page_length=-1&num_runs=1,,,https://alltheplaces-data.openaddresses.io/runs/2026-07-18-13-32-19/output/soletrader_gb.geojson
Sostrene Grene,sostrenegrene.com,,sostrene_grene,https://alltheplaces.xyz/spiders.html?page_length=-1&num_runs=1,377,,https://alltheplaces-data.openaddresses.io/runs/2026-07-18-13-32-19/output/sostrene_grene.geojson
Specsavers,specsavers.co.uk,,specsavers,https://alltheplaces.xyz/spiders.html?page_length=-1&num_runs=1,,,https://alltheplaces-data.openaddresses.io/runs/2026-07-18-13-32-19/output/specsavers.geojson
Speedee,speedeeoil.com,us,speedee_us,https://alltheplaces.xyz/spiders.html?page_length=-1&num_runs=1,100,Franchise,https://alltheplaces-data.openaddresses.io/runs/2026-07-18-13-32-19/output/speedee_us.geojson
Speedy Stop,speedystop.com,us,speedy_stop_us,https://alltheplaces.xyz/spiders.html?page_length=-1&num_runs=1,25,,https://alltheplaces-data.openaddresses.io/runs/2026-07-18-13-32-19/output/speedy_stop_us.geojson
Spirit Halloween,spirithalloween.com,,spirit_halloween,https://alltheplaces.xyz/spiders.html?page_length=-1&num_runs=1,"1,385",,https://alltheplaces-data.openaddresses.io/runs/2026-07-18-13-32-19/output/spirit_halloween.geojson
Sport Clips,sportclips.ca,ca,sport_clips_ca,https://alltheplaces.xyz/spiders.html?page_length=-1&num_runs=1,33,,https://alltheplaces-data.openaddresses.io/runs/2026-07-18-13-32-19/output/sport_clips_ca.geojson
Sport Clips,sportclips.com,us,sport_clips_us,https://alltheplaces.xyz/spiders.html?page_length=-1&num_runs=1,"1,767",Franchise,https://alltheplaces-data.openaddresses.io/runs/2026-07-18-13-32-19/output/sport_clips_us.geojson
Spring Market,spring-market.com,us,spring_market_us,https://alltheplaces.xyz/spiders.html?page_length=-1&num_runs=1,38,,https://alltheplaces-data.openaddresses.io/runs/2026-07-18-13-32-19/output/spring_market_us.geojson
Sprouts Farmers Market,sprouts.com,,sprouts_farmers_market,https://alltheplaces.xyz/spiders.html?page_length=-1&num_runs=1,507,,https://alltheplaces-data.openaddresses.io/runs/2026-07-18-13-32-19/output/sprouts_farmers_market.geojson
Staples,staples.ca,ca,staples_ca,https://alltheplaces.xyz/spiders.html?page_length=-1&num_runs=1,531,,https://alltheplaces-data.openaddresses.io/runs/2026-07-18-13-32-19/output/staples_ca.geojson
Staples,staples.com,,staples,https://alltheplaces.xyz/spiders.html?page_length=-1&num_runs=1,"2,721",,https://alltheplaces-data.openaddresses.io/runs/2026-07-18-13-32-19/output/staples.geojson
State Farm,statefarm.com,us,state_farm_us,https://alltheplaces.xyz/spiders.html?page_length=-1&num_runs=1,,,https://alltheplaces-data.openaddresses.io/runs/2026-07-18-13-32-19/output/state_farm_us.geojson
Stater Bros,staterbros.com,us,stater_bros_us,https://alltheplaces.xyz/spiders.html?page_length=-1&num_runs=1,,,https://alltheplaces-data.openaddresses.io/runs/2026-07-18-13-32-19/output/stater_bros_us.geojson
Steak N Shake,steaknshake.com,,steak_n_shake,https://alltheplaces.xyz/spiders.html?page_length=-1&num_runs=1,391,Franchise,https://alltheplaces-data.openaddresses.io/runs/2026-07-18-13-32-19/output/steak_n_shake.geojson
Ster Kinekor,sterkinekor.com,,ster_kinekor,https://alltheplaces.xyz/spiders.html?page_length=-1&num_runs=1,,,https://alltheplaces-data.openaddresses.io/runs/2026-07-18-13-32-19/output/ster_kinekor.geojson
Subway,subway.com,us,subway_us,https://alltheplaces.xyz/spiders.html?page_length=-1&num_runs=1,"17,947",Franchise,https://alltheplaces-data.openaddresses.io/runs/2026-07-18-13-32-19/output/subway_us.geojson
Sue Ryder,sueryder.org,gb,sue_ryder_gb,https://alltheplaces.xyz/spiders.html?page_length=-1&num_runs=1,376,,https://alltheplaces-data.openaddresses.io/runs/2026-07-18-13-32-19/output/sue_ryder_gb.geojson
Suitsupply,suitsupply.com,,suitsupply,https://alltheplaces.xyz/spiders.html?page_length=-1&num_runs=1,111,,https://alltheplaces-data.openaddresses.io/runs/2026-07-18-13-32-19/output/suitsupply.geojson
Sun Auto Service,sunautoservice.com,us,sun_auto_service_us,https://alltheplaces.xyz/spiders.html?page_length=-1&num_runs=1,597,,https://alltheplaces-data.openaddresses.io/runs/2026-07-18-13-32-19/output/sun_auto_service_us.geojson
Sunglass Hut,sunglasshut.com,gb,sunglass_hut_gb,https://alltheplaces.xyz/spiders.html?page_length=-1&num_runs=1,57,,https://alltheplaces-data.openaddresses.io/runs/2026-07-18-13-32-19/output/sunglass_hut_gb.geojson
Sunglass Hut,sunglasshut.com,,sunglass_hut,https://alltheplaces.xyz/spiders.html?page_length=-1&num_runs=1,"5,538",,https://alltheplaces-data.openaddresses.io/runs/2026-07-18-13-32-19/output/sunglass_hut.geojson
Sunoco,sunoco.com,us,sunoco_us,https://alltheplaces.xyz/spiders.html?page_length=-1&num_runs=1,"5,573",Franchise,https://alltheplaces-data.openaddresses.io/runs/2026-07-18-13-32-19/output/sunoco_us.geojson
Supercuts,supercuts.com,,supercuts,https://alltheplaces.xyz/spiders.html?page_length=-1&num_runs=1,"1,715",Franchise,https://alltheplaces-data.openaddresses.io/runs/2026-07-18-13-32-19/output/supercuts.geojson
Superdrug,superdrug.com,,superdrug,https://alltheplaces.xyz/spiders.html?page_length=-1&num_runs=1,873,,https://alltheplaces-data.openaddresses.io/runs/2026-07-18-13-32-19/output/superdrug.geojson
Superdry,superdry.com,,superdry,https://alltheplaces.xyz/spiders.html?page_length=-1&num_runs=1,283,,https://alltheplaces-data.openaddresses.io/runs/2026-07-18-13-32-19/output/superdry.geojson
Super One Foods,superonefoods.com,us,super_one_foods_us,https://alltheplaces.xyz/spiders.html?page_length=-1&num_runs=1,33,,https://alltheplaces-data.openaddresses.io/runs/2026-07-18-13-32-19/output/super_one_foods_us.geojson
Sur La Table,surlatable.com,us,sur_la_table_us,https://alltheplaces.xyz/spiders.html?page_length=-1&num_runs=1,58,,https://alltheplaces-data.openaddresses.io/runs/2026-07-18-13-32-19/output/sur_la_table_us.geojson
Sweetfrog,sweetfrog.com,us,sweetfrog_us,https://alltheplaces.xyz/spiders.html?page_length=-1&num_runs=1,207,Franchise,https://alltheplaces-data.openaddresses.io/runs/2026-07-18-13-32-19/output/sweetfrog_us.geojson
Sydney Tools,sydneytools.com.au,au,sydney_tools_au,https://alltheplaces.xyz/spiders.html?page_length=-1&num_runs=1,119,,https://alltheplaces-data.openaddresses.io/runs/2026-07-18-13-32-19/output/sydney_tools_au.geojson
Synsam,synsam.fi,,synsam,https://alltheplaces.xyz/spiders.html?page_length=-1&num_runs=1,490,,https://alltheplaces-data.openaddresses.io/runs/2026-07-18-13-32-19/output/synsam.geojson
Taco Bell,tacobell.com,us,taco_bell_us,https://alltheplaces.xyz/spiders.html?page_length=-1&num_runs=1,"8,251",Franchise,https://alltheplaces-data.openaddresses.io/runs/2026-07-18-13-32-19/output/taco_bell_us.geojson
Taco Johns,tacojohns.com,us,taco_johns_us,https://alltheplaces.xyz/spiders.html?page_length=-1&num_runs=1,322,Franchise,https://alltheplaces-data.openaddresses.io/runs/2026-07-18-13-32-19/output/taco_johns_us.geojson
Taco Time,tacotime.ca,ca,taco_time_ca,https://alltheplaces.xyz/spiders.html?page_length=-1&num_runs=1,127,Franchise,https://alltheplaces-data.openaddresses.io/runs/2026-07-18-13-32-19/output/taco_time_ca.geojson
Talbots,talbots.com,us,talbots_us,https://alltheplaces.xyz/spiders.html?page_length=-1&num_runs=1,,,https://alltheplaces-data.openaddresses.io/runs/2026-07-18-13-32-19/output/talbots_us.geojson
Travelcenters Of America,ta-petro.com,us,travelcenters_of_america_us,https://alltheplaces.xyz/spiders.html?page_length=-1&num_runs=1,362,Franchise,https://alltheplaces-data.openaddresses.io/runs/2026-07-18-13-32-19/output/travelcenters_of_america_us.geojson
Target,target.com,us,target_us,https://alltheplaces.xyz/spiders.html?page_length=-1&num_runs=1,985,,https://alltheplaces-data.openaddresses.io/runs/2026-07-18-13-32-19/output/target_us.geojson
Target,target.com.au,au,target_au,https://alltheplaces.xyz/spiders.html?page_length=-1&num_runs=1,,,https://alltheplaces-data.openaddresses.io/runs/2026-07-18-13-32-19/output/target_au.geojson
Tcby,tcby.com,,tcby,https://alltheplaces.xyz/spiders.html?page_length=-1&num_runs=1,129,Franchise,https://alltheplaces-data.openaddresses.io/runs/2026-07-18-13-32-19/output/tcby.geojson
Tchibo,tchibo.us,,tchibo,https://alltheplaces.xyz/spiders.html?page_length=-1&num_runs=1,771,,https://alltheplaces-data.openaddresses.io/runs/2026-07-18-13-32-19/output/tchibo.geojson
Teds Montana Grill,tedsmontanagrill.com,,teds_montana_grill,https://alltheplaces.xyz/spiders.html?page_length=-1&num_runs=1,37,,https://alltheplaces-data.openaddresses.io/runs/2026-07-18-13-32-19/output/teds_montana_grill.geojson
Telstra,telstra.com.au,au,telstra_au,https://alltheplaces.xyz/spiders.html?page_length=-1&num_runs=1,261,,https://alltheplaces-data.openaddresses.io/runs/2026-07-18-13-32-19/output/telstra_au.geojson
Tentworld,tentworld.com.au,au,tentworld_au,https://alltheplaces.xyz/spiders.html?page_length=-1&num_runs=1,14,,https://alltheplaces-data.openaddresses.io/runs/2026-07-18-13-32-19/output/tentworld_au.geojson
Teriyaki Madness,teriyakimadness.com,us,teriyaki_madness_us,https://alltheplaces.xyz/spiders.html?page_length=-1&num_runs=1,190,Franchise,https://alltheplaces-data.openaddresses.io/runs/2026-07-18-13-32-19/output/teriyaki_madness_us.geojson
Terminix,terminix.com,,terminix,https://alltheplaces.xyz/spiders.html?page_length=-1&num_runs=1,,,https://alltheplaces-data.openaddresses.io/runs/2026-07-18-13-32-19/output/terminix.geojson
Terry White Chemmart,terrywhitechemmart.com.au,au,terry_white_chemmart_au,https://alltheplaces.xyz/spiders.html?page_length=-1&num_runs=1,613,,https://alltheplaces-data.openaddresses.io/runs/2026-07-18-13-32-19/output/terry_white_chemmart_au.geojson
Tesla,tesla.com,,tesla,https://alltheplaces.xyz/spiders.html?page_length=-1&num_runs=1,,,https://alltheplaces-data.openaddresses.io/runs/2026-07-18-13-32-19/output/tesla.geojson
Texas Roadhouse,texasroadhouse.com,,texas_roadhouse,https://alltheplaces.xyz/spiders.html?page_length=-1&num_runs=1,848,Franchise,https://alltheplaces-data.openaddresses.io/runs/2026-07-18-13-32-19/output/texas_roadhouse.geojson
TGI Fridays,tgifridays.com,us,tgi_fridays_us,https://alltheplaces.xyz/spiders.html?page_length=-1&num_runs=1,71,Franchise,https://alltheplaces-data.openaddresses.io/runs/2026-07-18-13-32-19/output/tgi_fridays_us.geojson
Thai Express,thaiexpress.ca,ca,thai_express_ca,https://alltheplaces.xyz/spiders.html?page_length=-1&num_runs=1,299,Franchise,https://alltheplaces-data.openaddresses.io/runs/2026-07-18-13-32-19/output/thai_express_ca.geojson
The Afl Store,theaflstore.com.au,au,the_afl_store_au,https://alltheplaces.xyz/spiders.html?page_length=-1&num_runs=1,22,,https://alltheplaces-data.openaddresses.io/runs/2026-07-18-13-32-19/output/the_afl_store_au.geojson
The Counter,thecounter.com,us,the_counter_us,https://alltheplaces.xyz/spiders.html?page_length=-1&num_runs=1,7,Franchise,https://alltheplaces-data.openaddresses.io/runs/2026-07-18-13-32-19/output/the_counter_us.geojson
The Fresh Grocer,thefreshgrocer.com,us,the_fresh_grocer_us,https://alltheplaces.xyz/spiders.html?page_length=-1&num_runs=1,23,,https://alltheplaces-data.openaddresses.io/runs/2026-07-18-13-32-19/output/the_fresh_grocer_us.geojson
The Keg,thekeg.com,us,the_keg_ca_us,https://alltheplaces.xyz/spiders.html?page_length=-1&num_runs=1,2,,https://alltheplaces-data.openaddresses.io/runs/2026-07-18-13-32-19/output/the_keg_ca_us.geojson
The Lash Lounge,thelashlounge.com,us,the_lash_lounge_us,https://alltheplaces.xyz/spiders.html?page_length=-1&num_runs=1,55,Franchise,https://alltheplaces-data.openaddresses.io/runs/2026-07-18-13-32-19/output/the_lash_lounge_us.geojson
The Learning Experience,thelearningexperience.com,us,the_learning_experience_us,https://alltheplaces.xyz/spiders.html?page_length=-1&num_runs=1,488,Franchise,https://alltheplaces-data.openaddresses.io/runs/2026-07-18-13-32-19/output/the_learning_experience_us.geojson
The North Face,thenorthface.com,,the_north_face,https://alltheplaces.xyz/spiders.html?page_length=-1&num_runs=1,169,,https://alltheplaces-data.openaddresses.io/runs/2026-07-18-13-32-19/output/the_north_face.geojson
The Paper Store,thepaperstore.com,us,the_paper_store_us,https://alltheplaces.xyz/spiders.html?page_length=-1&num_runs=1,105,,https://alltheplaces-data.openaddresses.io/runs/2026-07-18-13-32-19/output/the_paper_store_us.geojson
Therapie Clinic,therapieclinic.com,,therapie_clinic,https://alltheplaces.xyz/spiders.html?page_length=-1&num_runs=1,95,,https://alltheplaces-data.openaddresses.io/runs/2026-07-18-13-32-19/output/therapie_clinic.geojson
Thomas Philipps,thomas-philipps.at,,thomas_philipps,https://alltheplaces.xyz/spiders.html?page_length=-1&num_runs=1,267,,https://alltheplaces-data.openaddresses.io/runs/2026-07-18-13-32-19/output/thomas_philipps.geojson
Thorntons,thorntonsinc.com,us,thorntons_us,https://alltheplaces.xyz/spiders.html?page_length=-1&num_runs=1,220,,https://alltheplaces-data.openaddresses.io/runs/2026-07-18-13-32-19/output/thorntons_us.geojson
Thrifty Foods,thriftyfoods.us,ca,thrifty_foods_ca,https://alltheplaces.xyz/spiders.html?page_length=-1&num_runs=1,,,https://alltheplaces-data.openaddresses.io/runs/2026-07-18-13-32-19/output/thrifty_foods_ca.geojson
Coviran,tienda.coviran.es,,coviran,https://alltheplaces.xyz/spiders.html?page_length=-1&num_runs=1,"2,486",,https://alltheplaces-data.openaddresses.io/runs/2026-07-18-13-32-19/output/coviran.geojson
Tillys,tillys.com,,tillys,https://alltheplaces.xyz/spiders.html?page_length=-1&num_runs=1,,,https://alltheplaces-data.openaddresses.io/runs/2026-07-18-13-32-19/output/tillys.geojson
Tim Hortons,timhortons.com,gb,tim_hortons_gb,https://alltheplaces.xyz/spiders.html?page_length=-1&num_runs=1,64,Franchise,https://alltheplaces-data.openaddresses.io/runs/2026-07-18-13-32-19/output/tim_hortons_gb.geojson
Tinq,tinq.com,,tinq,https://alltheplaces.xyz/spiders.html?page_length=-1&num_runs=1,458,,https://alltheplaces-data.openaddresses.io/runs/2026-07-18-13-32-19/output/tinq.geojson
Title Boxing Club,titleboxingclub.com,us,title_boxing_club_us,https://alltheplaces.xyz/spiders.html?page_length=-1&num_runs=1,93,Franchise,https://alltheplaces-data.openaddresses.io/runs/2026-07-18-13-32-19/output/title_boxing_club_us.geojson
Tmobile,t-mobile.com,us,tmobile_us,https://alltheplaces.xyz/spiders.html?page_length=-1&num_runs=1,"5,969",,https://alltheplaces-data.openaddresses.io/runs/2026-07-18-13-32-19/output/tmobile_us.geojson
Todomoda,todomoda.com,,todomoda,https://alltheplaces.xyz/spiders.html?page_length=-1&num_runs=1,530,,https://alltheplaces-data.openaddresses.io/runs/2026-07-18-13-32-19/output/todomoda.geojson
Tommy Hilfiger,tommy.ae,ae,tommy_hilfiger_ae,https://alltheplaces.xyz/spiders.html?page_length=-1&num_runs=1,,,https://alltheplaces-data.openaddresses.io/runs/2026-07-18-13-32-19/output/tommy_hilfiger_ae.geojson
Tommy Bahama,tommybahama.com,,tommy_bahama,https://alltheplaces.xyz/spiders.html?page_length=-1&num_runs=1,151,,https://alltheplaces-data.openaddresses.io/runs/2026-07-18-13-32-19/output/tommy_bahama.geojson
Tonys Fresh Market,tonysfreshmarket.com,us,tonys_fresh_market_us,https://alltheplaces.xyz/spiders.html?page_length=-1&num_runs=1,21,,https://alltheplaces-data.openaddresses.io/runs/2026-07-18-13-32-19/output/tonys_fresh_market_us.geojson
Toolstation,toolstation.com,,toolstation,https://alltheplaces.xyz/spiders.html?page_length=-1&num_runs=1,587,,https://alltheplaces-data.openaddresses.io/runs/2026-07-18-13-32-19/output/toolstation.geojson
Topgolf,topgolf.com,us,topgolf_us,https://alltheplaces.xyz/spiders.html?page_length=-1&num_runs=1,103,,https://alltheplaces-data.openaddresses.io/runs/2026-07-18-13-32-19/output/topgolf_us.geojson
Total Wine & More,totalwine.com,us,total_wine_and_more_us,https://alltheplaces.xyz/spiders.html?page_length=-1&num_runs=1,297,,https://alltheplaces-data.openaddresses.io/runs/2026-07-18-13-32-19/output/total_wine_and_more_us.geojson
Toyota,toyota.au,au,toyota_au,https://alltheplaces.xyz/spiders.html?page_length=-1&num_runs=1,966,,https://alltheplaces-data.openaddresses.io/runs/2026-07-18-13-32-19/output/toyota_au.geojson
Toysrus,toysrus.ca,us,toys_r_us_ca,https://alltheplaces.xyz/spiders.html?page_length=-1&num_runs=1,8,,https://alltheplaces-data.openaddresses.io/runs/2026-07-18-13-32-19/output/toys_r_us_ca.geojson
Tractor Supply,tractorsupply.com,,tractor_supply,https://alltheplaces.xyz/spiders.html?page_length=-1&num_runs=1,,,https://alltheplaces-data.openaddresses.io/runs/2026-07-18-13-32-19/output/tractor_supply.geojson
Tradelink,tradelinkllc.com.au,au,tradelink_au,https://alltheplaces.xyz/spiders.html?page_length=-1&num_runs=1,196,,https://alltheplaces-data.openaddresses.io/runs/2026-07-18-13-32-19/output/tradelink_au.geojson
Trader Joes,traderjoes.com,us,trader_joes_us,https://alltheplaces.xyz/spiders.html?page_length=-1&num_runs=1,661,,https://alltheplaces-data.openaddresses.io/runs/2026-07-18-13-32-19/output/trader_joes_us.geojson
Travis Perkins,travisperkins.co.uk,gb,travis_perkins_gb,https://alltheplaces.xyz/spiders.html?page_length=-1&num_runs=1,532,,https://alltheplaces-data.openaddresses.io/runs/2026-07-18-13-32-19/output/travis_perkins_gb.geojson
Tropical Smoothie Cafe,tropicalsmoothiecafe.com,us,tropical_smoothie_cafe_us,https://alltheplaces.xyz/spiders.html?page_length=-1&num_runs=1,"1,784",Franchise,https://alltheplaces-data.openaddresses.io/runs/2026-07-18-13-32-19/output/tropical_smoothie_cafe_us.geojson
Truly Nolen,trulynolen.com,us,truly_nolen_us,https://alltheplaces.xyz/spiders.html?page_length=-1&num_runs=1,119,,https://alltheplaces-data.openaddresses.io/runs/2026-07-18-13-32-19/output/truly_nolen_us.geojson
Tudors Biscuit World,tudorsbiscuitworld.com,us,tudors_biscuit_world_us,https://alltheplaces.xyz/spiders.html?page_length=-1&num_runs=1,72,,https://alltheplaces-data.openaddresses.io/runs/2026-07-18-13-32-19/output/tudors_biscuit_world_us.geojson
Twin Peaks,twinpeaksrestaurant.com,,twin_peaks,https://alltheplaces.xyz/spiders.html?page_length=-1&num_runs=1,117,Franchise,https://alltheplaces-data.openaddresses.io/runs/2026-07-18-13-32-19/output/twin_peaks.geojson
Two Men & A Truck,twomenandatruck.com,,two_men_and_a_truck,https://alltheplaces.xyz/spiders.html?page_length=-1&num_runs=1,457,Franchise,https://alltheplaces-data.openaddresses.io/runs/2026-07-18-13-32-19/output/two_men_and_a_truck.geojson
Ubreakifix,ubreakifix.com,,ubreakifix,https://alltheplaces.xyz/spiders.html?page_length=-1&num_runs=1,670,Franchise,https://alltheplaces-data.openaddresses.io/runs/2026-07-18-13-32-19/output/ubreakifix.geojson
Ucla Health,uclahealth.org,,ucla_health,https://alltheplaces.xyz/spiders.html?page_length=-1&num_runs=1,224,,https://alltheplaces-data.openaddresses.io/runs/2026-07-18-13-32-19/output/ucla_health.geojson
United Dairy Farmers,udfinc.com,us,united_dairy_farmers_us,https://alltheplaces.xyz/spiders.html?page_length=-1&num_runs=1,,,https://alltheplaces-data.openaddresses.io/runs/2026-07-18-13-32-19/output/united_dairy_farmers_us.geojson
UDR,udr.com,us,udr_us,https://alltheplaces.xyz/spiders.html?page_length=-1&num_runs=1,172,,https://alltheplaces-data.openaddresses.io/runs/2026-07-18-13-32-19/output/udr_us.geojson
Ufc Gym,ufcgym.com,us,ufc_gym_us,https://alltheplaces.xyz/spiders.html?page_length=-1&num_runs=1,46,Franchise,https://alltheplaces-data.openaddresses.io/runs/2026-07-18-13-32-19/output/ufc_gym_us.geojson
Uhaul,uhaul.com,,uhaul,https://alltheplaces.xyz/spiders.html?page_length=-1&num_runs=1,"8,995",,https://alltheplaces-data.openaddresses.io/runs/2026-07-18-13-32-19/output/uhaul.geojson
Ulla Popken,ullapopken.fr,,ulla_popken,https://alltheplaces.xyz/spiders.html?page_length=-1&num_runs=1,176,,https://alltheplaces-data.openaddresses.io/runs/2026-07-18-13-32-19/output/ulla_popken.geojson
Ulta Beauty,ulta.com,us,ulta_beauty_us,https://alltheplaces.xyz/spiders.html?page_length=-1&num_runs=1,"1,549",,https://alltheplaces-data.openaddresses.io/runs/2026-07-18-13-32-19/output/ulta_beauty_us.geojson
Under Armour,underarmour.com,,under_armour,https://alltheplaces.xyz/spiders.html?page_length=-1&num_runs=1,,,https://alltheplaces-data.openaddresses.io/runs/2026-07-18-13-32-19/output/under_armour.geojson
Uniform Destination,uniformdestination.com,us,uniform_destination_us,https://alltheplaces.xyz/spiders.html?page_length=-1&num_runs=1,43,,https://alltheplaces-data.openaddresses.io/runs/2026-07-18-13-32-19/output/uniform_destination_us.geojson
Uniqlo,uniqlo.com,,uniqlo,https://alltheplaces.xyz/spiders.html?page_length=-1&num_runs=1,886,,https://alltheplaces-data.openaddresses.io/runs/2026-07-18-13-32-19/output/uniqlo.geojson
Untuckit,untuckit.com,us,untuckit_ca_us,https://alltheplaces.xyz/spiders.html?page_length=-1&num_runs=1,80,,https://alltheplaces-data.openaddresses.io/runs/2026-07-18-13-32-19/output/untuckit_ca_us.geojson
Upim,upim.com,,upim,https://alltheplaces.xyz/spiders.html?page_length=-1&num_runs=1,767,,https://alltheplaces-data.openaddresses.io/runs/2026-07-18-13-32-19/output/upim.geojson
Ups Store,upsstore.com,,ups_store,https://alltheplaces.xyz/spiders.html?page_length=-1&num_runs=1,"3,392",,https://alltheplaces-data.openaddresses.io/runs/2026-07-18-13-32-19/output/ups_store.geojson
Urban Air,urbanair.com,,urban_air,https://alltheplaces.xyz/spiders.html?page_length=-1&num_runs=1,259,Franchise,https://alltheplaces-data.openaddresses.io/runs/2026-07-18-13-32-19/output/urban_air.geojson
Urban Planet,urbanplanet.us,us,urban_planet_ca_pr_us,https://alltheplaces.xyz/spiders.html?page_length=-1&num_runs=1,209,,https://alltheplaces-data.openaddresses.io/runs/2026-07-18-13-32-19/output/urban_planet_ca_pr_us.geojson
Union Savings Bank,usavingsbank.com,,union_savings_bank,https://alltheplaces.xyz/spiders.html?page_length=-1&num_runs=1,41,,https://alltheplaces-data.openaddresses.io/runs/2026-07-18-13-32-19/output/union_savings_bank.geojson
Us Bank,usbank.com,,us_bank,https://alltheplaces.xyz/spiders.html?page_length=-1&num_runs=1,"2,085",,https://alltheplaces-data.openaddresses.io/runs/2026-07-18-13-32-19/output/us_bank.geojson
Usps,usps.com,,usps,https://alltheplaces.xyz/spiders.html?page_length=-1&num_runs=1,"31,628",,https://alltheplaces-data.openaddresses.io/runs/2026-07-18-13-32-19/output/usps.geojson
Valero,valero.com,,valero,https://alltheplaces.xyz/spiders.html?page_length=-1&num_runs=1,"4,445",,https://alltheplaces-data.openaddresses.io/runs/2026-07-18-13-32-19/output/valero.geojson
Van Wall,vanwall.com,us,van_wall_us,https://alltheplaces.xyz/spiders.html?page_length=-1&num_runs=1,33,,https://alltheplaces-data.openaddresses.io/runs/2026-07-18-13-32-19/output/van_wall_us.geojson
Vancouver Coastal Health,vch.ca,ca,vancouver_coastal_health_ca,https://alltheplaces.xyz/spiders.html?page_length=-1&num_runs=1,159,,https://alltheplaces-data.openaddresses.io/runs/2026-07-18-13-32-19/output/vancouver_coastal_health_ca.geojson
Versace,versace.com,,versace,https://alltheplaces.xyz/spiders.html?page_length=-1&num_runs=1,,,https://alltheplaces-data.openaddresses.io/runs/2026-07-18-13-32-19/output/versace.geojson
Via Rail,viarail.ca,ca,via_rail_ca,https://alltheplaces.xyz/spiders.html?page_length=-1&num_runs=1,372,,https://alltheplaces-data.openaddresses.io/runs/2026-07-18-13-32-19/output/via_rail_ca.geojson
Victorias Secret,victoriassecret.com,gb,victorias_secret_gb,https://alltheplaces.xyz/spiders.html?page_length=-1&num_runs=1,59,,https://alltheplaces-data.openaddresses.io/runs/2026-07-18-13-32-19/output/victorias_secret_gb.geojson
Victoriassecret,victoriassecret.com,,victoriassecret,https://alltheplaces.xyz/spiders.html?page_length=-1&num_runs=1,,,https://alltheplaces-data.openaddresses.io/runs/2026-07-18-13-32-19/output/victoriassecret.geojson
Village Inn,villageinn.com,,village_inn,https://alltheplaces.xyz/spiders.html?page_length=-1&num_runs=1,,Franchise,https://alltheplaces-data.openaddresses.io/runs/2026-07-18-13-32-19/output/village_inn.geojson
Valvoline,vioc.com,us,valvoline_us,https://alltheplaces.xyz/spiders.html?page_length=-1&num_runs=1,"2,188",Franchise,https://alltheplaces-data.openaddresses.io/runs/2026-07-18-13-32-19/output/valvoline_us.geojson
Virgin Active,virginactive.co.uk,gb,virgin_active_gb,https://alltheplaces.xyz/spiders.html?page_length=-1&num_runs=1,31,,https://alltheplaces-data.openaddresses.io/runs/2026-07-18-13-32-19/output/virgin_active_gb.geojson
Visionworks,visionworks.com,us,visionworks_us,https://alltheplaces.xyz/spiders.html?page_length=-1&num_runs=1,768,,https://alltheplaces-data.openaddresses.io/runs/2026-07-18-13-32-19/output/visionworks_us.geojson
Vitalant,vitalant.org,,vitalant,https://alltheplaces.xyz/spiders.html?page_length=-1&num_runs=1,256,,https://alltheplaces-data.openaddresses.io/runs/2026-07-18-13-32-19/output/vitalant.geojson
Vitamin Shoppe,vitaminshoppe.com,us,vitamin_shoppe_us,https://alltheplaces.xyz/spiders.html?page_length=-1&num_runs=1,641,,https://alltheplaces-data.openaddresses.io/runs/2026-07-18-13-32-19/output/vitamin_shoppe_us.geojson
Vocelli Pizza,vocellipizza.com,us,vocelli_pizza_us,https://alltheplaces.xyz/spiders.html?page_length=-1&num_runs=1,73,Franchise,https://alltheplaces-data.openaddresses.io/runs/2026-07-18-13-32-19/output/vocelli_pizza_us.geojson
Volkswagen,vw.com,,volkswagen,https://alltheplaces.xyz/spiders.html?page_length=-1&num_runs=1,"22,050",Dealer,https://alltheplaces-data.openaddresses.io/runs/2026-07-18-13-32-19/output/volkswagen.geojson
Waitrose,waitrose.com,,waitrose,https://alltheplaces.xyz/spiders.html?page_length=-1&num_runs=1,426,,https://alltheplaces-data.openaddresses.io/runs/2026-07-18-13-32-19/output/waitrose.geojson
Walgreens,walgreens.com,,walgreens,https://alltheplaces.xyz/spiders.html?page_length=-1&num_runs=1,"8,001",,https://alltheplaces-data.openaddresses.io/runs/2026-07-18-13-32-19/output/walgreens.geojson
Wallace Bishop,wallacebishop.com.au,au,wallace_bishop_au,https://alltheplaces.xyz/spiders.html?page_length=-1&num_runs=1,33,,https://alltheplaces-data.openaddresses.io/runs/2026-07-18-13-32-19/output/wallace_bishop_au.geojson
Walmart,walmart.ca,ca,walmart_ca,https://alltheplaces.xyz/spiders.html?page_length=-1&num_runs=1,50,,https://alltheplaces-data.openaddresses.io/runs/2026-07-18-13-32-19/output/walmart_ca.geojson
Walmart,walmart.com,us,walmart_us,https://alltheplaces.xyz/spiders.html?page_length=-1&num_runs=1,,,https://alltheplaces-data.openaddresses.io/runs/2026-07-18-13-32-19/output/walmart_us.geojson
Warby Parker,warbyparker.com,,warby_parker,https://alltheplaces.xyz/spiders.html?page_length=-1&num_runs=1,368,,https://alltheplaces-data.openaddresses.io/runs/2026-07-18-13-32-19/output/warby_parker.geojson
European Wax Center,waxcenter.com,us,european_wax_center_us,https://alltheplaces.xyz/spiders.html?page_length=-1&num_runs=1,987,Franchise,https://alltheplaces-data.openaddresses.io/runs/2026-07-18-13-32-19/output/european_wax_center_us.geojson
Waxing The City,waxingthecity.com,us,waxing_the_city_us,https://alltheplaces.xyz/spiders.html?page_length=-1&num_runs=1,172,Franchise,https://alltheplaces-data.openaddresses.io/runs/2026-07-18-13-32-19/output/waxing_the_city_us.geojson
Cex,webuy.com,,cex,https://alltheplaces.xyz/spiders.html?page_length=-1&num_runs=1,390,,https://alltheplaces-data.openaddresses.io/runs/2026-07-18-13-32-19/output/cex.geojson
Wegmans,wegmans.com,us,wegmans_us,https://alltheplaces.xyz/spiders.html?page_length=-1&num_runs=1,114,,https://alltheplaces-data.openaddresses.io/runs/2026-07-18-13-32-19/output/wegmans_us.geojson
Weird Fish,weirdfish.co.uk,gb,weird_fish_gb,https://alltheplaces.xyz/spiders.html?page_length=-1&num_runs=1,45,,https://alltheplaces-data.openaddresses.io/runs/2026-07-18-13-32-19/output/weird_fish_gb.geojson
Weldricks Pharmacy,weldricks.co.uk,gb,weldricks_pharmacy_gb,https://alltheplaces.xyz/spiders.html?page_length=-1&num_runs=1,61,,https://alltheplaces-data.openaddresses.io/runs/2026-07-18-13-32-19/output/weldricks_pharmacy_gb.geojson
Wells Fargo,wellsfargo.com,us,wells_fargo_us,https://alltheplaces.xyz/spiders.html?page_length=-1&num_runs=1,"6,120",,https://alltheplaces-data.openaddresses.io/runs/2026-07-18-13-32-19/output/wells_fargo_us.geojson
Weltladen,weltladen-giessen.at,at,weltladen_at,https://alltheplaces.xyz/spiders.html?page_length=-1&num_runs=1,87,,https://alltheplaces-data.openaddresses.io/runs/2026-07-18-13-32-19/output/weltladen_at.geojson
Wendys,wendys.com,us,wendys,https://alltheplaces.xyz/spiders.html?page_length=-1&num_runs=1,"16,164",Franchise,https://alltheplaces-data.openaddresses.io/runs/2026-07-18-13-32-19/output/wendys.geojson
Western Dental,westerndental.com,us,western_dental_us,https://alltheplaces.xyz/spiders.html?page_length=-1&num_runs=1,227,,https://alltheplaces-data.openaddresses.io/runs/2026-07-18-13-32-19/output/western_dental_us.geojson
Western Union,westernunion.com,,western_union,https://alltheplaces.xyz/spiders.html?page_length=-1&num_runs=1,"43,858",,https://alltheplaces-data.openaddresses.io/runs/2026-07-18-13-32-19/output/western_union.geojson
West Marine,westmarine.com,us,west_marine_us,https://alltheplaces.xyz/spiders.html?page_length=-1&num_runs=1,,,https://alltheplaces-data.openaddresses.io/runs/2026-07-18-13-32-19/output/west_marine_us.geojson
Wetzels Pretzels,wetzels.com,us,wetzels_pretzels_ca_us,https://alltheplaces.xyz/spiders.html?page_length=-1&num_runs=1,467,Franchise,https://alltheplaces-data.openaddresses.io/runs/2026-07-18-13-32-19/output/wetzels_pretzels_ca_us.geojson
Wework,wework.com,,wework,https://alltheplaces.xyz/spiders.html?page_length=-1&num_runs=1,394,,https://alltheplaces-data.openaddresses.io/runs/2026-07-18-13-32-19/output/wework.geojson
Whidbey Coffee,whidbeycoffee.com,us,whidbey_coffee_us,https://alltheplaces.xyz/spiders.html?page_length=-1&num_runs=1,,,https://alltheplaces-data.openaddresses.io/runs/2026-07-18-13-32-19/output/whidbey_coffee_us.geojson
White Stuff,whitestuff.com,gb,white_stuff_gb,https://alltheplaces.xyz/spiders.html?page_length=-1&num_runs=1,128,,https://alltheplaces-data.openaddresses.io/runs/2026-07-18-13-32-19/output/white_stuff_gb.geojson
Whittard,whittard.co.uk,gb,whittard_gb,https://alltheplaces.xyz/spiders.html?page_length=-1&num_runs=1,42,,https://alltheplaces-data.openaddresses.io/runs/2026-07-18-13-32-19/output/whittard_gb.geojson
Whole Foods,wholefoodsmarket.com,gb,whole_foods_gb,https://alltheplaces.xyz/spiders.html?page_length=-1&num_runs=1,12,,https://alltheplaces-data.openaddresses.io/runs/2026-07-18-13-32-19/output/whole_foods_gb.geojson
Whole Foods,wholefoodsmarket.com,,whole_foods,https://alltheplaces.xyz/spiders.html?page_length=-1&num_runs=1,,,https://alltheplaces-data.openaddresses.io/runs/2026-07-18-13-32-19/output/whole_foods.geojson
Wienerschnitzel,wienerschnitzel.com,us,wienerschnitzel_us_ec,https://alltheplaces.xyz/spiders.html?page_length=-1&num_runs=1,,Franchise,https://alltheplaces-data.openaddresses.io/runs/2026-07-18-13-32-19/output/wienerschnitzel_us_ec.geojson
William Hill,williamhill.us,gb,william_hill_gb,https://alltheplaces.xyz/spiders.html?page_length=-1&num_runs=1,"1,011",,https://alltheplaces-data.openaddresses.io/runs/2026-07-18-13-32-19/output/william_hill_gb.geojson
Williams Sonoma,williams-sonoma.ca,ca,williams_sonoma_ca,https://alltheplaces.xyz/spiders.html?page_length=-1&num_runs=1,9,,https://alltheplaces-data.openaddresses.io/runs/2026-07-18-13-32-19/output/williams_sonoma_ca.geojson
Williams Sonoma,williams-sonoma.com,us,williams_sonoma_us,https://alltheplaces.xyz/spiders.html?page_length=-1&num_runs=1,301,,https://alltheplaces-data.openaddresses.io/runs/2026-07-18-13-32-19/output/williams_sonoma_us.geojson
Winn Dixie,winndixie.com,us,winn_dixie_us,https://alltheplaces.xyz/spiders.html?page_length=-1&num_runs=1,264,,https://alltheplaces-data.openaddresses.io/runs/2026-07-18-13-32-19/output/winn_dixie_us.geojson
Woodcraft,woodcraft.com,us,woodcraft_us,https://alltheplaces.xyz/spiders.html?page_length=-1&num_runs=1,,Franchise,https://alltheplaces-data.openaddresses.io/runs/2026-07-18-13-32-19/output/woodcraft_us.geojson
Ybs,ybs.us,gb,ybs_gb,https://alltheplaces.xyz/spiders.html?page_length=-1&num_runs=1,111,,https://alltheplaces-data.openaddresses.io/runs/2026-07-18-13-32-19/output/ybs_gb.geojson
Foodtown,yourfoodtown.com,us,foodtown_us,https://alltheplaces.xyz/spiders.html?page_length=-1&num_runs=1,22,,https://alltheplaces-data.openaddresses.io/runs/2026-07-18-13-32-19/output/foodtown_us.geojson
Your Move,yourmoveinc.com,gb,your_move_gb,https://alltheplaces.xyz/spiders.html?page_length=-1&num_runs=1,157,,https://alltheplaces-data.openaddresses.io/runs/2026-07-18-13-32-19/output/your_move_gb.geojson
Yves Rocher,yvesrocher.ca,,yves_rocher,https://alltheplaces.xyz/spiders.html?page_length=-1&num_runs=1,,,https://alltheplaces-data.openaddresses.io/runs/2026-07-18-13-32-19/output/yves_rocher.geojson
Zarraffas Coffee,zarraffas.com.au,au,zarraffas_coffee_au,https://alltheplaces.xyz/spiders.html?page_length=-1&num_runs=1,87,,https://alltheplaces-data.openaddresses.io/runs/2026-07-18-13-32-19/output/zarraffas_coffee_au.geojson
Zaxbys,zaxbys.com,us,zaxbys_us,https://alltheplaces.xyz/spiders.html?page_length=-1&num_runs=1,"1,027",Franchise,https://alltheplaces-data.openaddresses.io/runs/2026-07-18-13-32-19/output/zaxbys_us.geojson
Zizzi,zizzisalon.com,,zizzi,https://alltheplaces.xyz/spiders.html?page_length=-1&num_runs=1,52,,https://alltheplaces-data.openaddresses.io/runs/2026-07-18-13-32-19/output/zizzi.geojson
Zumiez,zumiez.com,,zumiez,https://alltheplaces.xyz/spiders.html?page_length=-1&num_runs=1,,,https://alltheplaces-data.openaddresses.io/runs/2026-07-18-13-32-19/output/zumiez.geojson
47 Street,,ar,47_street_ar,https://alltheplaces.xyz/spiders.html?page_length=-1&num_runs=1,233,,https://alltheplaces-data.openaddresses.io/runs/2026-07-18-13-32-19/output/47_street_ar.geojson
99 Bikes,,au,99_bikes_au,https://alltheplaces.xyz/spiders.html?page_length=-1&num_runs=1,73,,https://alltheplaces-data.openaddresses.io/runs/2026-07-18-13-32-19/output/99_bikes_au.geojson
99 Ranch Market,,us,99_ranch_market_us,https://alltheplaces.xyz/spiders.html?page_length=-1&num_runs=1,66,,https://alltheplaces-data.openaddresses.io/runs/2026-07-18-13-32-19/output/99_ranch_market_us.geojson
A1,,at,a1_at,https://alltheplaces.xyz/spiders.html?page_length=-1&num_runs=1,77,,https://alltheplaces-data.openaddresses.io/runs/2026-07-18-13-32-19/output/a1_at.geojson
Access Storage,,ca,access_storage_ca,https://alltheplaces.xyz/spiders.html?page_length=-1&num_runs=1,174,,https://alltheplaces-data.openaddresses.io/runs/2026-07-18-13-32-19/output/access_storage_ca.geojson
Access Storage,,gb,access_storage_gb,https://alltheplaces.xyz/spiders.html?page_length=-1&num_runs=1,57,,https://alltheplaces-data.openaddresses.io/runs/2026-07-18-13-32-19/output/access_storage_gb.geojson
Ackermans,,us,ackermans,https://alltheplaces.xyz/spiders.html?page_length=-1&num_runs=1,,,https://alltheplaces-data.openaddresses.io/runs/2026-07-18-13-32-19/output/ackermans.geojson
Adairs,,,adairs,https://alltheplaces.xyz/spiders.html?page_length=-1&num_runs=1,160,,https://alltheplaces-data.openaddresses.io/runs/2026-07-18-13-32-19/output/adairs.geojson
Adeg,,,adeg,https://alltheplaces.xyz/spiders.html?page_length=-1&num_runs=1,251,,https://alltheplaces-data.openaddresses.io/runs/2026-07-18-13-32-19/output/adeg.geojson
Adler Modemarkte,,,adler_modemarkte,https://alltheplaces.xyz/spiders.html?page_length=-1&num_runs=1,113,,https://alltheplaces-data.openaddresses.io/runs/2026-07-18-13-32-19/output/adler_modemarkte.geojson
Adlo,,,adlo,https://alltheplaces.xyz/spiders.html?page_length=-1&num_runs=1,45,,https://alltheplaces-data.openaddresses.io/runs/2026-07-18-13-32-19/output/adlo.geojson
Afters Ice Cream,,us,afters_ice_cream_us,https://alltheplaces.xyz/spiders.html?page_length=-1&num_runs=1,18,,https://alltheplaces-data.openaddresses.io/runs/2026-07-18-13-32-19/output/afters_ice_cream_us.geojson
Ag Warehouse,,au,ag_warehouse_au,https://alltheplaces.xyz/spiders.html?page_length=-1&num_runs=1,36,,https://alltheplaces-data.openaddresses.io/runs/2026-07-18-13-32-19/output/ag_warehouse_au.geojson
Ahern,,,ahern,https://alltheplaces.xyz/spiders.html?page_length=-1&num_runs=1,105,,https://alltheplaces-data.openaddresses.io/runs/2026-07-18-13-32-19/output/ahern.geojson
Airgas,,us,airgas_us,https://alltheplaces.xyz/spiders.html?page_length=-1&num_runs=1,825,,https://alltheplaces-data.openaddresses.io/runs/2026-07-18-13-32-19/output/airgas_us.geojson
Aje,,,aje,https://alltheplaces.xyz/spiders.html?page_length=-1&num_runs=1,42,,https://alltheplaces-data.openaddresses.io/runs/2026-07-18-13-32-19/output/aje.geojson
Alain Afflelou,,,alain_afflelou,https://alltheplaces.xyz/spiders.html?page_length=-1&num_runs=1,"1,097",,https://alltheplaces-data.openaddresses.io/runs/2026-07-18-13-32-19/output/alain_afflelou.geojson
Alan Howard,,gb,alan_howard_gb,https://alltheplaces.xyz/spiders.html?page_length=-1&num_runs=1,25,,https://alltheplaces-data.openaddresses.io/runs/2026-07-18-13-32-19/output/alan_howard_gb.geojson
Albert & Walter,,,albert_and_walter,https://alltheplaces.xyz/spiders.html?page_length=-1&num_runs=1,"1,110",,https://alltheplaces-data.openaddresses.io/runs/2026-07-18-13-32-19/output/albert_and_walter.geojson
Albert Immo,,,albert_immo,https://alltheplaces.xyz/spiders.html?page_length=-1&num_runs=1,16,,https://alltheplaces-data.openaddresses.io/runs/2026-07-18-13-32-19/output/albert_immo.geojson
Alive Pharmacy Warehouse,,au,alive_pharmacy_warehouse_au,https://alltheplaces.xyz/spiders.html?page_length=-1&num_runs=1,8,,https://alltheplaces-data.openaddresses.io/runs/2026-07-18-13-32-19/output/alive_pharmacy_warehouse_au.geojson
All Secure Self Storage,,us,all_secure_self_storage_us,https://alltheplaces.xyz/spiders.html?page_length=-1&num_runs=1,32,,https://alltheplaces-data.openaddresses.io/runs/2026-07-18-13-32-19/output/all_secure_self_storage_us.geojson
Allied Universal,,,allied_universal,https://alltheplaces.xyz/spiders.html?page_length=-1&num_runs=1,349,,https://alltheplaces-data.openaddresses.io/runs/2026-07-18-13-32-19/output/allied_universal.geojson
Allpoint,,,allpoint,https://alltheplaces.xyz/spiders.html?page_length=-1&num_runs=1,"36,018",,https://alltheplaces-data.openaddresses.io/runs/2026-07-18-13-32-19/output/allpoint.geojson
Allsups Yesway,,us,allsups_yesway_us,https://alltheplaces.xyz/spiders.html?page_length=-1&num_runs=1,454,,https://alltheplaces-data.openaddresses.io/runs/2026-07-18-13-32-19/output/allsups_yesway_us.geojson
Alltown,,us,alltown_us,https://alltheplaces.xyz/spiders.html?page_length=-1&num_runs=1,79,,https://alltheplaces-data.openaddresses.io/runs/2026-07-18-13-32-19/output/alltown_us.geojson
Aloha Poke Company,,us,aloha_poke_company_us,https://alltheplaces.xyz/spiders.html?page_length=-1&num_runs=1,16,,https://alltheplaces-data.openaddresses.io/runs/2026-07-18-13-32-19/output/aloha_poke_company_us.geojson
Alstom,,,alstom,https://alltheplaces.xyz/spiders.html?page_length=-1&num_runs=1,289,,https://alltheplaces-data.openaddresses.io/runs/2026-07-18-13-32-19/output/alstom.geojson
AM PM,,us,ampm_us,https://alltheplaces.xyz/spiders.html?page_length=-1&num_runs=1,"1,045",,https://alltheplaces-data.openaddresses.io/runs/2026-07-18-13-32-19/output/ampm_us.geojson
Amatos,,,amatos,https://alltheplaces.xyz/spiders.html?page_length=-1&num_runs=1,52,,https://alltheplaces-data.openaddresses.io/runs/2026-07-18-13-32-19/output/amatos.geojson
AMC Theatres,,us,amc_theatres_us,https://alltheplaces.xyz/spiders.html?page_length=-1&num_runs=1,,,https://alltheplaces-data.openaddresses.io/runs/2026-07-18-13-32-19/output/amc_theatres_us.geojson
Amcal,,au,amcal_au,https://alltheplaces.xyz/spiders.html?page_length=-1&num_runs=1,205,,https://alltheplaces-data.openaddresses.io/runs/2026-07-18-13-32-19/output/amcal_au.geojson
America Today,,,america_today,https://alltheplaces.xyz/spiders.html?page_length=-1&num_runs=1,53,,https://alltheplaces-data.openaddresses.io/runs/2026-07-18-13-32-19/output/america_today.geojson
American Deli,,us,american_deli_us,https://alltheplaces.xyz/spiders.html?page_length=-1&num_runs=1,220,Franchise,https://alltheplaces-data.openaddresses.io/runs/2026-07-18-13-32-19/output/american_deli_us.geojson
American Golf,,gb,american_golf_gb,https://alltheplaces.xyz/spiders.html?page_length=-1&num_runs=1,80,,https://alltheplaces-data.openaddresses.io/runs/2026-07-18-13-32-19/output/american_golf_gb.geojson
American Mattress,,us,american_mattress_us,https://alltheplaces.xyz/spiders.html?page_length=-1&num_runs=1,71,,https://alltheplaces-data.openaddresses.io/runs/2026-07-18-13-32-19/output/american_mattress_us.geojson
Americas Kids,,us,americas_kids_us,https://alltheplaces.xyz/spiders.html?page_length=-1&num_runs=1,20,,https://alltheplaces-data.openaddresses.io/runs/2026-07-18-13-32-19/output/americas_kids_us.geojson
Amf Bowling,,,amf_bowling,https://alltheplaces.xyz/spiders.html?page_length=-1&num_runs=1,366,,https://alltheplaces-data.openaddresses.io/runs/2026-07-18-13-32-19/output/amf_bowling.geojson
Ampcharge,,au,ampcharge_au,https://alltheplaces.xyz/spiders.html?page_length=-1&num_runs=1,101,,https://alltheplaces-data.openaddresses.io/runs/2026-07-18-13-32-19/output/ampcharge_au.geojson
Anaconda,,au,anaconda_au,https://alltheplaces.xyz/spiders.html?page_length=-1&num_runs=1,95,,https://alltheplaces-data.openaddresses.io/runs/2026-07-18-13-32-19/output/anaconda_au.geojson
Anatomie,,,anatomie,https://alltheplaces.xyz/spiders.html?page_length=-1&num_runs=1,79,,https://alltheplaces-data.openaddresses.io/runs/2026-07-18-13-32-19/output/anatomie.geojson
Angling Direct,,gb,angling_direct_gb,https://alltheplaces.xyz/spiders.html?page_length=-1&num_runs=1,60,,https://alltheplaces-data.openaddresses.io/runs/2026-07-18-13-32-19/output/angling_direct_gb.geojson
Angus & Coote,,au,angus_and_coote_au,https://alltheplaces.xyz/spiders.html?page_length=-1&num_runs=1,110,,https://alltheplaces-data.openaddresses.io/runs/2026-07-18-13-32-19/output/angus_and_coote_au.geojson
Anicura,,,anicura,https://alltheplaces.xyz/spiders.html?page_length=-1&num_runs=1,410,,https://alltheplaces-data.openaddresses.io/runs/2026-07-18-13-32-19/output/anicura.geojson
Ann Summers,,gb,ann_summers_gb,https://alltheplaces.xyz/spiders.html?page_length=-1&num_runs=1,69,,https://alltheplaces-data.openaddresses.io/runs/2026-07-18-13-32-19/output/ann_summers_gb.geojson
Ann Taylor,,us,ann_taylor_us,https://alltheplaces.xyz/spiders.html?page_length=-1&num_runs=1,220,,https://alltheplaces-data.openaddresses.io/runs/2026-07-18-13-32-19/output/ann_taylor_us.geojson
Anthonys,,,anthonys,https://alltheplaces.xyz/spiders.html?page_length=-1&num_runs=1,50,,https://alltheplaces-data.openaddresses.io/runs/2026-07-18-13-32-19/output/anthonys.geojson
Anthony's Restaurants,,us,anthonys_restaurants_us,https://alltheplaces.xyz/spiders.html?page_length=-1&num_runs=1,,,https://alltheplaces-data.openaddresses.io/runs/2026-07-18-13-32-19/output/anthonys_restaurants_us.geojson
Apex Hotels,,,apex_hotels,https://alltheplaces.xyz/spiders.html?page_length=-1&num_runs=1,9,,https://alltheplaces-data.openaddresses.io/runs/2026-07-18-13-32-19/output/apex_hotels.geojson
Apple,,,apple,https://alltheplaces.xyz/spiders.html?page_length=-1&num_runs=1,535,,https://alltheplaces-data.openaddresses.io/runs/2026-07-18-13-32-19/output/apple.geojson
Aquila,,au,aquila_au,https://alltheplaces.xyz/spiders.html?page_length=-1&num_runs=1,2,,https://alltheplaces-data.openaddresses.io/runs/2026-07-18-13-32-19/output/aquila_au.geojson
Arb 4X4 Accessories,,,arb_4x4_accessories,https://alltheplaces.xyz/spiders.html?page_length=-1&num_runs=1,84,,https://alltheplaces-data.openaddresses.io/runs/2026-07-18-13-32-19/output/arb_4x4_accessories.geojson
Arcland,,,arcland,https://alltheplaces.xyz/spiders.html?page_length=-1&num_runs=1,723,,https://alltheplaces-data.openaddresses.io/runs/2026-07-18-13-32-19/output/arcland.geojson
Arctic Circle,,us,arctic_circle_us,https://alltheplaces.xyz/spiders.html?page_length=-1&num_runs=1,66,,https://alltheplaces-data.openaddresses.io/runs/2026-07-18-13-32-19/output/arctic_circle_us.geojson
Ard Discount,,,ard_discount,https://alltheplaces.xyz/spiders.html?page_length=-1&num_runs=1,247,,https://alltheplaces-data.openaddresses.io/runs/2026-07-18-13-32-19/output/ard_discount.geojson
Argos,,,argos,https://alltheplaces.xyz/spiders.html?page_length=-1&num_runs=1,668,,https://alltheplaces-data.openaddresses.io/runs/2026-07-18-13-32-19/output/argos.geojson
Arnold Clark,,,arnold_clark,https://alltheplaces.xyz/spiders.html?page_length=-1&num_runs=1,183,,https://alltheplaces-data.openaddresses.io/runs/2026-07-18-13-32-19/output/arnold_clark.geojson
Ascension,,us,ascension_us,https://alltheplaces.xyz/spiders.html?page_length=-1&num_runs=1,"2,672",,https://alltheplaces-data.openaddresses.io/runs/2026-07-18-13-32-19/output/ascension_us.geojson
Asda,,gb,asda_gb,https://alltheplaces.xyz/spiders.html?page_length=-1&num_runs=1,"1,646",,https://alltheplaces-data.openaddresses.io/runs/2026-07-18-13-32-19/output/asda_gb.geojson
Ashley Homestore,,,ashley_homestore,https://alltheplaces.xyz/spiders.html?page_length=-1&num_runs=1,57,,https://alltheplaces-data.openaddresses.io/runs/2026-07-18-13-32-19/output/ashley_homestore.geojson
Asics,,us,asics_us,https://alltheplaces.xyz/spiders.html?page_length=-1&num_runs=1,47,,https://alltheplaces-data.openaddresses.io/runs/2026-07-18-13-32-19/output/asics_us.geojson
Ask Italian,,gb,ask_italian_gb,https://alltheplaces.xyz/spiders.html?page_length=-1&num_runs=1,59,,https://alltheplaces-data.openaddresses.io/runs/2026-07-18-13-32-19/output/ask_italian_gb.geojson
Associated Supermarket,,us,associated_supermarket_us,https://alltheplaces.xyz/spiders.html?page_length=-1&num_runs=1,29,,https://alltheplaces-data.openaddresses.io/runs/2026-07-18-13-32-19/output/associated_supermarket_us.geojson
Aster Pharmacy,,ae,aster_pharmacy_ae,https://alltheplaces.xyz/spiders.html?page_length=-1&num_runs=1,261,,https://alltheplaces-data.openaddresses.io/runs/2026-07-18-13-32-19/output/aster_pharmacy_ae.geojson
Athena,,,athena,https://alltheplaces.xyz/spiders.html?page_length=-1&num_runs=1,"3,218",,https://alltheplaces-data.openaddresses.io/runs/2026-07-18-13-32-19/output/athena.geojson
Atol,,,atol,https://alltheplaces.xyz/spiders.html?page_length=-1&num_runs=1,905,,https://alltheplaces-data.openaddresses.io/runs/2026-07-18-13-32-19/output/atol.geojson
Atrium Health,,,atrium_health,https://alltheplaces.xyz/spiders.html?page_length=-1&num_runs=1,773,,https://alltheplaces-data.openaddresses.io/runs/2026-07-18-13-32-19/output/atrium_health.geojson
Au Bon Pain,,,au_bon_pain,https://alltheplaces.xyz/spiders.html?page_length=-1&num_runs=1,,,https://alltheplaces-data.openaddresses.io/runs/2026-07-18-13-32-19/output/au_bon_pain.geojson
Auchan,,ua,auchan_ua,https://alltheplaces.xyz/spiders.html?page_length=-1&num_runs=1,27,,https://alltheplaces-data.openaddresses.io/runs/2026-07-18-13-32-19/output/auchan_ua.geojson
Aussie Disposals,,au,aussie_disposals_au,https://alltheplaces.xyz/spiders.html?page_length=-1&num_runs=1,9,,https://alltheplaces-data.openaddresses.io/runs/2026-07-18-13-32-19/output/aussie_disposals_au.geojson
Australia Post,,au,australia_post_au,https://alltheplaces.xyz/spiders.html?page_length=-1&num_runs=1,"4,375",,https://alltheplaces-data.openaddresses.io/runs/2026-07-18-13-32-19/output/australia_post_au.geojson
Australian Venue Company,,au,australian_venue_company_au,https://alltheplaces.xyz/spiders.html?page_length=-1&num_runs=1,228,,https://alltheplaces-data.openaddresses.io/runs/2026-07-18-13-32-19/output/australian_venue_company_au.geojson
Auto Nation,,us,auto_nation_us,https://alltheplaces.xyz/spiders.html?page_length=-1&num_runs=1,452,,https://alltheplaces-data.openaddresses.io/runs/2026-07-18-13-32-19/output/auto_nation_us.geojson
Autobarn,,au,autobarn_au,https://alltheplaces.xyz/spiders.html?page_length=-1&num_runs=1,134,,https://alltheplaces-data.openaddresses.io/runs/2026-07-18-13-32-19/output/autobarn_au.geojson
Autocrew,,,autocrew,https://alltheplaces.xyz/spiders.html?page_length=-1&num_runs=1,688,,https://alltheplaces-data.openaddresses.io/runs/2026-07-18-13-32-19/output/autocrew.geojson
Autozone,,,autozone,https://alltheplaces.xyz/spiders.html?page_length=-1&num_runs=1,"7,400",,https://alltheplaces-data.openaddresses.io/runs/2026-07-18-13-32-19/output/autozone.geojson
Avera,,us,avera_us,https://alltheplaces.xyz/spiders.html?page_length=-1&num_runs=1,563,,https://alltheplaces-data.openaddresses.io/runs/2026-07-18-13-32-19/output/avera_us.geojson
Aveve,,,aveve,https://alltheplaces.xyz/spiders.html?page_length=-1&num_runs=1,184,,https://alltheplaces-data.openaddresses.io/runs/2026-07-18-13-32-19/output/aveve.geojson
Avrora,,ua,avrora_ua,https://alltheplaces.xyz/spiders.html?page_length=-1&num_runs=1,"1,932",,https://alltheplaces-data.openaddresses.io/runs/2026-07-18-13-32-19/output/avrora_ua.geojson
Axion,,ar,axion_ar,https://alltheplaces.xyz/spiders.html?page_length=-1&num_runs=1,,,https://alltheplaces-data.openaddresses.io/runs/2026-07-18-13-32-19/output/axion_ar.geojson
B & M,,gb,b_and_m_gb,https://alltheplaces.xyz/spiders.html?page_length=-1&num_runs=1,797,,https://alltheplaces-data.openaddresses.io/runs/2026-07-18-13-32-19/output/b_and_m_gb.geojson
Babiesrus,,ca,babiesrus_ca,https://alltheplaces.xyz/spiders.html?page_length=-1&num_runs=1,8,,https://alltheplaces-data.openaddresses.io/runs/2026-07-18-13-32-19/output/babiesrus_ca.geojson
Bags To,,au,bags_to_go_au,https://alltheplaces.xyz/spiders.html?page_length=-1&num_runs=1,,,https://alltheplaces-data.openaddresses.io/runs/2026-07-18-13-32-19/output/bags_to_go_au.geojson
Bakers Delight,,au,bakers_delight_au,https://alltheplaces.xyz/spiders.html?page_length=-1&num_runs=1,491,,https://alltheplaces-data.openaddresses.io/runs/2026-07-18-13-32-19/output/bakers_delight_au.geojson
Bambu,,,bambu,https://alltheplaces.xyz/spiders.html?page_length=-1&num_runs=1,53,,https://alltheplaces-data.openaddresses.io/runs/2026-07-18-13-32-19/output/bambu.geojson
Banana Republic,,,banana_republic,https://alltheplaces.xyz/spiders.html?page_length=-1&num_runs=1,350,,https://alltheplaces-data.openaddresses.io/runs/2026-07-18-13-32-19/output/banana_republic.geojson
Banana Tree,,gb,banana_tree_gb,https://alltheplaces.xyz/spiders.html?page_length=-1&num_runs=1,40,,https://alltheplaces-data.openaddresses.io/runs/2026-07-18-13-32-19/output/banana_tree_gb.geojson
Banco Macro,,ar,banco_macro_ar,https://alltheplaces.xyz/spiders.html?page_length=-1&num_runs=1,"2,280",,https://alltheplaces-data.openaddresses.io/runs/2026-07-18-13-32-19/output/banco_macro_ar.geojson
Banco Provincia,,ar,banco_provincia_ar,https://alltheplaces.xyz/spiders.html?page_length=-1&num_runs=1,695,,https://alltheplaces-data.openaddresses.io/runs/2026-07-18-13-32-19/output/banco_provincia_ar.geojson
Bank Of Scotland,,gb,bank_of_scotland_gb,https://alltheplaces.xyz/spiders.html?page_length=-1&num_runs=1,"1,111",,https://alltheplaces-data.openaddresses.io/runs/2026-07-18-13-32-19/output/bank_of_scotland_gb.geojson
Bank of the Ozarks,,us,ozk_bank_us,https://alltheplaces.xyz/spiders.html?page_length=-1&num_runs=1,276,,https://alltheplaces-data.openaddresses.io/runs/2026-07-18-13-32-19/output/ozk_bank_us.geojson
Bank Sinopac,,,bank_sinopac,https://alltheplaces.xyz/spiders.html?page_length=-1&num_runs=1,599,,https://alltheplaces-data.openaddresses.io/runs/2026-07-18-13-32-19/output/bank_sinopac.geojson
Banka Kombetare Tregtare,,al,banka_kombetare_tregtare_al,https://alltheplaces.xyz/spiders.html?page_length=-1&num_runs=1,,,https://alltheplaces-data.openaddresses.io/runs/2026-07-18-13-32-19/output/banka_kombetare_tregtare_al.geojson
Banking Hub,,gb,banking_hub_gb,https://alltheplaces.xyz/spiders.html?page_length=-1&num_runs=1,244,,https://alltheplaces-data.openaddresses.io/runs/2026-07-18-13-32-19/output/banking_hub_gb.geojson
Baptist Health Arkansas,,us,baptist_health_arkansas_us,https://alltheplaces.xyz/spiders.html?page_length=-1&num_runs=1,14,,https://alltheplaces-data.openaddresses.io/runs/2026-07-18-13-32-19/output/baptist_health_arkansas_us.geojson
Bar & Block,,gb,bar_and_block_gb,https://alltheplaces.xyz/spiders.html?page_length=-1&num_runs=1,20,,https://alltheplaces-data.openaddresses.io/runs/2026-07-18-13-32-19/output/bar_and_block_gb.geojson
Barbeques Galore,,au,barbeques_galore_au,https://alltheplaces.xyz/spiders.html?page_length=-1&num_runs=1,,,https://alltheplaces-data.openaddresses.io/runs/2026-07-18-13-32-19/output/barbeques_galore_au.geojson
Barburrito,,ca,barburrito_ca,https://alltheplaces.xyz/spiders.html?page_length=-1&num_runs=1,413,,https://alltheplaces-data.openaddresses.io/runs/2026-07-18-13-32-19/output/barburrito_ca.geojson
Barcelo,,,barcelo,https://alltheplaces.xyz/spiders.html?page_length=-1&num_runs=1,175,,https://alltheplaces-data.openaddresses.io/runs/2026-07-18-13-32-19/output/barcelo.geojson
Barclays,,gb,barclays_gb,https://alltheplaces.xyz/spiders.html?page_length=-1&num_runs=1,997,,https://alltheplaces-data.openaddresses.io/runs/2026-07-18-13-32-19/output/barclays_gb.geojson
Bargain Booze,,gb,bargain_booze_gb,https://alltheplaces.xyz/spiders.html?page_length=-1&num_runs=1,222,,https://alltheplaces-data.openaddresses.io/runs/2026-07-18-13-32-19/output/bargain_booze_gb.geojson
Barnardos,,gb,barnardos_gb,https://alltheplaces.xyz/spiders.html?page_length=-1&num_runs=1,555,,https://alltheplaces-data.openaddresses.io/runs/2026-07-18-13-32-19/output/barnardos_gb.geojson
Barnes & Noble College,,,barnes_and_noble_college,https://alltheplaces.xyz/spiders.html?page_length=-1&num_runs=1,240,,https://alltheplaces-data.openaddresses.io/runs/2026-07-18-13-32-19/output/barnes_and_noble_college.geojson
Bashas,,us,bashas_us,https://alltheplaces.xyz/spiders.html?page_length=-1&num_runs=1,53,,https://alltheplaces-data.openaddresses.io/runs/2026-07-18-13-32-19/output/bashas_us.geojson
Battery World,,au,battery_world_au,https://alltheplaces.xyz/spiders.html?page_length=-1&num_runs=1,119,,https://alltheplaces-data.openaddresses.io/runs/2026-07-18-13-32-19/output/battery_world_au.geojson
Bauhaus,,at,bauhaus_at,https://alltheplaces.xyz/spiders.html?page_length=-1&num_runs=1,22,,https://alltheplaces-data.openaddresses.io/runs/2026-07-18-13-32-19/output/bauhaus_at.geojson
Bauhaus Nordics,,,bauhaus_nordics,https://alltheplaces.xyz/spiders.html?page_length=-1&num_runs=1,60,,https://alltheplaces-data.openaddresses.io/runs/2026-07-18-13-32-19/output/bauhaus_nordics.geojson
Baylor Scott White Health,,us,baylor_scott_white_health_us,https://alltheplaces.xyz/spiders.html?page_length=-1&num_runs=1,"1,130",,https://alltheplaces-data.openaddresses.io/runs/2026-07-18-13-32-19/output/baylor_scott_white_health_us.geojson
Bayshore Healthcare,,,bayshore_healthcare,https://alltheplaces.xyz/spiders.html?page_length=-1&num_runs=1,183,,https://alltheplaces-data.openaddresses.io/runs/2026-07-18-13-32-19/output/bayshore_healthcare.geojson
Bbva,,ar,bbva_ar,https://alltheplaces.xyz/spiders.html?page_length=-1&num_runs=1,225,,https://alltheplaces-data.openaddresses.io/runs/2026-07-18-13-32-19/output/bbva_ar.geojson
Bc Pizza,,,bc_pizza,https://alltheplaces.xyz/spiders.html?page_length=-1&num_runs=1,35,,https://alltheplaces-data.openaddresses.io/runs/2026-07-18-13-32-19/output/bc_pizza.geojson
Beacon & Bridge Market,,us,beacon_and_bridge_market_us,https://alltheplaces.xyz/spiders.html?page_length=-1&num_runs=1,26,,https://alltheplaces-data.openaddresses.io/runs/2026-07-18-13-32-19/output/beacon_and_bridge_market_us.geojson
Beacon Lighting,,au,beacon_lighting_au,https://alltheplaces.xyz/spiders.html?page_length=-1&num_runs=1,129,,https://alltheplaces-data.openaddresses.io/runs/2026-07-18-13-32-19/output/beacon_lighting_au.geojson
Bealls Florida,,us,bealls_florida_us,https://alltheplaces.xyz/spiders.html?page_length=-1&num_runs=1,57,,https://alltheplaces-data.openaddresses.io/runs/2026-07-18-13-32-19/output/bealls_florida_us.geojson
Beares,,,beares,https://alltheplaces.xyz/spiders.html?page_length=-1&num_runs=1,161,,https://alltheplaces-data.openaddresses.io/runs/2026-07-18-13-32-19/output/beares.geojson
Beauty Success,,,beauty_success,https://alltheplaces.xyz/spiders.html?page_length=-1&num_runs=1,400,,https://alltheplaces-data.openaddresses.io/runs/2026-07-18-13-32-19/output/beauty_success.geojson
Beaverbrooks,,gb,beaverbrooks_gb,https://alltheplaces.xyz/spiders.html?page_length=-1&num_runs=1,79,,https://alltheplaces-data.openaddresses.io/runs/2026-07-18-13-32-19/output/beaverbrooks_gb.geojson
Beds R US,,us,beds_r_us_au,https://alltheplaces.xyz/spiders.html?page_length=-1&num_runs=1,71,,https://alltheplaces-data.openaddresses.io/runs/2026-07-18-13-32-19/output/beds_r_us_au.geojson
Bedshed,,au,bedshed_au,https://alltheplaces.xyz/spiders.html?page_length=-1&num_runs=1,42,,https://alltheplaces-data.openaddresses.io/runs/2026-07-18-13-32-19/output/bedshed_au.geojson
Beefeater,,gb,beefeater_gb,https://alltheplaces.xyz/spiders.html?page_length=-1&num_runs=1,100,,https://alltheplaces-data.openaddresses.io/runs/2026-07-18-13-32-19/output/beefeater_gb.geojson
Belhaven Pubs,,gb,belhaven_pubs_gb,https://alltheplaces.xyz/spiders.html?page_length=-1&num_runs=1,96,,https://alltheplaces-data.openaddresses.io/runs/2026-07-18-13-32-19/output/belhaven_pubs_gb.geojson
Believ,,gb,believ_gb,https://alltheplaces.xyz/spiders.html?page_length=-1&num_runs=1,800,,https://alltheplaces-data.openaddresses.io/runs/2026-07-18-13-32-19/output/believ_gb.geojson
Bella Italia,,gb,bella_italia_gb,https://alltheplaces.xyz/spiders.html?page_length=-1&num_runs=1,71,,https://alltheplaces-data.openaddresses.io/runs/2026-07-18-13-32-19/output/bella_italia_gb.geojson
Bellaflora,,at,bellaflora_at,https://alltheplaces.xyz/spiders.html?page_length=-1&num_runs=1,26,,https://alltheplaces-data.openaddresses.io/runs/2026-07-18-13-32-19/output/bellaflora_at.geojson
Benchmark Pyramid Hospitality,,,benchmark_pyramid_hospitality,https://alltheplaces.xyz/spiders.html?page_length=-1&num_runs=1,122,,https://alltheplaces-data.openaddresses.io/runs/2026-07-18-13-32-19/output/benchmark_pyramid_hospitality.geojson
Benihana,,,benihana,https://alltheplaces.xyz/spiders.html?page_length=-1&num_runs=1,84,,https://alltheplaces-data.openaddresses.io/runs/2026-07-18-13-32-19/output/benihana.geojson
Bens Cookies,,,bens_cookies,https://alltheplaces.xyz/spiders.html?page_length=-1&num_runs=1,78,,https://alltheplaces-data.openaddresses.io/runs/2026-07-18-13-32-19/output/bens_cookies.geojson
Bensons For Beds,,gb,bensons_for_beds_gb,https://alltheplaces.xyz/spiders.html?page_length=-1&num_runs=1,179,,https://alltheplaces-data.openaddresses.io/runs/2026-07-18-13-32-19/output/bensons_for_beds_gb.geojson
Benugo,,gb,benugo_gb,https://alltheplaces.xyz/spiders.html?page_length=-1&num_runs=1,86,,https://alltheplaces-data.openaddresses.io/runs/2026-07-18-13-32-19/output/benugo_gb.geojson
Bertuccis,,us,bertuccis_us,https://alltheplaces.xyz/spiders.html?page_length=-1&num_runs=1,12,,https://alltheplaces-data.openaddresses.io/runs/2026-07-18-13-32-19/output/bertuccis_us.geojson
Best & Less,,au,best_and_less_au,https://alltheplaces.xyz/spiders.html?page_length=-1&num_runs=1,194,,https://alltheplaces-data.openaddresses.io/runs/2026-07-18-13-32-19/output/best_and_less_au.geojson
Bestone,,gb,bestone_gb,https://alltheplaces.xyz/spiders.html?page_length=-1&num_runs=1,387,,https://alltheplaces-data.openaddresses.io/runs/2026-07-18-13-32-19/output/bestone_gb.geojson
Betfred,,gb,betfred_gb,https://alltheplaces.xyz/spiders.html?page_length=-1&num_runs=1,"1,214",,https://alltheplaces-data.openaddresses.io/runs/2026-07-18-13-32-19/output/betfred_gb.geojson
Better,,gb,better_gb,https://alltheplaces.xyz/spiders.html?page_length=-1&num_runs=1,254,,https://alltheplaces-data.openaddresses.io/runs/2026-07-18-13-32-19/output/better_gb.geojson
Betts,,au,betts_au,https://alltheplaces.xyz/spiders.html?page_length=-1&num_runs=1,,,https://alltheplaces-data.openaddresses.io/runs/2026-07-18-13-32-19/output/betts_au.geojson
BHF,,gb,bhf_gb,https://alltheplaces.xyz/spiders.html?page_length=-1&num_runs=1,"1,478",,https://alltheplaces-data.openaddresses.io/runs/2026-07-18-13-32-19/output/bhf_gb.geojson
Big Boy,,us,big_boy_us,https://alltheplaces.xyz/spiders.html?page_length=-1&num_runs=1,47,,https://alltheplaces-data.openaddresses.io/runs/2026-07-18-13-32-19/output/big_boy_us.geojson
Big Brand Tire & Service,,us,big_brand_tire_and_service_us,https://alltheplaces.xyz/spiders.html?page_length=-1&num_runs=1,156,,https://alltheplaces-data.openaddresses.io/runs/2026-07-18-13-32-19/output/big_brand_tire_and_service_us.geojson
Big Louies,,us,big_louies_us,https://alltheplaces.xyz/spiders.html?page_length=-1&num_runs=1,6,,https://alltheplaces-data.openaddresses.io/runs/2026-07-18-13-32-19/output/big_louies_us.geojson
Big Yellow,,gb,big_yellow_gb,https://alltheplaces.xyz/spiders.html?page_length=-1&num_runs=1,,,https://alltheplaces-data.openaddresses.io/runs/2026-07-18-13-32-19/output/big_yellow_gb.geojson
Big4 Holiday Parks,,au,big4_holiday_parks_au,https://alltheplaces.xyz/spiders.html?page_length=-1&num_runs=1,309,,https://alltheplaces-data.openaddresses.io/runs/2026-07-18-13-32-19/output/big4_holiday_parks_au.geojson
Billa,,,billa,https://alltheplaces.xyz/spiders.html?page_length=-1&num_runs=1,"1,882",,https://alltheplaces-data.openaddresses.io/runs/2026-07-18-13-32-19/output/billa.geojson
Billini,,au,billini_au,https://alltheplaces.xyz/spiders.html?page_length=-1&num_runs=1,43,,https://alltheplaces-data.openaddresses.io/runs/2026-07-18-13-32-19/output/billini_au.geojson
Bipa,,at,bipa_at,https://alltheplaces.xyz/spiders.html?page_length=-1&num_runs=1,787,,https://alltheplaces-data.openaddresses.io/runs/2026-07-18-13-32-19/output/bipa_at.geojson
Bird Blend,,gb,bird_blend_gb,https://alltheplaces.xyz/spiders.html?page_length=-1&num_runs=1,32,,https://alltheplaces-data.openaddresses.io/runs/2026-07-18-13-32-19/output/bird_blend_gb.geojson
Birkenstock,,,birkenstock,https://alltheplaces.xyz/spiders.html?page_length=-1&num_runs=1,88,,https://alltheplaces-data.openaddresses.io/runs/2026-07-18-13-32-19/output/birkenstock.geojson
Bitrocket,,au,bitrocket_au,https://alltheplaces.xyz/spiders.html?page_length=-1&num_runs=1,23,,https://alltheplaces-data.openaddresses.io/runs/2026-07-18-13-32-19/output/bitrocket_au.geojson
Bitstop,,us,bitstop_pr_us_ca,https://alltheplaces.xyz/spiders.html?page_length=-1&num_runs=1,"2,865",,https://alltheplaces-data.openaddresses.io/runs/2026-07-18-13-32-19/output/bitstop_pr_us_ca.geojson
Bj Restaurant,,us,bj_restaurant_us,https://alltheplaces.xyz/spiders.html?page_length=-1&num_runs=1,211,,https://alltheplaces-data.openaddresses.io/runs/2026-07-18-13-32-19/output/bj_restaurant_us.geojson
Blains Farm & Fleet,,us,blains_farm_and_fleet_us,https://alltheplaces.xyz/spiders.html?page_length=-1&num_runs=1,45,,https://alltheplaces-data.openaddresses.io/runs/2026-07-18-13-32-19/output/blains_farm_and_fleet_us.geojson
Blakes Lotaburgers,,,blakes_lotaburgers,https://alltheplaces.xyz/spiders.html?page_length=-1&num_runs=1,76,,https://alltheplaces-data.openaddresses.io/runs/2026-07-18-13-32-19/output/blakes_lotaburgers.geojson
Blank Street Coffee,,,blank_street_coffee,https://alltheplaces.xyz/spiders.html?page_length=-1&num_runs=1,104,,https://alltheplaces-data.openaddresses.io/runs/2026-07-18-13-32-19/output/blank_street_coffee.geojson
Blink,,,blink,https://alltheplaces.xyz/spiders.html?page_length=-1&num_runs=1,"4,658",,https://alltheplaces-data.openaddresses.io/runs/2026-07-18-13-32-19/output/blink.geojson
Bloomingdales,,us,bloomingdales_us,https://alltheplaces.xyz/spiders.html?page_length=-1&num_runs=1,96,,https://alltheplaces-data.openaddresses.io/runs/2026-07-18-13-32-19/output/bloomingdales_us.geojson
Blue Bottle Coffee,,,blue_bottle_coffee,https://alltheplaces.xyz/spiders.html?page_length=-1&num_runs=1,107,,https://alltheplaces-data.openaddresses.io/runs/2026-07-18-13-32-19/output/blue_bottle_coffee.geojson
Bluenotes,,ca,bluenotes_ca,https://alltheplaces.xyz/spiders.html?page_length=-1&num_runs=1,129,,https://alltheplaces-data.openaddresses.io/runs/2026-07-18-13-32-19/output/bluenotes_ca.geojson
Bob Evans,,us,bob_evans_us,https://alltheplaces.xyz/spiders.html?page_length=-1&num_runs=1,412,,https://alltheplaces-data.openaddresses.io/runs/2026-07-18-13-32-19/output/bob_evans_us.geojson
Bobablastic,,us,bobablastic_us,https://alltheplaces.xyz/spiders.html?page_length=-1&num_runs=1,63,,https://alltheplaces-data.openaddresses.io/runs/2026-07-18-13-32-19/output/bobablastic_us.geojson
Bobs Burgers,,us,bobs_burgers_us,https://alltheplaces.xyz/spiders.html?page_length=-1&num_runs=1,12,,https://alltheplaces-data.openaddresses.io/runs/2026-07-18-13-32-19/output/bobs_burgers_us.geojson
Boels,,,boels,https://alltheplaces.xyz/spiders.html?page_length=-1&num_runs=1,457,,https://alltheplaces-data.openaddresses.io/runs/2026-07-18-13-32-19/output/boels.geojson
Bonmarche,,gb,bonmarche_gb,https://alltheplaces.xyz/spiders.html?page_length=-1&num_runs=1,217,,https://alltheplaces-data.openaddresses.io/runs/2026-07-18-13-32-19/output/bonmarche_gb.geojson
Booker,,gb,booker_gb,https://alltheplaces.xyz/spiders.html?page_length=-1&num_runs=1,184,,https://alltheplaces-data.openaddresses.io/runs/2026-07-18-13-32-19/output/booker_gb.geojson
Booster Juice,,us,booster_juice_us_ca,https://alltheplaces.xyz/spiders.html?page_length=-1&num_runs=1,448,,https://alltheplaces-data.openaddresses.io/runs/2026-07-18-13-32-19/output/booster_juice_us_ca.geojson
Bootlegger Coffee Company,,,bootlegger_coffee_company,https://alltheplaces.xyz/spiders.html?page_length=-1&num_runs=1,91,,https://alltheplaces-data.openaddresses.io/runs/2026-07-18-13-32-19/output/bootlegger_coffee_company.geojson
Boots,,gb,boots_gb,https://alltheplaces.xyz/spiders.html?page_length=-1&num_runs=1,"2,300",,https://alltheplaces-data.openaddresses.io/runs/2026-07-18-13-32-19/output/boots_gb.geojson
Bottlemart,,au,bottlemart_au,https://alltheplaces.xyz/spiders.html?page_length=-1&num_runs=1,574,,https://alltheplaces-data.openaddresses.io/runs/2026-07-18-13-32-19/output/bottlemart_au.geojson
Bradlows,,,bradlows,https://alltheplaces.xyz/spiders.html?page_length=-1&num_runs=1,242,,https://alltheplaces-data.openaddresses.io/runs/2026-07-18-13-32-19/output/bradlows.geojson
Brandywine Living,,us,brandywine_living_us,https://alltheplaces.xyz/spiders.html?page_length=-1&num_runs=1,28,,https://alltheplaces-data.openaddresses.io/runs/2026-07-18-13-32-19/output/brandywine_living_us.geojson
Bras N Things,,,bras_n_things,https://alltheplaces.xyz/spiders.html?page_length=-1&num_runs=1,234,,https://alltheplaces-data.openaddresses.io/runs/2026-07-18-13-32-19/output/bras_n_things.geojson
Bravo,,us,bravo_us,https://alltheplaces.xyz/spiders.html?page_length=-1&num_runs=1,249,,https://alltheplaces-data.openaddresses.io/runs/2026-07-18-13-32-19/output/bravo_us.geojson
Bravo Italian,,us,bravo_italian_us,https://alltheplaces.xyz/spiders.html?page_length=-1&num_runs=1,19,,https://alltheplaces-data.openaddresses.io/runs/2026-07-18-13-32-19/output/bravo_italian_us.geojson
Breadtop,,au,breadtop_au,https://alltheplaces.xyz/spiders.html?page_length=-1&num_runs=1,81,,https://alltheplaces-data.openaddresses.io/runs/2026-07-18-13-32-19/output/breadtop_au.geojson
Brewers,,gb,brewers_gb,https://alltheplaces.xyz/spiders.html?page_length=-1&num_runs=1,241,,https://alltheplaces-data.openaddresses.io/runs/2026-07-18-13-32-19/output/brewers_gb.geojson
Brewingz,,us,brewingz_us,https://alltheplaces.xyz/spiders.html?page_length=-1&num_runs=1,18,,https://alltheplaces-data.openaddresses.io/runs/2026-07-18-13-32-19/output/brewingz_us.geojson
Bricks Minifigs,,us,bricks_minifigs_ca_us,https://alltheplaces.xyz/spiders.html?page_length=-1&num_runs=1,296,,https://alltheplaces-data.openaddresses.io/runs/2026-07-18-13-32-19/output/bricks_minifigs_ca_us.geojson
Bridgehead,,ca,bridgehead_ca,https://alltheplaces.xyz/spiders.html?page_length=-1&num_runs=1,84,,https://alltheplaces-data.openaddresses.io/runs/2026-07-18-13-32-19/output/bridgehead_ca.geojson
Bridgestone Select,,au,bridgestone_select_au,https://alltheplaces.xyz/spiders.html?page_length=-1&num_runs=1,369,,https://alltheplaces-data.openaddresses.io/runs/2026-07-18-13-32-19/output/bridgestone_select_au.geojson
Bright Horizons,,us,bright_horizons_us,https://alltheplaces.xyz/spiders.html?page_length=-1&num_runs=1,10,,https://alltheplaces-data.openaddresses.io/runs/2026-07-18-13-32-19/output/bright_horizons_us.geojson
Bright Now Dental,,us,bright_now_dental_us,https://alltheplaces.xyz/spiders.html?page_length=-1&num_runs=1,172,,https://alltheplaces-data.openaddresses.io/runs/2026-07-18-13-32-19/output/bright_now_dental_us.geojson
British Garden Centres,,gb,british_garden_centres_gb,https://alltheplaces.xyz/spiders.html?page_length=-1&num_runs=1,80,,https://alltheplaces-data.openaddresses.io/runs/2026-07-18-13-32-19/output/british_garden_centres_gb.geojson
Brumbys Bakeries,,au,brumbys_bakeries_au,https://alltheplaces.xyz/spiders.html?page_length=-1&num_runs=1,59,,https://alltheplaces-data.openaddresses.io/runs/2026-07-18-13-32-19/output/brumbys_bakeries_au.geojson
Bsro,,,bsro,https://alltheplaces.xyz/spiders.html?page_length=-1&num_runs=1,"2,212",,https://alltheplaces-data.openaddresses.io/runs/2026-07-18-13-32-19/output/bsro.geojson
Buca Di Beppo,,us,buca_di_beppo_us,https://alltheplaces.xyz/spiders.html?page_length=-1&num_runs=1,124,,https://alltheplaces-data.openaddresses.io/runs/2026-07-18-13-32-19/output/buca_di_beppo_us.geojson
Budgens,,gb,budgens_gb,https://alltheplaces.xyz/spiders.html?page_length=-1&num_runs=1,439,,https://alltheplaces-data.openaddresses.io/runs/2026-07-18-13-32-19/output/budgens_gb.geojson
Builders,,,builders,https://alltheplaces.xyz/spiders.html?page_length=-1&num_runs=1,123,,https://alltheplaces-data.openaddresses.io/runs/2026-07-18-13-32-19/output/builders.geojson
Buildit,,,buildit,https://alltheplaces.xyz/spiders.html?page_length=-1&num_runs=1,366,,https://alltheplaces-data.openaddresses.io/runs/2026-07-18-13-32-19/output/buildit.geojson
Bunnings,,,bunnings,https://alltheplaces.xyz/spiders.html?page_length=-1&num_runs=1,354,,https://alltheplaces-data.openaddresses.io/runs/2026-07-18-13-32-19/output/bunnings.geojson
Bupa,,gb,bupa_gb,https://alltheplaces.xyz/spiders.html?page_length=-1&num_runs=1,,,https://alltheplaces-data.openaddresses.io/runs/2026-07-18-13-32-19/output/bupa_gb.geojson
Burger Urge,,au,burger_urge_au,https://alltheplaces.xyz/spiders.html?page_length=-1&num_runs=1,,,https://alltheplaces-data.openaddresses.io/runs/2026-07-18-13-32-19/output/burger_urge_au.geojson
Burgermeister,,,burgermeister,https://alltheplaces.xyz/spiders.html?page_length=-1&num_runs=1,31,,https://alltheplaces-data.openaddresses.io/runs/2026-07-18-13-32-19/output/burgermeister.geojson
Burgerville,,us,burgerville_us,https://alltheplaces.xyz/spiders.html?page_length=-1&num_runs=1,40,,https://alltheplaces-data.openaddresses.io/runs/2026-07-18-13-32-19/output/burgerville_us.geojson
Burson Auto Parts,,au,burson_auto_parts_au,https://alltheplaces.xyz/spiders.html?page_length=-1&num_runs=1,223,,https://alltheplaces-data.openaddresses.io/runs/2026-07-18-13-32-19/output/burson_auto_parts_au.geojson
Busy Bees,,gb,busy_bees_gb,https://alltheplaces.xyz/spiders.html?page_length=-1&num_runs=1,360,,https://alltheplaces-data.openaddresses.io/runs/2026-07-18-13-32-19/output/busy_bees_gb.geojson
Buzz Bingo,,gb,buzz_bingo_gb,https://alltheplaces.xyz/spiders.html?page_length=-1&num_runs=1,76,,https://alltheplaces-data.openaddresses.io/runs/2026-07-18-13-32-19/output/buzz_bingo_gb.geojson
Bws,,au,bws_au,https://alltheplaces.xyz/spiders.html?page_length=-1&num_runs=1,"1,453",,https://alltheplaces-data.openaddresses.io/runs/2026-07-18-13-32-19/output/bws_au.geojson
Byd Auto,,au,byd_auto_au,https://alltheplaces.xyz/spiders.html?page_length=-1&num_runs=1,113,,https://alltheplaces-data.openaddresses.io/runs/2026-07-18-13-32-19/output/byd_auto_au.geojson
C & A,,,c_and_a,https://alltheplaces.xyz/spiders.html?page_length=-1&num_runs=1,"1,145",,https://alltheplaces-data.openaddresses.io/runs/2026-07-18-13-32-19/output/c_and_a.geojson
Cabelas,,,cabelas,https://alltheplaces.xyz/spiders.html?page_length=-1&num_runs=1,,,https://alltheplaces-data.openaddresses.io/runs/2026-07-18-13-32-19/output/cabelas.geojson
Cadillac,,us,cadillac_us,https://alltheplaces.xyz/spiders.html?page_length=-1&num_runs=1,"1,687",,https://alltheplaces-data.openaddresses.io/runs/2026-07-18-13-32-19/output/cadillac_us.geojson
Caesars,,,caesars,https://alltheplaces.xyz/spiders.html?page_length=-1&num_runs=1,61,,https://alltheplaces-data.openaddresses.io/runs/2026-07-18-13-32-19/output/caesars.geojson
Cafe Amazon,,,cafe_amazon,https://alltheplaces.xyz/spiders.html?page_length=-1&num_runs=1,"4,503",,https://alltheplaces-data.openaddresses.io/runs/2026-07-18-13-32-19/output/cafe_amazon.geojson
Cafe Rouge,,gb,cafe_rouge_gb,https://alltheplaces.xyz/spiders.html?page_length=-1&num_runs=1,6,,https://alltheplaces-data.openaddresses.io/runs/2026-07-18-13-32-19/output/cafe_rouge_gb.geojson
Cafe Zupas,,us,cafe_zupas_us,https://alltheplaces.xyz/spiders.html?page_length=-1&num_runs=1,93,,https://alltheplaces-data.openaddresses.io/runs/2026-07-18-13-32-19/output/cafe_zupas_us.geojson
Caffe Nero,,,caffe_nero,https://alltheplaces.xyz/spiders.html?page_length=-1&num_runs=1,982,,https://alltheplaces-data.openaddresses.io/runs/2026-07-18-13-32-19/output/caffe_nero.geojson
Cake Box,,gb,cake_box_gb,https://alltheplaces.xyz/spiders.html?page_length=-1&num_runs=1,306,,https://alltheplaces-data.openaddresses.io/runs/2026-07-18-13-32-19/output/cake_box_gb.geojson
Caliber Car Wash,,us,caliber_car_wash_us,https://alltheplaces.xyz/spiders.html?page_length=-1&num_runs=1,64,,https://alltheplaces-data.openaddresses.io/runs/2026-07-18-13-32-19/output/caliber_car_wash_us.geojson
Calliope,,,calliope,https://alltheplaces.xyz/spiders.html?page_length=-1&num_runs=1,256,,https://alltheplaces-data.openaddresses.io/runs/2026-07-18-13-32-19/output/calliope.geojson
Caltex,,,caltex,https://alltheplaces.xyz/spiders.html?page_length=-1&num_runs=1,"2,083",,https://alltheplaces-data.openaddresses.io/runs/2026-07-18-13-32-19/output/caltex.geojson
Camera House,,au,camera_house_au,https://alltheplaces.xyz/spiders.html?page_length=-1&num_runs=1,48,,https://alltheplaces-data.openaddresses.io/runs/2026-07-18-13-32-19/output/camera_house_au.geojson
Canada Post,,ca,canada_post_ca,https://alltheplaces.xyz/spiders.html?page_length=-1&num_runs=1,"5,673",,https://alltheplaces-data.openaddresses.io/runs/2026-07-18-13-32-19/output/canada_post_ca.geojson
Capital One,,,capital_one,https://alltheplaces.xyz/spiders.html?page_length=-1&num_runs=1,653,,https://alltheplaces-data.openaddresses.io/runs/2026-07-18-13-32-19/output/capital_one.geojson
Caprinos,,gb,caprinos_gb,https://alltheplaces.xyz/spiders.html?page_length=-1&num_runs=1,111,,https://alltheplaces-data.openaddresses.io/runs/2026-07-18-13-32-19/output/caprinos_gb.geojson
Card Factory,,gb,card_factory_gb,https://alltheplaces.xyz/spiders.html?page_length=-1&num_runs=1,"1,120",,https://alltheplaces-data.openaddresses.io/runs/2026-07-18-13-32-19/output/card_factory_gb.geojson
Cardenas,,us,cardenas_us,https://alltheplaces.xyz/spiders.html?page_length=-1&num_runs=1,65,,https://alltheplaces-data.openaddresses.io/runs/2026-07-18-13-32-19/output/cardenas_us.geojson
Cards Direct,,gb,cards_direct_gb,https://alltheplaces.xyz/spiders.html?page_length=-1&num_runs=1,90,,https://alltheplaces-data.openaddresses.io/runs/2026-07-18-13-32-19/output/cards_direct_gb.geojson
Cardzone,,gb,cardzone_gb,https://alltheplaces.xyz/spiders.html?page_length=-1&num_runs=1,105,,https://alltheplaces-data.openaddresses.io/runs/2026-07-18-13-32-19/output/cardzone_gb.geojson
Careco,,gb,careco_gb,https://alltheplaces.xyz/spiders.html?page_length=-1&num_runs=1,41,,https://alltheplaces-data.openaddresses.io/runs/2026-07-18-13-32-19/output/careco_gb.geojson
Careone,,us,careone_us,https://alltheplaces.xyz/spiders.html?page_length=-1&num_runs=1,57,,https://alltheplaces-data.openaddresses.io/runs/2026-07-18-13-32-19/output/careone_us.geojson
Carinos,,,carinos,https://alltheplaces.xyz/spiders.html?page_length=-1&num_runs=1,23,,https://alltheplaces-data.openaddresses.io/runs/2026-07-18-13-32-19/output/carinos.geojson
Carla Zampatti,,,carla_zampatti,https://alltheplaces.xyz/spiders.html?page_length=-1&num_runs=1,11,,https://alltheplaces-data.openaddresses.io/runs/2026-07-18-13-32-19/output/carla_zampatti.geojson
Carpet Barn,,gb,carpet_barn_gb,https://alltheplaces.xyz/spiders.html?page_length=-1&num_runs=1,5,,https://alltheplaces-data.openaddresses.io/runs/2026-07-18-13-32-19/output/carpet_barn_gb.geojson
Carpet Court,,au,carpet_court_au,https://alltheplaces.xyz/spiders.html?page_length=-1&num_runs=1,197,,https://alltheplaces-data.openaddresses.io/runs/2026-07-18-13-32-19/output/carpet_court_au.geojson
Carpet One Floor & Home,,us,carpet_one_floor_and_home_us_ca,https://alltheplaces.xyz/spiders.html?page_length=-1&num_runs=1,667,,https://alltheplaces-data.openaddresses.io/runs/2026-07-18-13-32-19/output/carpet_one_floor_and_home_us_ca.geojson
Carpetright,,gb,carpetright_gb,https://alltheplaces.xyz/spiders.html?page_length=-1&num_runs=1,5,,https://alltheplaces-data.openaddresses.io/runs/2026-07-18-13-32-19/output/carpetright_gb.geojson
Carrefour,,ar,carrefour_ar,https://alltheplaces.xyz/spiders.html?page_length=-1&num_runs=1,697,,https://alltheplaces-data.openaddresses.io/runs/2026-07-18-13-32-19/output/carrefour_ar.geojson
Carters,,us,carters_us,https://alltheplaces.xyz/spiders.html?page_length=-1&num_runs=1,719,,https://alltheplaces-data.openaddresses.io/runs/2026-07-18-13-32-19/output/carters_us.geojson
Caseys General Store,,us,caseys_general_store_us,https://alltheplaces.xyz/spiders.html?page_length=-1&num_runs=1,"3,799",,https://alltheplaces-data.openaddresses.io/runs/2026-07-18-13-32-19/output/caseys_general_store_us.geojson
Cashbuild,,,cashbuild,https://alltheplaces.xyz/spiders.html?page_length=-1&num_runs=1,317,,https://alltheplaces-data.openaddresses.io/runs/2026-07-18-13-32-19/output/cashbuild.geojson
Casper,,us,casper_us,https://alltheplaces.xyz/spiders.html?page_length=-1&num_runs=1,970,,https://alltheplaces-data.openaddresses.io/runs/2026-07-18-13-32-19/output/casper_us.geojson
Catalonia Hotels,,,catalonia_hotels,https://alltheplaces.xyz/spiders.html?page_length=-1&num_runs=1,79,,https://alltheplaces-data.openaddresses.io/runs/2026-07-18-13-32-19/output/catalonia_hotels.geojson
Cato,,us,cato_us,https://alltheplaces.xyz/spiders.html?page_length=-1&num_runs=1,850,,https://alltheplaces-data.openaddresses.io/runs/2026-07-18-13-32-19/output/cato_us.geojson
Cava,,us,cava_us,https://alltheplaces.xyz/spiders.html?page_length=-1&num_runs=1,487,,https://alltheplaces-data.openaddresses.io/runs/2026-07-18-13-32-19/output/cava_us.geojson
Ccc,,,ccc,https://alltheplaces.xyz/spiders.html?page_length=-1&num_runs=1,,,https://alltheplaces-data.openaddresses.io/runs/2026-07-18-13-32-19/output/ccc.geojson
Cef,,gb,cef_gb,https://alltheplaces.xyz/spiders.html?page_length=-1&num_runs=1,397,,https://alltheplaces-data.openaddresses.io/runs/2026-07-18-13-32-19/output/cef_gb.geojson
Cefco,,us,cefco_us,https://alltheplaces.xyz/spiders.html?page_length=-1&num_runs=1,135,,https://alltheplaces-data.openaddresses.io/runs/2026-07-18-13-32-19/output/cefco_us.geojson
Cellarbrations,,au,cellarbrations_au,https://alltheplaces.xyz/spiders.html?page_length=-1&num_runs=1,,,https://alltheplaces-data.openaddresses.io/runs/2026-07-18-13-32-19/output/cellarbrations_au.geojson
Centra,,gb,centra_gb,https://alltheplaces.xyz/spiders.html?page_length=-1&num_runs=1,102,,https://alltheplaces-data.openaddresses.io/runs/2026-07-18-13-32-19/output/centra_gb.geojson
Central England Cooperative,,,central_england_cooperative,https://alltheplaces.xyz/spiders.html?page_length=-1&num_runs=1,465,,https://alltheplaces-data.openaddresses.io/runs/2026-07-18-13-32-19/output/central_england_cooperative.geojson
Cerballiance,,,cerballiance,https://alltheplaces.xyz/spiders.html?page_length=-1&num_runs=1,725,,https://alltheplaces-data.openaddresses.io/runs/2026-07-18-13-32-19/output/cerballiance.geojson
Cgi Group,,,cgi_group,https://alltheplaces.xyz/spiders.html?page_length=-1&num_runs=1,296,,https://alltheplaces-data.openaddresses.io/runs/2026-07-18-13-32-19/output/cgi_group.geojson
Chaiiwala,,gb,chaiiwala_ae_ca_gb,https://alltheplaces.xyz/spiders.html?page_length=-1&num_runs=1,137,,https://alltheplaces-data.openaddresses.io/runs/2026-07-18-13-32-19/output/chaiiwala_ae_ca_gb.geojson
Champion,,,champion,https://alltheplaces.xyz/spiders.html?page_length=-1&num_runs=1,8,,https://alltheplaces-data.openaddresses.io/runs/2026-07-18-13-32-19/output/champion.geojson
Change Group,,,change_group,https://alltheplaces.xyz/spiders.html?page_length=-1&num_runs=1,184,,https://alltheplaces-data.openaddresses.io/runs/2026-07-18-13-32-19/output/change_group.geojson
Charge Up,,up,charge_up,https://alltheplaces.xyz/spiders.html?page_length=-1&num_runs=1,,,https://alltheplaces-data.openaddresses.io/runs/2026-07-18-13-32-19/output/charge_up.geojson
Charles Tyrwhitt,,,charles_tyrwhitt,https://alltheplaces.xyz/spiders.html?page_length=-1&num_runs=1,102,,https://alltheplaces-data.openaddresses.io/runs/2026-07-18-13-32-19/output/charles_tyrwhitt.geojson
Chatime,,au,chatime_au,https://alltheplaces.xyz/spiders.html?page_length=-1&num_runs=1,146,,https://alltheplaces-data.openaddresses.io/runs/2026-07-18-13-32-19/output/chatime_au.geojson
Cheddars Scratch Kitchen,,,cheddars_scratch_kitchen,https://alltheplaces.xyz/spiders.html?page_length=-1&num_runs=1,135,,https://alltheplaces-data.openaddresses.io/runs/2026-07-18-13-32-19/output/cheddars_scratch_kitchen.geojson
Chef & Brewer,,gb,chef_and_brewer_gb,https://alltheplaces.xyz/spiders.html?page_length=-1&num_runs=1,139,,https://alltheplaces-data.openaddresses.io/runs/2026-07-18-13-32-19/output/chef_and_brewer_gb.geojson
Chelmsford Star Coop,,gb,chelmsford_star_coop_gb,https://alltheplaces.xyz/spiders.html?page_length=-1&num_runs=1,43,,https://alltheplaces-data.openaddresses.io/runs/2026-07-18-13-32-19/output/chelmsford_star_coop_gb.geojson
Chestertons,,gb,chestertons_gb,https://alltheplaces.xyz/spiders.html?page_length=-1&num_runs=1,39,,https://alltheplaces-data.openaddresses.io/runs/2026-07-18-13-32-19/output/chestertons_gb.geojson
Chicken Licken,,,chicken_licken,https://alltheplaces.xyz/spiders.html?page_length=-1&num_runs=1,302,,https://alltheplaces-data.openaddresses.io/runs/2026-07-18-13-32-19/output/chicken_licken.geojson
Chicken Street,,,chicken_street,https://alltheplaces.xyz/spiders.html?page_length=-1&num_runs=1,115,,https://alltheplaces-data.openaddresses.io/runs/2026-07-18-13-32-19/output/chicken_street.geojson
Chicken Treat,,au,chicken_treat_au,https://alltheplaces.xyz/spiders.html?page_length=-1&num_runs=1,61,,https://alltheplaces-data.openaddresses.io/runs/2026-07-18-13-32-19/output/chicken_treat_au.geojson
Chiquito,,gb,chiquito_gb,https://alltheplaces.xyz/spiders.html?page_length=-1&num_runs=1,7,,https://alltheplaces-data.openaddresses.io/runs/2026-07-18-13-32-19/output/chiquito_gb.geojson
Choices Flooring,,au,choices_flooring_au,https://alltheplaces.xyz/spiders.html?page_length=-1&num_runs=1,128,,https://alltheplaces-data.openaddresses.io/runs/2026-07-18-13-32-19/output/choices_flooring_au.geojson
Chss,,gb,chss_gb,https://alltheplaces.xyz/spiders.html?page_length=-1&num_runs=1,46,,https://alltheplaces-data.openaddresses.io/runs/2026-07-18-13-32-19/output/chss_gb.geojson
Chuck E Cheese,,,chuck_e_cheese,https://alltheplaces.xyz/spiders.html?page_length=-1&num_runs=1,492,,https://alltheplaces-data.openaddresses.io/runs/2026-07-18-13-32-19/output/chuck_e_cheese.geojson
Church Footwear,,,church_footwear,https://alltheplaces.xyz/spiders.html?page_length=-1&num_runs=1,25,,https://alltheplaces-data.openaddresses.io/runs/2026-07-18-13-32-19/output/church_footwear.geojson
Chuys,,us,chuys_us,https://alltheplaces.xyz/spiders.html?page_length=-1&num_runs=1,113,,https://alltheplaces-data.openaddresses.io/runs/2026-07-18-13-32-19/output/chuys_us.geojson
Citizens,,us,citizens_us,https://alltheplaces.xyz/spiders.html?page_length=-1&num_runs=1,"3,158",,https://alltheplaces-data.openaddresses.io/runs/2026-07-18-13-32-19/output/citizens_us.geojson
Citroen,,,citroen,https://alltheplaces.xyz/spiders.html?page_length=-1&num_runs=1,,,https://alltheplaces-data.openaddresses.io/runs/2026-07-18-13-32-19/output/citroen.geojson
City Beach,,au,city_beach_au,https://alltheplaces.xyz/spiders.html?page_length=-1&num_runs=1,64,,https://alltheplaces-data.openaddresses.io/runs/2026-07-18-13-32-19/output/city_beach_au.geojson
Clark Rubber,,au,clark_rubber_au,https://alltheplaces.xyz/spiders.html?page_length=-1&num_runs=1,68,,https://alltheplaces-data.openaddresses.io/runs/2026-07-18-13-32-19/output/clark_rubber_au.geojson
Clarks,,,clarks,https://alltheplaces.xyz/spiders.html?page_length=-1&num_runs=1,581,,https://alltheplaces-data.openaddresses.io/runs/2026-07-18-13-32-19/output/clarks.geojson
Clinical Pathology Laboratories,,,clinical_pathology_laboratories,https://alltheplaces.xyz/spiders.html?page_length=-1&num_runs=1,195,,https://alltheplaces-data.openaddresses.io/runs/2026-07-18-13-32-19/output/clinical_pathology_laboratories.geojson
Club Car Wash,,us,club_car_wash_us,https://alltheplaces.xyz/spiders.html?page_length=-1&num_runs=1,283,,https://alltheplaces-data.openaddresses.io/runs/2026-07-18-13-32-19/output/club_car_wash_us.geojson
Club Milanesa,,,club_milanesa,https://alltheplaces.xyz/spiders.html?page_length=-1&num_runs=1,50,,https://alltheplaces-data.openaddresses.io/runs/2026-07-18-13-32-19/output/club_milanesa.geojson
Coach,,ca,coach_ca,https://alltheplaces.xyz/spiders.html?page_length=-1&num_runs=1,29,,https://alltheplaces-data.openaddresses.io/runs/2026-07-18-13-32-19/output/coach_ca.geojson
Coastal,,us,coastal_us,https://alltheplaces.xyz/spiders.html?page_length=-1&num_runs=1,21,,https://alltheplaces-data.openaddresses.io/runs/2026-07-18-13-32-19/output/coastal_us.geojson
Cobs Bread,,,cobs_bread,https://alltheplaces.xyz/spiders.html?page_length=-1&num_runs=1,6,,https://alltheplaces-data.openaddresses.io/runs/2026-07-18-13-32-19/output/cobs_bread.geojson
Coco Ichibanya,,,coco_ichibanya,https://alltheplaces.xyz/spiders.html?page_length=-1&num_runs=1,216,,https://alltheplaces-data.openaddresses.io/runs/2026-07-18-13-32-19/output/coco_ichibanya.geojson
Coffee 1,,gb,coffee_1_gb,https://alltheplaces.xyz/spiders.html?page_length=-1&num_runs=1,133,,https://alltheplaces-data.openaddresses.io/runs/2026-07-18-13-32-19/output/coffee_1_gb.geojson
Coffee Fellows,,,coffee_fellows,https://alltheplaces.xyz/spiders.html?page_length=-1&num_runs=1,279,,https://alltheplaces-data.openaddresses.io/runs/2026-07-18-13-32-19/output/coffee_fellows.geojson
Coffee Like,,,coffee_like,https://alltheplaces.xyz/spiders.html?page_length=-1&num_runs=1,863,,https://alltheplaces-data.openaddresses.io/runs/2026-07-18-13-32-19/output/coffee_like.geojson
Coffee Republic,,,coffee_republic,https://alltheplaces.xyz/spiders.html?page_length=-1&num_runs=1,12,,https://alltheplaces-data.openaddresses.io/runs/2026-07-18-13-32-19/output/coffee_republic.geojson
Coffeebrands,,,coffeebrands,https://alltheplaces.xyz/spiders.html?page_length=-1&num_runs=1,54,,https://alltheplaces-data.openaddresses.io/runs/2026-07-18-13-32-19/output/coffeebrands.geojson
Coffeeshop Company,,,coffeeshop_company,https://alltheplaces.xyz/spiders.html?page_length=-1&num_runs=1,33,,https://alltheplaces-data.openaddresses.io/runs/2026-07-18-13-32-19/output/coffeeshop_company.geojson
Coin,,,coin,https://alltheplaces.xyz/spiders.html?page_length=-1&num_runs=1,136,,https://alltheplaces-data.openaddresses.io/runs/2026-07-18-13-32-19/output/coin.geojson
Coinhub,,us,coinhub_us,https://alltheplaces.xyz/spiders.html?page_length=-1&num_runs=1,25,,https://alltheplaces-data.openaddresses.io/runs/2026-07-18-13-32-19/output/coinhub_us.geojson
Colcacchio,,,colcacchio,https://alltheplaces.xyz/spiders.html?page_length=-1&num_runs=1,27,,https://alltheplaces-data.openaddresses.io/runs/2026-07-18-13-32-19/output/colcacchio.geojson
Coles,,au,coles_au,https://alltheplaces.xyz/spiders.html?page_length=-1&num_runs=1,"1,338",,https://alltheplaces-data.openaddresses.io/runs/2026-07-18-13-32-19/output/coles_au.geojson
Colizeum,,,colizeum,https://alltheplaces.xyz/spiders.html?page_length=-1&num_runs=1,638,,https://alltheplaces-data.openaddresses.io/runs/2026-07-18-13-32-19/output/colizeum.geojson
Colonial Parking,,us,colonial_parking_us,https://alltheplaces.xyz/spiders.html?page_length=-1&num_runs=1,285,,https://alltheplaces-data.openaddresses.io/runs/2026-07-18-13-32-19/output/colonial_parking_us.geojson
Columbia Bank,,us,columbia_bank_us,https://alltheplaces.xyz/spiders.html?page_length=-1&num_runs=1,357,,https://alltheplaces-data.openaddresses.io/runs/2026-07-18-13-32-19/output/columbia_bank_us.geojson
Comerica Bank,,us,comerica_bank_us,https://alltheplaces.xyz/spiders.html?page_length=-1&num_runs=1,466,,https://alltheplaces-data.openaddresses.io/runs/2026-07-18-13-32-19/output/comerica_bank_us.geojson
Commerce Bank,,us,commerce_bank_us,https://alltheplaces.xyz/spiders.html?page_length=-1&num_runs=1,249,,https://alltheplaces-data.openaddresses.io/runs/2026-07-18-13-32-19/output/commerce_bank_us.geojson
Commonwealth Bank,,au,commonwealth_bank_au,https://alltheplaces.xyz/spiders.html?page_length=-1&num_runs=1,"2,403",,https://alltheplaces-data.openaddresses.io/runs/2026-07-18-13-32-19/output/commonwealth_bank_au.geojson
Compare Foods,,us,compare_foods_us,https://alltheplaces.xyz/spiders.html?page_length=-1&num_runs=1,19,,https://alltheplaces-data.openaddresses.io/runs/2026-07-18-13-32-19/output/compare_foods_us.geojson
Compleat Angler Camping World,,au,compleat_angler_camping_world_au,https://alltheplaces.xyz/spiders.html?page_length=-1&num_runs=1,31,,https://alltheplaces-data.openaddresses.io/runs/2026-07-18-13-32-19/output/compleat_angler_camping_world_au.geojson
Condado Tacos,,us,condado_tacos_us,https://alltheplaces.xyz/spiders.html?page_length=-1&num_runs=1,52,,https://alltheplaces-data.openaddresses.io/runs/2026-07-18-13-32-19/output/condado_tacos_us.geojson
Connected Kerb,,gb,connected_kerb_gb,https://alltheplaces.xyz/spiders.html?page_length=-1&num_runs=1,"8,747",,https://alltheplaces-data.openaddresses.io/runs/2026-07-18-13-32-19/output/connected_kerb_gb.geojson
Coop Food,,gb,coop_food_gb,https://alltheplaces.xyz/spiders.html?page_length=-1&num_runs=1,,,https://alltheplaces-data.openaddresses.io/runs/2026-07-18-13-32-19/output/coop_food_gb.geojson
Coop Funeral,,gb,coop_funeral_gb,https://alltheplaces.xyz/spiders.html?page_length=-1&num_runs=1,792,,https://alltheplaces-data.openaddresses.io/runs/2026-07-18-13-32-19/output/coop_funeral_gb.geojson
Coopers Hawk,,us,coopers_hawk_us,https://alltheplaces.xyz/spiders.html?page_length=-1&num_runs=1,81,,https://alltheplaces-data.openaddresses.io/runs/2026-07-18-13-32-19/output/coopers_hawk_us.geojson
Cooplands,,gb,cooplands_gb,https://alltheplaces.xyz/spiders.html?page_length=-1&num_runs=1,159,,https://alltheplaces-data.openaddresses.io/runs/2026-07-18-13-32-19/output/cooplands_gb.geojson
Cooplands Doncaster,,gb,cooplands_doncaster_gb,https://alltheplaces.xyz/spiders.html?page_length=-1&num_runs=1,23,,https://alltheplaces-data.openaddresses.io/runs/2026-07-18-13-32-19/output/cooplands_doncaster_gb.geojson
Coral,,gb,coral_gb,https://alltheplaces.xyz/spiders.html?page_length=-1&num_runs=1,"1,112",,https://alltheplaces-data.openaddresses.io/runs/2026-07-18-13-32-19/output/coral_gb.geojson
Cornerstone Healthcare Group,,us,cornerstone_healthcare_group_us,https://alltheplaces.xyz/spiders.html?page_length=-1&num_runs=1,6,,https://alltheplaces-data.openaddresses.io/runs/2026-07-18-13-32-19/output/cornerstone_healthcare_group_us.geojson
Cornish Bakery,,gb,cornish_bakery_gb,https://alltheplaces.xyz/spiders.html?page_length=-1&num_runs=1,76,,https://alltheplaces-data.openaddresses.io/runs/2026-07-18-13-32-19/output/cornish_bakery_gb.geojson
Cost Plus World Market,,,cost_plus_world_market,https://alltheplaces.xyz/spiders.html?page_length=-1&num_runs=1,248,,https://alltheplaces-data.openaddresses.io/runs/2026-07-18-13-32-19/output/cost_plus_world_market.geojson
Costa Coffee,,,costa_coffee,https://alltheplaces.xyz/spiders.html?page_length=-1&num_runs=1,783,,https://alltheplaces-data.openaddresses.io/runs/2026-07-18-13-32-19/output/costa_coffee.geojson
Costcutter,,gb,costcutter_gb,https://alltheplaces.xyz/spiders.html?page_length=-1&num_runs=1,"1,441",,https://alltheplaces-data.openaddresses.io/runs/2026-07-18-13-32-19/output/costcutter_gb.geojson
Coto,,ar,coto_ar,https://alltheplaces.xyz/spiders.html?page_length=-1&num_runs=1,121,,https://alltheplaces-data.openaddresses.io/runs/2026-07-18-13-32-19/output/coto_ar.geojson
Cotton On Group,,,cotton_on_group,https://alltheplaces.xyz/spiders.html?page_length=-1&num_runs=1,"1,152",,https://alltheplaces-data.openaddresses.io/runs/2026-07-18-13-32-19/output/cotton_on_group.geojson
Country Style,,ca,country_style_ca,https://alltheplaces.xyz/spiders.html?page_length=-1&num_runs=1,221,,https://alltheplaces-data.openaddresses.io/runs/2026-07-18-13-32-19/output/country_style_ca.geojson
Cracker Barrel,,,cracker_barrel,https://alltheplaces.xyz/spiders.html?page_length=-1&num_runs=1,,,https://alltheplaces-data.openaddresses.io/runs/2026-07-18-13-32-19/output/cracker_barrel.geojson
Creams,,gb,creams_gb,https://alltheplaces.xyz/spiders.html?page_length=-1&num_runs=1,92,,https://alltheplaces-data.openaddresses.io/runs/2026-07-18-13-32-19/output/creams_gb.geojson
Credit Agricole,,,credit_agricole,https://alltheplaces.xyz/spiders.html?page_length=-1&num_runs=1,"8,607",,https://alltheplaces-data.openaddresses.io/runs/2026-07-18-13-32-19/output/credit_agricole.geojson
Crew Carwash,,us,crew_carwash_us,https://alltheplaces.xyz/spiders.html?page_length=-1&num_runs=1,61,,https://alltheplaces-data.openaddresses.io/runs/2026-07-18-13-32-19/output/crew_carwash_us.geojson
Crew Clothing,,gb,crew_clothing_gb,https://alltheplaces.xyz/spiders.html?page_length=-1&num_runs=1,136,,https://alltheplaces-data.openaddresses.io/runs/2026-07-18-13-32-19/output/crew_clothing_gb.geojson
Cross Fit,,,cross_fit,https://alltheplaces.xyz/spiders.html?page_length=-1&num_runs=1,"8,982",,https://alltheplaces-data.openaddresses.io/runs/2026-07-18-13-32-19/output/cross_fit.geojson
Crown Burgers,,us,crown_burgers_us,https://alltheplaces.xyz/spiders.html?page_length=-1&num_runs=1,8,,https://alltheplaces-data.openaddresses.io/runs/2026-07-18-13-32-19/output/crown_burgers_us.geojson
Crust,,au,crust_au,https://alltheplaces.xyz/spiders.html?page_length=-1&num_runs=1,138,,https://alltheplaces-data.openaddresses.io/runs/2026-07-18-13-32-19/output/crust_au.geojson
Cryptolink,,au,cryptolink_au,https://alltheplaces.xyz/spiders.html?page_length=-1&num_runs=1,96,,https://alltheplaces-data.openaddresses.io/runs/2026-07-18-13-32-19/output/cryptolink_au.geojson
Ctm,,,ctm,https://alltheplaces.xyz/spiders.html?page_length=-1&num_runs=1,75,,https://alltheplaces-data.openaddresses.io/runs/2026-07-18-13-32-19/output/ctm.geojson
Cue,,au,cue_au,https://alltheplaces.xyz/spiders.html?page_length=-1&num_runs=1,70,,https://alltheplaces-data.openaddresses.io/runs/2026-07-18-13-32-19/output/cue_au.geojson
Cultures,,ca,cultures_ca,https://alltheplaces.xyz/spiders.html?page_length=-1&num_runs=1,16,,https://alltheplaces-data.openaddresses.io/runs/2026-07-18-13-32-19/output/cultures_ca.geojson
Currys,,,currys,https://alltheplaces.xyz/spiders.html?page_length=-1&num_runs=1,281,,https://alltheplaces-data.openaddresses.io/runs/2026-07-18-13-32-19/output/currys.geojson
Cutters,,,cutters,https://alltheplaces.xyz/spiders.html?page_length=-1&num_runs=1,130,,https://alltheplaces-data.openaddresses.io/runs/2026-07-18-13-32-19/output/cutters.geojson
Cvs Vets,,gb,cvs_vets_gb,https://alltheplaces.xyz/spiders.html?page_length=-1&num_runs=1,400,,https://alltheplaces-data.openaddresses.io/runs/2026-07-18-13-32-19/output/cvs_vets_gb.geojson
Dagostino,,us,dagostino_us,https://alltheplaces.xyz/spiders.html?page_length=-1&num_runs=1,,,https://alltheplaces-data.openaddresses.io/runs/2026-07-18-13-32-19/output/dagostino_us.geojson
Daiso,,us,daiso_us,https://alltheplaces.xyz/spiders.html?page_length=-1&num_runs=1,96,,https://alltheplaces-data.openaddresses.io/runs/2026-07-18-13-32-19/output/daiso_us.geojson
Damira,,gb,damira_gb,https://alltheplaces.xyz/spiders.html?page_length=-1&num_runs=1,55,,https://alltheplaces-data.openaddresses.io/runs/2026-07-18-13-32-19/output/damira_gb.geojson
Dan John,,,dan_john,https://alltheplaces.xyz/spiders.html?page_length=-1&num_runs=1,260,,https://alltheplaces-data.openaddresses.io/runs/2026-07-18-13-32-19/output/dan_john.geojson
Dangelos,,us,dangelos_us,https://alltheplaces.xyz/spiders.html?page_length=-1&num_runs=1,104,,https://alltheplaces-data.openaddresses.io/runs/2026-07-18-13-32-19/output/dangelos_us.geojson
Dangerfield,,,dangerfield,https://alltheplaces.xyz/spiders.html?page_length=-1&num_runs=1,57,,https://alltheplaces-data.openaddresses.io/runs/2026-07-18-13-32-19/output/dangerfield.geojson
Daniels Donuts,,au,daniels_donuts_au,https://alltheplaces.xyz/spiders.html?page_length=-1&num_runs=1,48,,https://alltheplaces-data.openaddresses.io/runs/2026-07-18-13-32-19/output/daniels_donuts_au.geojson
Daniels Jewelers,,us,daniels_jewelers_us,https://alltheplaces.xyz/spiders.html?page_length=-1&num_runs=1,99,,https://alltheplaces-data.openaddresses.io/runs/2026-07-18-13-32-19/output/daniels_jewelers_us.geojson
Dapsa,,ar,dapsa_ar,https://alltheplaces.xyz/spiders.html?page_length=-1&num_runs=1,157,,https://alltheplaces-data.openaddresses.io/runs/2026-07-18-13-32-19/output/dapsa_ar.geojson
Das Futterhaus,,,das_futterhaus,https://alltheplaces.xyz/spiders.html?page_length=-1&num_runs=1,434,,https://alltheplaces-data.openaddresses.io/runs/2026-07-18-13-32-19/output/das_futterhaus.geojson
Dave & Busters,,,dave_and_busters,https://alltheplaces.xyz/spiders.html?page_length=-1&num_runs=1,185,,https://alltheplaces-data.openaddresses.io/runs/2026-07-18-13-32-19/output/dave_and_busters.geojson
David Lloyd,,gb,david_lloyd_gb,https://alltheplaces.xyz/spiders.html?page_length=-1&num_runs=1,117,,https://alltheplaces-data.openaddresses.io/runs/2026-07-18-13-32-19/output/david_lloyd_gb.geojson
Day Lewis,,gb,day_lewis_gb,https://alltheplaces.xyz/spiders.html?page_length=-1&num_runs=1,243,,https://alltheplaces-data.openaddresses.io/runs/2026-07-18-13-32-19/output/day_lewis_gb.geojson
Dds Discounts,,us,dds_discounts_us,https://alltheplaces.xyz/spiders.html?page_length=-1&num_runs=1,376,,https://alltheplaces-data.openaddresses.io/runs/2026-07-18-13-32-19/output/dds_discounts_us.geojson
Dean & David,,,dean_and_david,https://alltheplaces.xyz/spiders.html?page_length=-1&num_runs=1,830,,https://alltheplaces-data.openaddresses.io/runs/2026-07-18-13-32-19/output/dean_and_david.geojson
Debonairs Pizza,,,debonairs_pizza,https://alltheplaces.xyz/spiders.html?page_length=-1&num_runs=1,829,Franchise,https://alltheplaces-data.openaddresses.io/runs/2026-07-18-13-32-19/output/debonairs_pizza.geojson
Decathlon,,au,decathlon_au,https://alltheplaces.xyz/spiders.html?page_length=-1&num_runs=1,6,,https://alltheplaces-data.openaddresses.io/runs/2026-07-18-13-32-19/output/decathlon_au.geojson
Decathlon,,gb,decathlon_gb,https://alltheplaces.xyz/spiders.html?page_length=-1&num_runs=1,41,,https://alltheplaces-data.openaddresses.io/runs/2026-07-18-13-32-19/output/decathlon_gb.geojson
Dedeman,,,dedeman,https://alltheplaces.xyz/spiders.html?page_length=-1&num_runs=1,52,,https://alltheplaces-data.openaddresses.io/runs/2026-07-18-13-32-19/output/dedeman.geojson
Defy,,us,defy_us,https://alltheplaces.xyz/spiders.html?page_length=-1&num_runs=1,8,,https://alltheplaces-data.openaddresses.io/runs/2026-07-18-13-32-19/output/defy_us.geojson
Deichmann,,,deichmann,https://alltheplaces.xyz/spiders.html?page_length=-1&num_runs=1,"2,832",,https://alltheplaces-data.openaddresses.io/runs/2026-07-18-13-32-19/output/deichmann.geojson
Delhaize,,,delhaize,https://alltheplaces.xyz/spiders.html?page_length=-1&num_runs=1,697,,https://alltheplaces-data.openaddresses.io/runs/2026-07-18-13-32-19/output/delhaize.geojson
Delifrance,,,delifrance,https://alltheplaces.xyz/spiders.html?page_length=-1&num_runs=1,72,,https://alltheplaces-data.openaddresses.io/runs/2026-07-18-13-32-19/output/delifrance.geojson
Depot,,,depot,https://alltheplaces.xyz/spiders.html?page_length=-1&num_runs=1,184,,https://alltheplaces-data.openaddresses.io/runs/2026-07-18-13-32-19/output/depot.geojson
Descamps,,,descamps,https://alltheplaces.xyz/spiders.html?page_length=-1&num_runs=1,95,,https://alltheplaces-data.openaddresses.io/runs/2026-07-18-13-32-19/output/descamps.geojson
Designer Sofas,,,designer_sofas,https://alltheplaces.xyz/spiders.html?page_length=-1&num_runs=1,34,,https://alltheplaces-data.openaddresses.io/runs/2026-07-18-13-32-19/output/designer_sofas.geojson
Dfs,,gb,dfs_gb,https://alltheplaces.xyz/spiders.html?page_length=-1&num_runs=1,117,,https://alltheplaces-data.openaddresses.io/runs/2026-07-18-13-32-19/output/dfs_gb.geojson
Dia,,ar,dia_ar,https://alltheplaces.xyz/spiders.html?page_length=-1&num_runs=1,"1,022",,https://alltheplaces-data.openaddresses.io/runs/2026-07-18-13-32-19/output/dia_ar.geojson
Diesel,,,diesel,https://alltheplaces.xyz/spiders.html?page_length=-1&num_runs=1,424,,https://alltheplaces-data.openaddresses.io/runs/2026-07-18-13-32-19/output/diesel.geojson
Dis Chem,,,dis_chem,https://alltheplaces.xyz/spiders.html?page_length=-1&num_runs=1,,,https://alltheplaces-data.openaddresses.io/runs/2026-07-18-13-32-19/output/dis_chem.geojson
Discount Tire,,,discount_tire,https://alltheplaces.xyz/spiders.html?page_length=-1&num_runs=1,"1,122",,https://alltheplaces-data.openaddresses.io/runs/2026-07-18-13-32-19/output/discount_tire.geojson
Dodo Pizza,,,dodo_pizza,https://alltheplaces.xyz/spiders.html?page_length=-1&num_runs=1,"1,509",Franchise,https://alltheplaces-data.openaddresses.io/runs/2026-07-18-13-32-19/output/dodo_pizza.geojson
Dogs Trust,,gb,dogs_trust_gb,https://alltheplaces.xyz/spiders.html?page_length=-1&num_runs=1,32,,https://alltheplaces-data.openaddresses.io/runs/2026-07-18-13-32-19/output/dogs_trust_gb.geojson
Dollar Curtains & Blinds,,au,dollar_curtains_and_blinds_au,https://alltheplaces.xyz/spiders.html?page_length=-1&num_runs=1,29,,https://alltheplaces-data.openaddresses.io/runs/2026-07-18-13-32-19/output/dollar_curtains_and_blinds_au.geojson
Dollar Tree,,us,dollar_tree_us,https://alltheplaces.xyz/spiders.html?page_length=-1&num_runs=1,,,https://alltheplaces-data.openaddresses.io/runs/2026-07-18-13-32-19/output/dollar_tree_us.geojson
Dollars & Sense,,au,dollars_and_sense_au,https://alltheplaces.xyz/spiders.html?page_length=-1&num_runs=1,,,https://alltheplaces-data.openaddresses.io/runs/2026-07-18-13-32-19/output/dollars_and_sense_au.geojson
Domayne,,au,domayne_au,https://alltheplaces.xyz/spiders.html?page_length=-1&num_runs=1,23,,https://alltheplaces-data.openaddresses.io/runs/2026-07-18-13-32-19/output/domayne_au.geojson
Donut King,,au,donut_king_au,https://alltheplaces.xyz/spiders.html?page_length=-1&num_runs=1,184,,https://alltheplaces-data.openaddresses.io/runs/2026-07-18-13-32-19/output/donut_king_au.geojson
Doors Plus,,au,doors_plus_au,https://alltheplaces.xyz/spiders.html?page_length=-1&num_runs=1,23,,https://alltheplaces-data.openaddresses.io/runs/2026-07-18-13-32-19/output/doors_plus_au.geojson
Doppio Zero,,,doppio_zero,https://alltheplaces.xyz/spiders.html?page_length=-1&num_runs=1,40,,https://alltheplaces-data.openaddresses.io/runs/2026-07-18-13-32-19/output/doppio_zero.geojson
Doughnut Time,,gb,doughnut_time_gb,https://alltheplaces.xyz/spiders.html?page_length=-1&num_runs=1,14,,https://alltheplaces-data.openaddresses.io/runs/2026-07-18-13-32-19/output/doughnut_time_gb.geojson
Douglas,,at,douglas_at,https://alltheplaces.xyz/spiders.html?page_length=-1&num_runs=1,37,,https://alltheplaces-data.openaddresses.io/runs/2026-07-18-13-32-19/output/douglas_at.geojson
Dr Martens,,,dr_martens,https://alltheplaces.xyz/spiders.html?page_length=-1&num_runs=1,279,,https://alltheplaces-data.openaddresses.io/runs/2026-07-18-13-32-19/output/dr_martens.geojson
Dr Max,,,dr_max,https://alltheplaces.xyz/spiders.html?page_length=-1&num_runs=1,"2,927",,https://alltheplaces-data.openaddresses.io/runs/2026-07-18-13-32-19/output/dr_max.geojson
Dracik,,,dracik,https://alltheplaces.xyz/spiders.html?page_length=-1&num_runs=1,141,,https://alltheplaces-data.openaddresses.io/runs/2026-07-18-13-32-19/output/dracik.geojson
Drakes,,au,drakes_au,https://alltheplaces.xyz/spiders.html?page_length=-1&num_runs=1,50,,https://alltheplaces-data.openaddresses.io/runs/2026-07-18-13-32-19/output/drakes_au.geojson
Dream Doors,,gb,dream_doors_gb,https://alltheplaces.xyz/spiders.html?page_length=-1&num_runs=1,84,,https://alltheplaces-data.openaddresses.io/runs/2026-07-18-13-32-19/output/dream_doors_gb.geojson
Dreamland,,,dreamland,https://alltheplaces.xyz/spiders.html?page_length=-1&num_runs=1,,,https://alltheplaces-data.openaddresses.io/runs/2026-07-18-13-32-19/output/dreamland.geojson
Dreams,,gb,dreams_gb,https://alltheplaces.xyz/spiders.html?page_length=-1&num_runs=1,246,,https://alltheplaces-data.openaddresses.io/runs/2026-07-18-13-32-19/output/dreams_gb.geojson
Drury Hotels,,us,drury_hotels_us,https://alltheplaces.xyz/spiders.html?page_length=-1&num_runs=1,133,,https://alltheplaces-data.openaddresses.io/runs/2026-07-18-13-32-19/output/drury_hotels_us.geojson
Duck Thru,,us,duck_thru_us,https://alltheplaces.xyz/spiders.html?page_length=-1&num_runs=1,110,,https://alltheplaces-data.openaddresses.io/runs/2026-07-18-13-32-19/output/duck_thru_us.geojson
Duffys,,,duffys,https://alltheplaces.xyz/spiders.html?page_length=-1&num_runs=1,27,,https://alltheplaces-data.openaddresses.io/runs/2026-07-18-13-32-19/output/duffys.geojson
Dulux Decorator Centre,,gb,dulux_decorator_centre_gb,https://alltheplaces.xyz/spiders.html?page_length=-1&num_runs=1,228,,https://alltheplaces-data.openaddresses.io/runs/2026-07-18-13-32-19/output/dulux_decorator_centre_gb.geojson
Dunelm,,gb,dunelm_gb,https://alltheplaces.xyz/spiders.html?page_length=-1&num_runs=1,195,,https://alltheplaces-data.openaddresses.io/runs/2026-07-18-13-32-19/output/dunelm_gb.geojson
Dusk,,au,dusk_au,https://alltheplaces.xyz/spiders.html?page_length=-1&num_runs=1,142,,https://alltheplaces-data.openaddresses.io/runs/2026-07-18-13-32-19/output/dusk_au.geojson
Dutch Bros,,,dutch_bros,https://alltheplaces.xyz/spiders.html?page_length=-1&num_runs=1,"1,241",,https://alltheplaces-data.openaddresses.io/runs/2026-07-18-13-32-19/output/dutch_bros.geojson
Dw Fresh Market,,us,dw_fresh_market_us,https://alltheplaces.xyz/spiders.html?page_length=-1&num_runs=1,10,,https://alltheplaces-data.openaddresses.io/runs/2026-07-18-13-32-19/output/dw_fresh_market_us.geojson
E Leclerc,,,e_leclerc,https://alltheplaces.xyz/spiders.html?page_length=-1&num_runs=1,"4,221",,https://alltheplaces-data.openaddresses.io/runs/2026-07-18-13-32-19/output/e_leclerc.geojson
Early Settler,,,early_settler,https://alltheplaces.xyz/spiders.html?page_length=-1&num_runs=1,71,,https://alltheplaces-data.openaddresses.io/runs/2026-07-18-13-32-19/output/early_settler.geojson
East Of England Coop,,gb,east_of_england_coop_gb,https://alltheplaces.xyz/spiders.html?page_length=-1&num_runs=1,223,,https://alltheplaces-data.openaddresses.io/runs/2026-07-18-13-32-19/output/east_of_england_coop_gb.geojson
Easy Bathrooms,,gb,easy_bathrooms_gb,https://alltheplaces.xyz/spiders.html?page_length=-1&num_runs=1,158,,https://alltheplaces-data.openaddresses.io/runs/2026-07-18-13-32-19/output/easy_bathrooms_gb.geojson
Easy Hotel,,,easy_hotel,https://alltheplaces.xyz/spiders.html?page_length=-1&num_runs=1,42,,https://alltheplaces-data.openaddresses.io/runs/2026-07-18-13-32-19/output/easy_hotel.geojson
Easypay,,,easypay,https://alltheplaces.xyz/spiders.html?page_length=-1&num_runs=1,"3,952",,https://alltheplaces-data.openaddresses.io/runs/2026-07-18-13-32-19/output/easypay.geojson
Eatn Park,,us,eatn_park_us,https://alltheplaces.xyz/spiders.html?page_length=-1&num_runs=1,55,,https://alltheplaces-data.openaddresses.io/runs/2026-07-18-13-32-19/output/eatn_park_us.geojson
Ecars,,,ecars,https://alltheplaces.xyz/spiders.html?page_length=-1&num_runs=1,679,,https://alltheplaces-data.openaddresses.io/runs/2026-07-18-13-32-19/output/ecars.geojson
Ecbo Cloak,,,ecbo_cloak,https://alltheplaces.xyz/spiders.html?page_length=-1&num_runs=1,"2,584",,https://alltheplaces-data.openaddresses.io/runs/2026-07-18-13-32-19/output/ecbo_cloak.geojson
Ecco,,,ecco,https://alltheplaces.xyz/spiders.html?page_length=-1&num_runs=1,,,https://alltheplaces-data.openaddresses.io/runs/2026-07-18-13-32-19/output/ecco.geojson
Edgars,,,edgars,https://alltheplaces.xyz/spiders.html?page_length=-1&num_runs=1,,,https://alltheplaces-data.openaddresses.io/runs/2026-07-18-13-32-19/output/edgars.geojson
Edge Clothing,,au,edge_clothing_au,https://alltheplaces.xyz/spiders.html?page_length=-1&num_runs=1,42,,https://alltheplaces-data.openaddresses.io/runs/2026-07-18-13-32-19/output/edge_clothing_au.geojson
Ee,,gb,ee_gb,https://alltheplaces.xyz/spiders.html?page_length=-1&num_runs=1,396,,https://alltheplaces-data.openaddresses.io/runs/2026-07-18-13-32-19/output/ee_gb.geojson
Effia,,,effia,https://alltheplaces.xyz/spiders.html?page_length=-1&num_runs=1,502,,https://alltheplaces-data.openaddresses.io/runs/2026-07-18-13-32-19/output/effia.geojson
Eighty Five Degrees,,au,eighty_five_degrees_c_au,https://alltheplaces.xyz/spiders.html?page_length=-1&num_runs=1,15,,https://alltheplaces-data.openaddresses.io/runs/2026-07-18-13-32-19/output/eighty_five_degrees_c_au.geojson
Eighty Five Degrees,,us,eighty_five_degrees_c_us,https://alltheplaces.xyz/spiders.html?page_length=-1&num_runs=1,99,,https://alltheplaces-data.openaddresses.io/runs/2026-07-18-13-32-19/output/eighty_five_degrees_c_us.geojson
Eightyfour Lumber,,us,eightyfour_lumber_us,https://alltheplaces.xyz/spiders.html?page_length=-1&num_runs=1,235,,https://alltheplaces-data.openaddresses.io/runs/2026-07-18-13-32-19/output/eightyfour_lumber_us.geojson
El Jannah,,au,el_jannah_au,https://alltheplaces.xyz/spiders.html?page_length=-1&num_runs=1,66,,https://alltheplaces-data.openaddresses.io/runs/2026-07-18-13-32-19/output/el_jannah_au.geojson
El Super,,us,el_super_us,https://alltheplaces.xyz/spiders.html?page_length=-1&num_runs=1,70,,https://alltheplaces-data.openaddresses.io/runs/2026-07-18-13-32-19/output/el_super_us.geojson
Electric Circuit,,ca,electric_circuit_ca,https://alltheplaces.xyz/spiders.html?page_length=-1&num_runs=1,"2,931",,https://alltheplaces-data.openaddresses.io/runs/2026-07-18-13-32-19/output/electric_circuit_ca.geojson
Electrify Canada,,ca,electrify_canada_ca,https://alltheplaces.xyz/spiders.html?page_length=-1&num_runs=1,300,,https://alltheplaces-data.openaddresses.io/runs/2026-07-18-13-32-19/output/electrify_canada_ca.geojson
Elysium Healthcare,,,elysium_healthcare,https://alltheplaces.xyz/spiders.html?page_length=-1&num_runs=1,,,https://alltheplaces-data.openaddresses.io/runs/2026-07-18-13-32-19/output/elysium_healthcare.geojson
Ember Inns,,gb,ember_inns_gb,https://alltheplaces.xyz/spiders.html?page_length=-1&num_runs=1,150,,https://alltheplaces-data.openaddresses.io/runs/2026-07-18-13-32-19/output/ember_inns_gb.geojson
Engbers,,,engbers,https://alltheplaces.xyz/spiders.html?page_length=-1&num_runs=1,262,,https://alltheplaces-data.openaddresses.io/runs/2026-07-18-13-32-19/output/engbers.geojson
Engen,,,engen,https://alltheplaces.xyz/spiders.html?page_length=-1&num_runs=1,"1,937",,https://alltheplaces-data.openaddresses.io/runs/2026-07-18-13-32-19/output/engen.geojson
English Heritage,,gb,english_heritage_gb,https://alltheplaces.xyz/spiders.html?page_length=-1&num_runs=1,392,,https://alltheplaces-data.openaddresses.io/runs/2026-07-18-13-32-19/output/english_heritage_gb.geojson
Eni,,,eni,https://alltheplaces.xyz/spiders.html?page_length=-1&num_runs=1,"5,460",,https://alltheplaces-data.openaddresses.io/runs/2026-07-18-13-32-19/output/eni.geojson
Eq Saddlery,,au,eq_saddlery_au,https://alltheplaces.xyz/spiders.html?page_length=-1&num_runs=1,8,,https://alltheplaces-data.openaddresses.io/runs/2026-07-18-13-32-19/output/eq_saddlery_au.geojson
Equinox,,,equinox,https://alltheplaces.xyz/spiders.html?page_length=-1&num_runs=1,128,,https://alltheplaces-data.openaddresses.io/runs/2026-07-18-13-32-19/output/equinox.geojson
Equity,,us,equity_us,https://alltheplaces.xyz/spiders.html?page_length=-1&num_runs=1,287,,https://alltheplaces-data.openaddresses.io/runs/2026-07-18-13-32-19/output/equity_us.geojson
Eriks Deli Cafe,,us,eriks_deli_cafe_us,https://alltheplaces.xyz/spiders.html?page_length=-1&num_runs=1,29,,https://alltheplaces-data.openaddresses.io/runs/2026-07-18-13-32-19/output/eriks_deli_cafe_us.geojson
Esb Energy,,gb,esb_energy_gb,https://alltheplaces.xyz/spiders.html?page_length=-1&num_runs=1,195,,https://alltheplaces-data.openaddresses.io/runs/2026-07-18-13-32-19/output/esb_energy_gb.geojson
Espresso House,,,espresso_house,https://alltheplaces.xyz/spiders.html?page_length=-1&num_runs=1,458,,https://alltheplaces-data.openaddresses.io/runs/2026-07-18-13-32-19/output/espresso_house.geojson
Espressolab,,,espressolab,https://alltheplaces.xyz/spiders.html?page_length=-1&num_runs=1,403,,https://alltheplaces-data.openaddresses.io/runs/2026-07-18-13-32-19/output/espressolab.geojson
Essentiel Antwerp,,,essentiel_antwerp,https://alltheplaces.xyz/spiders.html?page_length=-1&num_runs=1,45,,https://alltheplaces-data.openaddresses.io/runs/2026-07-18-13-32-19/output/essentiel_antwerp.geojson
Essex,,us,essex_us,https://alltheplaces.xyz/spiders.html?page_length=-1&num_runs=1,,,https://alltheplaces-data.openaddresses.io/runs/2026-07-18-13-32-19/output/essex_us.geojson
Etam,,,etam,https://alltheplaces.xyz/spiders.html?page_length=-1&num_runs=1,727,,https://alltheplaces-data.openaddresses.io/runs/2026-07-18-13-32-19/output/etam.geojson
Euro Car Parts,,gb,euro_car_parts_gb,https://alltheplaces.xyz/spiders.html?page_length=-1&num_runs=1,235,,https://alltheplaces-data.openaddresses.io/runs/2026-07-18-13-32-19/output/euro_car_parts_gb.geojson
Eurochange,,gb,eurochange_gb,https://alltheplaces.xyz/spiders.html?page_length=-1&num_runs=1,231,,https://alltheplaces-data.openaddresses.io/runs/2026-07-18-13-32-19/output/eurochange_gb.geojson
Euronics,,at,euronics_at,https://alltheplaces.xyz/spiders.html?page_length=-1&num_runs=1,117,,https://alltheplaces-data.openaddresses.io/runs/2026-07-18-13-32-19/output/euronics_at.geojson
Ever New,,ca,ever_new_ca,https://alltheplaces.xyz/spiders.html?page_length=-1&num_runs=1,,,https://alltheplaces-data.openaddresses.io/runs/2026-07-18-13-32-19/output/ever_new_ca.geojson
Evergreen Healthcare Group,,us,evergreen_healthcare_group_us,https://alltheplaces.xyz/spiders.html?page_length=-1&num_runs=1,51,,https://alltheplaces-data.openaddresses.io/runs/2026-07-18-13-32-19/output/evergreen_healthcare_group_us.geojson
Eviny,,,eviny,https://alltheplaces.xyz/spiders.html?page_length=-1&num_runs=1,548,,https://alltheplaces-data.openaddresses.io/runs/2026-07-18-13-32-19/output/eviny.geojson
Evyve,,gb,evyve_gb,https://alltheplaces.xyz/spiders.html?page_length=-1&num_runs=1,221,,https://alltheplaces-data.openaddresses.io/runs/2026-07-18-13-32-19/output/evyve_gb.geojson
Exki,,,exki,https://alltheplaces.xyz/spiders.html?page_length=-1&num_runs=1,56,,https://alltheplaces-data.openaddresses.io/runs/2026-07-18-13-32-19/output/exki.geojson
Exxon Mobil,,,exxon_mobil,https://alltheplaces.xyz/spiders.html?page_length=-1&num_runs=1,"14,251",,https://alltheplaces-data.openaddresses.io/runs/2026-07-18-13-32-19/output/exxon_mobil.geojson
Eyes & More,,,eyes_and_more,https://alltheplaces.xyz/spiders.html?page_length=-1&num_runs=1,354,,https://alltheplaces-data.openaddresses.io/runs/2026-07-18-13-32-19/output/eyes_and_more.geojson
Ez Mart,,us,ez_mart_us,https://alltheplaces.xyz/spiders.html?page_length=-1&num_runs=1,,,https://alltheplaces-data.openaddresses.io/runs/2026-07-18-13-32-19/output/ez_mart_us.geojson
F24,,,f24,https://alltheplaces.xyz/spiders.html?page_length=-1&num_runs=1,248,,https://alltheplaces-data.openaddresses.io/runs/2026-07-18-13-32-19/output/f24.geojson
Fairmont,,,fairmont,https://alltheplaces.xyz/spiders.html?page_length=-1&num_runs=1,98,,https://alltheplaces-data.openaddresses.io/runs/2026-07-18-13-32-19/output/fairmont.geojson
Fairway Market,,us,fairway_market_us,https://alltheplaces.xyz/spiders.html?page_length=-1&num_runs=1,4,,https://alltheplaces-data.openaddresses.io/runs/2026-07-18-13-32-19/output/fairway_market_us.geojson
Family Fare,,us,family_fare_us,https://alltheplaces.xyz/spiders.html?page_length=-1&num_runs=1,87,,https://alltheplaces-data.openaddresses.io/runs/2026-07-18-13-32-19/output/family_fare_us.geojson
Family Shopper,,gb,family_shopper_gb,https://alltheplaces.xyz/spiders.html?page_length=-1&num_runs=1,364,,https://alltheplaces-data.openaddresses.io/runs/2026-07-18-13-32-19/output/family_shopper_gb.geojson
Fantastic Furniture,,au,fantastic_furniture_au,https://alltheplaces.xyz/spiders.html?page_length=-1&num_runs=1,8,,https://alltheplaces-data.openaddresses.io/runs/2026-07-18-13-32-19/output/fantastic_furniture_au.geojson
Farmboy,,ca,farmboy_ca,https://alltheplaces.xyz/spiders.html?page_length=-1&num_runs=1,53,,https://alltheplaces-data.openaddresses.io/runs/2026-07-18-13-32-19/output/farmboy_ca.geojson
Farmers Home,,us,farmers_home_furniture_us,https://alltheplaces.xyz/spiders.html?page_length=-1&num_runs=1,224,,https://alltheplaces-data.openaddresses.io/runs/2026-07-18-13-32-19/output/farmers_home_furniture_us.geojson
Farmhouse Inns,,gb,farmhouse_inns_gb,https://alltheplaces.xyz/spiders.html?page_length=-1&num_runs=1,63,,https://alltheplaces-data.openaddresses.io/runs/2026-07-18-13-32-19/output/farmhouse_inns_gb.geojson
Fast Stop,,us,fast_stop_us,https://alltheplaces.xyz/spiders.html?page_length=-1&num_runs=1,181,,https://alltheplaces-data.openaddresses.io/runs/2026-07-18-13-32-19/output/fast_stop_us.geojson
Fastbreak,,us,fastbreak_us,https://alltheplaces.xyz/spiders.html?page_length=-1&num_runs=1,28,,https://alltheplaces-data.openaddresses.io/runs/2026-07-18-13-32-19/output/fastbreak_us.geojson
Fastned,,,fastned,https://alltheplaces.xyz/spiders.html?page_length=-1&num_runs=1,438,,https://alltheplaces-data.openaddresses.io/runs/2026-07-18-13-32-19/output/fastned.geojson
Fat Bastard Burrito,,ca,fat_bastard_burrito_ca,https://alltheplaces.xyz/spiders.html?page_length=-1&num_runs=1,97,,https://alltheplaces-data.openaddresses.io/runs/2026-07-18-13-32-19/output/fat_bastard_burrito_ca.geojson
Fatface,,gb,fatface_gb,https://alltheplaces.xyz/spiders.html?page_length=-1&num_runs=1,172,,https://alltheplaces-data.openaddresses.io/runs/2026-07-18-13-32-19/output/fatface_gb.geojson
Favorite Chicken,,gb,favorite_chicken_gb,https://alltheplaces.xyz/spiders.html?page_length=-1&num_runs=1,79,,https://alltheplaces-data.openaddresses.io/runs/2026-07-18-13-32-19/output/favorite_chicken_gb.geojson
Federal Savings Bank,,,federal_savings_bank,https://alltheplaces.xyz/spiders.html?page_length=-1&num_runs=1,19,,https://alltheplaces-data.openaddresses.io/runs/2026-07-18-13-32-19/output/federal_savings_bank.geojson
Ferguson Plarres Bakehouse,,au,ferguson_plarres_bakehouse_au,https://alltheplaces.xyz/spiders.html?page_length=-1&num_runs=1,76,,https://alltheplaces-data.openaddresses.io/runs/2026-07-18-13-32-19/output/ferguson_plarres_bakehouse_au.geojson
Festival Foods,,us,festival_foods_us,https://alltheplaces.xyz/spiders.html?page_length=-1&num_runs=1,42,,https://alltheplaces-data.openaddresses.io/runs/2026-07-18-13-32-19/output/festival_foods_us.geojson
Fifth Third Bank,,us,fifth_third_bank_us,https://alltheplaces.xyz/spiders.html?page_length=-1&num_runs=1,"1,457",,https://alltheplaces-data.openaddresses.io/runs/2026-07-18-13-32-19/output/fifth_third_bank_us.geojson
Fine Wine Good Spirits,,us,fine_wine_good_spirits_us,https://alltheplaces.xyz/spiders.html?page_length=-1&num_runs=1,,,https://alltheplaces-data.openaddresses.io/runs/2026-07-18-13-32-19/output/fine_wine_good_spirits_us.geojson
Fireaway,,gb,fireaway_gb,https://alltheplaces.xyz/spiders.html?page_length=-1&num_runs=1,160,,https://alltheplaces-data.openaddresses.io/runs/2026-07-18-13-32-19/output/fireaway_gb.geojson
First Hawaiian Bank,,,first_hawaiian_bank,https://alltheplaces.xyz/spiders.html?page_length=-1&num_runs=1,222,,https://alltheplaces-data.openaddresses.io/runs/2026-07-18-13-32-19/output/first_hawaiian_bank.geojson
First Horizon Bank,,us,first_horizon_bank_us,https://alltheplaces.xyz/spiders.html?page_length=-1&num_runs=1,386,,https://alltheplaces-data.openaddresses.io/runs/2026-07-18-13-32-19/output/first_horizon_bank_us.geojson
First Hotels,,,first_hotels,https://alltheplaces.xyz/spiders.html?page_length=-1&num_runs=1,32,,https://alltheplaces-data.openaddresses.io/runs/2026-07-18-13-32-19/output/first_hotels.geojson
First National Bank,,us,first_national_bank_us,https://alltheplaces.xyz/spiders.html?page_length=-1&num_runs=1,"1,788",,https://alltheplaces-data.openaddresses.io/runs/2026-07-18-13-32-19/output/first_national_bank_us.geojson
First National Real Estate,,au,first_national_real_estate_au,https://alltheplaces.xyz/spiders.html?page_length=-1&num_runs=1,194,,https://alltheplaces-data.openaddresses.io/runs/2026-07-18-13-32-19/output/first_national_real_estate_au.geojson
Fishbowl,,au,fishbowl_au,https://alltheplaces.xyz/spiders.html?page_length=-1&num_runs=1,59,,https://alltheplaces-data.openaddresses.io/runs/2026-07-18-13-32-19/output/fishbowl_au.geojson
Fit Active,,,fit_active,https://alltheplaces.xyz/spiders.html?page_length=-1&num_runs=1,209,,https://alltheplaces-data.openaddresses.io/runs/2026-07-18-13-32-19/output/fit_active.geojson
Fit Service,,,fit_service,https://alltheplaces.xyz/spiders.html?page_length=-1&num_runs=1,332,,https://alltheplaces-data.openaddresses.io/runs/2026-07-18-13-32-19/output/fit_service.geojson
Fitness First,,au,fitness_first_au,https://alltheplaces.xyz/spiders.html?page_length=-1&num_runs=1,46,,https://alltheplaces-data.openaddresses.io/runs/2026-07-18-13-32-19/output/fitness_first_au.geojson
Fitness First,,gb,fitness_first_gb,https://alltheplaces.xyz/spiders.html?page_length=-1&num_runs=1,24,,https://alltheplaces-data.openaddresses.io/runs/2026-07-18-13-32-19/output/fitness_first_gb.geojson
Fitness Park,,,fitness_park,https://alltheplaces.xyz/spiders.html?page_length=-1&num_runs=1,545,,https://alltheplaces-data.openaddresses.io/runs/2026-07-18-13-32-19/output/fitness_park.geojson
Five Asec,,,five_asec,https://alltheplaces.xyz/spiders.html?page_length=-1&num_runs=1,193,,https://alltheplaces-data.openaddresses.io/runs/2026-07-18-13-32-19/output/five_asec.geojson
Fix Price,,,fix_price,https://alltheplaces.xyz/spiders.html?page_length=-1&num_runs=1,,,https://alltheplaces-data.openaddresses.io/runs/2026-07-18-13-32-19/output/fix_price.geojson
Fjallraven,,,fjallraven,https://alltheplaces.xyz/spiders.html?page_length=-1&num_runs=1,34,,https://alltheplaces-data.openaddresses.io/runs/2026-07-18-13-32-19/output/fjallraven.geojson
Flannels,,gb,flannels_gb,https://alltheplaces.xyz/spiders.html?page_length=-1&num_runs=1,75,,https://alltheplaces-data.openaddresses.io/runs/2026-07-18-13-32-19/output/flannels_gb.geojson
Flemings Steakhouse,,us,flemings_steakhouse_us,https://alltheplaces.xyz/spiders.html?page_length=-1&num_runs=1,65,,https://alltheplaces-data.openaddresses.io/runs/2026-07-18-13-32-19/output/flemings_steakhouse_us.geojson
Flippin Pizza,,us,flippin_pizza_us,https://alltheplaces.xyz/spiders.html?page_length=-1&num_runs=1,9,,https://alltheplaces-data.openaddresses.io/runs/2026-07-18-13-32-19/output/flippin_pizza_us.geojson
Flo,,us,flo_ca_us,https://alltheplaces.xyz/spiders.html?page_length=-1&num_runs=1,"7,577",,https://alltheplaces-data.openaddresses.io/runs/2026-07-18-13-32-19/output/flo_ca_us.geojson
Floorworld,,au,floorworld_au,https://alltheplaces.xyz/spiders.html?page_length=-1&num_runs=1,46,,https://alltheplaces-data.openaddresses.io/runs/2026-07-18-13-32-19/output/floorworld_au.geojson
Flying Tiger Copenhagen Stockist,,,flying_tiger_copenhagen_stockist,https://alltheplaces.xyz/spiders.html?page_length=-1&num_runs=1,310,,https://alltheplaces-data.openaddresses.io/runs/2026-07-18-13-32-19/output/flying_tiger_copenhagen_stockist.geojson
Flying Tiger Copenhagen Uberall,,,flying_tiger_copenhagen_uberall,https://alltheplaces.xyz/spiders.html?page_length=-1&num_runs=1,683,,https://alltheplaces-data.openaddresses.io/runs/2026-07-18-13-32-19/output/flying_tiger_copenhagen_uberall.geojson
Fnbc,,ca,fnbc_ca,https://alltheplaces.xyz/spiders.html?page_length=-1&num_runs=1,"3,363",,https://alltheplaces-data.openaddresses.io/runs/2026-07-18-13-32-19/output/fnbc_ca.geojson
Focus,,au,focus_on_furniture_au,https://alltheplaces.xyz/spiders.html?page_length=-1&num_runs=1,27,,https://alltheplaces-data.openaddresses.io/runs/2026-07-18-13-32-19/output/focus_on_furniture_au.geojson
Fogo De Chao,,,fogo_de_chao,https://alltheplaces.xyz/spiders.html?page_length=-1&num_runs=1,61,,https://alltheplaces-data.openaddresses.io/runs/2026-07-18-13-32-19/output/fogo_de_chao.geojson
Fonehouse,,gb,fonehouse_gb,https://alltheplaces.xyz/spiders.html?page_length=-1&num_runs=1,49,,https://alltheplaces-data.openaddresses.io/runs/2026-07-18-13-32-19/output/fonehouse_gb.geojson
Food City Southeast,,us,food_city_southeast_us,https://alltheplaces.xyz/spiders.html?page_length=-1&num_runs=1,154,,https://alltheplaces-data.openaddresses.io/runs/2026-07-18-13-32-19/output/food_city_southeast_us.geojson
Food Fair Market,,us,food_fair_market_us,https://alltheplaces.xyz/spiders.html?page_length=-1&num_runs=1,16,,https://alltheplaces-data.openaddresses.io/runs/2026-07-18-13-32-19/output/food_fair_market_us.geojson
Foodland,,us,foodland_us,https://alltheplaces.xyz/spiders.html?page_length=-1&num_runs=1,34,,https://alltheplaces-data.openaddresses.io/runs/2026-07-18-13-32-19/output/foodland_us.geojson
Foodland Grocery,,us,foodland_grocery_us,https://alltheplaces.xyz/spiders.html?page_length=-1&num_runs=1,33,,https://alltheplaces-data.openaddresses.io/runs/2026-07-18-13-32-19/output/foodland_grocery_us.geojson
Footasylum,,gb,footasylum_gb,https://alltheplaces.xyz/spiders.html?page_length=-1&num_runs=1,62,,https://alltheplaces-data.openaddresses.io/runs/2026-07-18-13-32-19/output/footasylum_gb.geojson
Forcast,,au,forcast_au,https://alltheplaces.xyz/spiders.html?page_length=-1&num_runs=1,24,,https://alltheplaces-data.openaddresses.io/runs/2026-07-18-13-32-19/output/forcast_au.geojson
Ford,,ca,ford_ca,https://alltheplaces.xyz/spiders.html?page_length=-1&num_runs=1,"1,126",Dealer,https://alltheplaces-data.openaddresses.io/runs/2026-07-18-13-32-19/output/ford_ca.geojson
Ford Dealers,,us,ford_dealers_us,https://alltheplaces.xyz/spiders.html?page_length=-1&num_runs=1,"6,449",Dealer,https://alltheplaces-data.openaddresses.io/runs/2026-07-18-13-32-19/output/ford_dealers_us.geojson
Formula One Autocentres,,gb,formula_one_autocentres_gb,https://alltheplaces.xyz/spiders.html?page_length=-1&num_runs=1,170,,https://alltheplaces-data.openaddresses.io/runs/2026-07-18-13-32-19/output/formula_one_autocentres_gb.geojson
Fossil,,,fossil,https://alltheplaces.xyz/spiders.html?page_length=-1&num_runs=1,203,,https://alltheplaces-data.openaddresses.io/runs/2026-07-18-13-32-19/output/fossil.geojson
Franco Manca,,gb,franco_manca_gb,https://alltheplaces.xyz/spiders.html?page_length=-1&num_runs=1,47,,https://alltheplaces-data.openaddresses.io/runs/2026-07-18-13-32-19/output/franco_manca_gb.geojson
Frank Pepe,,us,frank_pepe_us,https://alltheplaces.xyz/spiders.html?page_length=-1&num_runs=1,18,,https://alltheplaces-data.openaddresses.io/runs/2026-07-18-13-32-19/output/frank_pepe_us.geojson
Frankie & Bennys,,gb,frankie_and_bennys_gb,https://alltheplaces.xyz/spiders.html?page_length=-1&num_runs=1,42,,https://alltheplaces-data.openaddresses.io/runs/2026-07-18-13-32-19/output/frankie_and_bennys_gb.geojson
Fraser Health,,,fraser_health,https://alltheplaces.xyz/spiders.html?page_length=-1&num_runs=1,388,,https://alltheplaces-data.openaddresses.io/runs/2026-07-18-13-32-19/output/fraser_health.geojson
Frasers,,gb,frasers_gb,https://alltheplaces.xyz/spiders.html?page_length=-1&num_runs=1,19,,https://alltheplaces-data.openaddresses.io/runs/2026-07-18-13-32-19/output/frasers_gb.geojson
Freebirds,,us,freebirds_us,https://alltheplaces.xyz/spiders.html?page_length=-1&num_runs=1,63,,https://alltheplaces-data.openaddresses.io/runs/2026-07-18-13-32-19/output/freebirds_us.geojson
Freedom Furniture,,,freedom_furniture,https://alltheplaces.xyz/spiders.html?page_length=-1&num_runs=1,59,,https://alltheplaces-data.openaddresses.io/runs/2026-07-18-13-32-19/output/freedom_furniture.geojson
French Connection,,,french_connection,https://alltheplaces.xyz/spiders.html?page_length=-1&num_runs=1,60,,https://alltheplaces-data.openaddresses.io/runs/2026-07-18-13-32-19/output/french_connection.geojson
Fresh Market,,us,fresh_market_us,https://alltheplaces.xyz/spiders.html?page_length=-1&num_runs=1,200,,https://alltheplaces-data.openaddresses.io/runs/2026-07-18-13-32-19/output/fresh_market_us.geojson
Fresh Thyme,,us,fresh_thyme_us,https://alltheplaces.xyz/spiders.html?page_length=-1&num_runs=1,69,,https://alltheplaces-data.openaddresses.io/runs/2026-07-18-13-32-19/output/fresh_thyme_us.geojson
Friendly Grocer,,au,friendly_grocer_au,https://alltheplaces.xyz/spiders.html?page_length=-1&num_runs=1,337,,https://alltheplaces-data.openaddresses.io/runs/2026-07-18-13-32-19/output/friendly_grocer_au.geojson
Fuddruckers,,,fuddruckers,https://alltheplaces.xyz/spiders.html?page_length=-1&num_runs=1,44,,https://alltheplaces-data.openaddresses.io/runs/2026-07-18-13-32-19/output/fuddruckers.geojson
Fullers,,gb,fullers_gb,https://alltheplaces.xyz/spiders.html?page_length=-1&num_runs=1,,,https://alltheplaces-data.openaddresses.io/runs/2026-07-18-13-32-19/output/fullers_gb.geojson
Fulton Bank,,us,fulton_bank_us,https://alltheplaces.xyz/spiders.html?page_length=-1&num_runs=1,239,,https://alltheplaces-data.openaddresses.io/runs/2026-07-18-13-32-19/output/fulton_bank_us.geojson
Furniture Village,,gb,furniture_village_gb,https://alltheplaces.xyz/spiders.html?page_length=-1&num_runs=1,59,,https://alltheplaces-data.openaddresses.io/runs/2026-07-18-13-32-19/output/furniture_village_gb.geojson
Furnmart,,,furnmart,https://alltheplaces.xyz/spiders.html?page_length=-1&num_runs=1,176,,https://alltheplaces-data.openaddresses.io/runs/2026-07-18-13-32-19/output/furnmart.geojson
Futon Company,,gb,futon_company_gb,https://alltheplaces.xyz/spiders.html?page_length=-1&num_runs=1,23,,https://alltheplaces-data.openaddresses.io/runs/2026-07-18-13-32-19/output/futon_company_gb.geojson
G Star Raw,,,g_star_raw,https://alltheplaces.xyz/spiders.html?page_length=-1&num_runs=1,159,,https://alltheplaces-data.openaddresses.io/runs/2026-07-18-13-32-19/output/g_star_raw.geojson
Gails Bakery,,gb,gails_bakery_gb,https://alltheplaces.xyz/spiders.html?page_length=-1&num_runs=1,,,https://alltheplaces-data.openaddresses.io/runs/2026-07-18-13-32-19/output/gails_bakery_gb.geojson
Galicia,,ar,galicia_ar,https://alltheplaces.xyz/spiders.html?page_length=-1&num_runs=1,249,,https://alltheplaces-data.openaddresses.io/runs/2026-07-18-13-32-19/output/galicia_ar.geojson
Game,,gb,game_gb,https://alltheplaces.xyz/spiders.html?page_length=-1&num_runs=1,379,,https://alltheplaces-data.openaddresses.io/runs/2026-07-18-13-32-19/output/game_gb.geojson
Gamma,,,gamma,https://alltheplaces.xyz/spiders.html?page_length=-1&num_runs=1,314,,https://alltheplaces-data.openaddresses.io/runs/2026-07-18-13-32-19/output/gamma.geojson
Gant,,,gant,https://alltheplaces.xyz/spiders.html?page_length=-1&num_runs=1,,,https://alltheplaces-data.openaddresses.io/runs/2026-07-18-13-32-19/output/gant.geojson
Gap Trade,,gb,gap_trade_gb,https://alltheplaces.xyz/spiders.html?page_length=-1&num_runs=1,114,,https://alltheplaces-data.openaddresses.io/runs/2026-07-18-13-32-19/output/gap_trade_gb.geojson
Gautier,,,gautier,https://alltheplaces.xyz/spiders.html?page_length=-1&num_runs=1,45,,https://alltheplaces-data.openaddresses.io/runs/2026-07-18-13-32-19/output/gautier.geojson
GBK,,gb,gbk_gb,https://alltheplaces.xyz/spiders.html?page_length=-1&num_runs=1,12,,https://alltheplaces-data.openaddresses.io/runs/2026-07-18-13-32-19/output/gbk_gb.geojson
Gdk,,,gdk,https://alltheplaces.xyz/spiders.html?page_length=-1&num_runs=1,157,,https://alltheplaces-data.openaddresses.io/runs/2026-07-18-13-32-19/output/gdk.geojson
Gelsons,,,gelsons,https://alltheplaces.xyz/spiders.html?page_length=-1&num_runs=1,25,,https://alltheplaces-data.openaddresses.io/runs/2026-07-18-13-32-19/output/gelsons.geojson
Genesis Rehab,,us,genesis_rehab_us,https://alltheplaces.xyz/spiders.html?page_length=-1&num_runs=1,152,,https://alltheplaces-data.openaddresses.io/runs/2026-07-18-13-32-19/output/genesis_rehab_us.geojson
Genie Point,,gb,genie_point_gb,https://alltheplaces.xyz/spiders.html?page_length=-1&num_runs=1,363,,https://alltheplaces-data.openaddresses.io/runs/2026-07-18-13-32-19/output/genie_point_gb.geojson
Georg Jensen,,,georg_jensen,https://alltheplaces.xyz/spiders.html?page_length=-1&num_runs=1,60,,https://alltheplaces-data.openaddresses.io/runs/2026-07-18-13-32-19/output/georg_jensen.geojson
George Webb,,us,george_webb_us,https://alltheplaces.xyz/spiders.html?page_length=-1&num_runs=1,21,,https://alltheplaces-data.openaddresses.io/runs/2026-07-18-13-32-19/output/george_webb_us.geojson
Geox,,,geox,https://alltheplaces.xyz/spiders.html?page_length=-1&num_runs=1,462,,https://alltheplaces-data.openaddresses.io/runs/2026-07-18-13-32-19/output/geox.geojson
Giant,,au,giant_au,https://alltheplaces.xyz/spiders.html?page_length=-1&num_runs=1,41,,https://alltheplaces-data.openaddresses.io/runs/2026-07-18-13-32-19/output/giant_au.geojson
Giant Food Stores,,,giant_food_stores,https://alltheplaces.xyz/spiders.html?page_length=-1&num_runs=1,168,,https://alltheplaces-data.openaddresses.io/runs/2026-07-18-13-32-19/output/giant_food_stores.geojson
Gifi,,,gifi,https://alltheplaces.xyz/spiders.html?page_length=-1&num_runs=1,558,,https://alltheplaces-data.openaddresses.io/runs/2026-07-18-13-32-19/output/gifi.geojson
Giggling Squid,,gb,giggling_squid_gb,https://alltheplaces.xyz/spiders.html?page_length=-1&num_runs=1,53,,https://alltheplaces-data.openaddresses.io/runs/2026-07-18-13-32-19/output/giggling_squid_gb.geojson
Gigis Cupcakes,,us,gigis_cupcakes_us,https://alltheplaces.xyz/spiders.html?page_length=-1&num_runs=1,,,https://alltheplaces-data.openaddresses.io/runs/2026-07-18-13-32-19/output/gigis_cupcakes_us.geojson
Gloria Jeans,,au,gloria_jeans_au,https://alltheplaces.xyz/spiders.html?page_length=-1&num_runs=1,102,,https://alltheplaces-data.openaddresses.io/runs/2026-07-18-13-32-19/output/gloria_jeans_au.geojson
Go Games Toys,,us,go_games_toys_us,https://alltheplaces.xyz/spiders.html?page_length=-1&num_runs=1,166,,https://alltheplaces-data.openaddresses.io/runs/2026-07-18-13-32-19/output/go_games_toys_us.geojson
Go Outdoors,,gb,go_outdoors_gb,https://alltheplaces.xyz/spiders.html?page_length=-1&num_runs=1,117,,https://alltheplaces-data.openaddresses.io/runs/2026-07-18-13-32-19/output/go_outdoors_gb.geojson
Go Vita,,au,go_vita_au,https://alltheplaces.xyz/spiders.html?page_length=-1&num_runs=1,108,,https://alltheplaces-data.openaddresses.io/runs/2026-07-18-13-32-19/output/go_vita_au.geojson
Godiva Chocolatier,,au,godiva_chocolatier_au,https://alltheplaces.xyz/spiders.html?page_length=-1&num_runs=1,8,,https://alltheplaces-data.openaddresses.io/runs/2026-07-18-13-32-19/output/godiva_chocolatier_au.geojson
Gohealth Urgent Care,,us,gohealth_urgent_care_us,https://alltheplaces.xyz/spiders.html?page_length=-1&num_runs=1,380,,https://alltheplaces-data.openaddresses.io/runs/2026-07-18-13-32-19/output/gohealth_urgent_care_us.geojson
Goldmark,,au,goldmark_au,https://alltheplaces.xyz/spiders.html?page_length=-1&num_runs=1,43,,https://alltheplaces-data.openaddresses.io/runs/2026-07-18-13-32-19/output/goldmark_au.geojson
Goldsmiths,,gb,goldsmiths_gb,https://alltheplaces.xyz/spiders.html?page_length=-1&num_runs=1,124,,https://alltheplaces-data.openaddresses.io/runs/2026-07-18-13-32-19/output/goldsmiths_gb.geojson
Golub Corporation,,us,golub_corporation_us,https://alltheplaces.xyz/spiders.html?page_length=-1&num_runs=1,128,,https://alltheplaces-data.openaddresses.io/runs/2026-07-18-13-32-19/output/golub_corporation_us.geojson
Good 2 Go Stores,,us,good_2_go_stores_us,https://alltheplaces.xyz/spiders.html?page_length=-1&num_runs=1,76,,https://alltheplaces-data.openaddresses.io/runs/2026-07-18-13-32-19/output/good_2_go_stores_us.geojson
Goodlife Fitness,,,goodlife_fitness,https://alltheplaces.xyz/spiders.html?page_length=-1&num_runs=1,200,,https://alltheplaces-data.openaddresses.io/runs/2026-07-18-13-32-19/output/goodlife_fitness.geojson
Goodstart,,,goodstart,https://alltheplaces.xyz/spiders.html?page_length=-1&num_runs=1,118,,https://alltheplaces-data.openaddresses.io/runs/2026-07-18-13-32-19/output/goodstart.geojson
Goodyear,,us,goodyear_us,https://alltheplaces.xyz/spiders.html?page_length=-1&num_runs=1,,,https://alltheplaces-data.openaddresses.io/runs/2026-07-18-13-32-19/output/goodyear_us.geojson
Goodyear Autocare,,au,goodyear_autocare_au,https://alltheplaces.xyz/spiders.html?page_length=-1&num_runs=1,190,,https://alltheplaces-data.openaddresses.io/runs/2026-07-18-13-32-19/output/goodyear_autocare_au.geojson
Google Offices,,,google_offices,https://alltheplaces.xyz/spiders.html?page_length=-1&num_runs=1,96,,https://alltheplaces-data.openaddresses.io/runs/2026-07-18-13-32-19/output/google_offices.geojson
Graeters,,us,graeters_us,https://alltheplaces.xyz/spiders.html?page_length=-1&num_runs=1,5,,https://alltheplaces-data.openaddresses.io/runs/2026-07-18-13-32-19/output/graeters_us.geojson
Grand Optical,,,grand_optical,https://alltheplaces.xyz/spiders.html?page_length=-1&num_runs=1,182,,https://alltheplaces-data.openaddresses.io/runs/2026-07-18-13-32-19/output/grand_optical.geojson
Grandvision,,,grandvision,https://alltheplaces.xyz/spiders.html?page_length=-1&num_runs=1,"2,780",,https://alltheplaces-data.openaddresses.io/runs/2026-07-18-13-32-19/output/grandvision.geojson
Grape Tree,,gb,grape_tree_gb,https://alltheplaces.xyz/spiders.html?page_length=-1&num_runs=1,204,,https://alltheplaces-data.openaddresses.io/runs/2026-07-18-13-32-19/output/grape_tree_gb.geojson
Great Wall Motor Africa,,,great_wall_motor_africa,https://alltheplaces.xyz/spiders.html?page_length=-1&num_runs=1,110,,https://alltheplaces-data.openaddresses.io/runs/2026-07-18-13-32-19/output/great_wall_motor_africa.geojson
Great Wolf Resorts,,us,great_wolf_resorts_us,https://alltheplaces.xyz/spiders.html?page_length=-1&num_runs=1,23,,https://alltheplaces-data.openaddresses.io/runs/2026-07-18-13-32-19/output/great_wolf_resorts_us.geojson
Greencross,,au,greencross_au,https://alltheplaces.xyz/spiders.html?page_length=-1&num_runs=1,316,,https://alltheplaces-data.openaddresses.io/runs/2026-07-18-13-32-19/output/greencross_au.geojson
Greene King Inns,,gb,greene_king_inns_gb,https://alltheplaces.xyz/spiders.html?page_length=-1&num_runs=1,104,,https://alltheplaces-data.openaddresses.io/runs/2026-07-18-13-32-19/output/greene_king_inns_gb.geojson
Greene King Pubs,,gb,greene_king_pubs_gb,https://alltheplaces.xyz/spiders.html?page_length=-1&num_runs=1,948,,https://alltheplaces-data.openaddresses.io/runs/2026-07-18-13-32-19/output/greene_king_pubs_gb.geojson
Greggs,,gb,greggs_gb,https://alltheplaces.xyz/spiders.html?page_length=-1&num_runs=1,"2,781",,https://alltheplaces-data.openaddresses.io/runs/2026-07-18-13-32-19/output/greggs_gb.geojson
Greyhound,,,greyhound,https://alltheplaces.xyz/spiders.html?page_length=-1&num_runs=1,"1,814",,https://alltheplaces-data.openaddresses.io/runs/2026-07-18-13-32-19/output/greyhound.geojson
Gridserve,,gb,gridserve_gb,https://alltheplaces.xyz/spiders.html?page_length=-1&num_runs=1,,,https://alltheplaces-data.openaddresses.io/runs/2026-07-18-13-32-19/output/gridserve_gb.geojson
Grilld,,au,grilld_au,https://alltheplaces.xyz/spiders.html?page_length=-1&num_runs=1,184,,https://alltheplaces-data.openaddresses.io/runs/2026-07-18-13-32-19/output/grilld_au.geojson
Grocery Outlet,,us,grocery_outlet_us,https://alltheplaces.xyz/spiders.html?page_length=-1&num_runs=1,568,,https://alltheplaces-data.openaddresses.io/runs/2026-07-18-13-32-19/output/grocery_outlet_us.geojson
Guess,,au,guess_au,https://alltheplaces.xyz/spiders.html?page_length=-1&num_runs=1,19,,https://alltheplaces-data.openaddresses.io/runs/2026-07-18-13-32-19/output/guess_au.geojson
Guess,,,guess,https://alltheplaces.xyz/spiders.html?page_length=-1&num_runs=1,345,,https://alltheplaces-data.openaddresses.io/runs/2026-07-18-13-32-19/output/guess.geojson
Guzmany Gomez,,,guzmany_gomez,https://alltheplaces.xyz/spiders.html?page_length=-1&num_runs=1,256,,https://alltheplaces-data.openaddresses.io/runs/2026-07-18-13-32-19/output/guzmany_gomez.geojson
Habitania,,au,habitania_au,https://alltheplaces.xyz/spiders.html?page_length=-1&num_runs=1,14,,https://alltheplaces-data.openaddresses.io/runs/2026-07-18-13-32-19/output/habitania_au.geojson
Hackett London,,,hackett_london,https://alltheplaces.xyz/spiders.html?page_length=-1&num_runs=1,68,,https://alltheplaces-data.openaddresses.io/runs/2026-07-18-13-32-19/output/hackett_london.geojson
Haggen,,,haggen,https://alltheplaces.xyz/spiders.html?page_length=-1&num_runs=1,15,,https://alltheplaces-data.openaddresses.io/runs/2026-07-18-13-32-19/output/haggen.geojson
Hairhouse,,au,hairhouse_au,https://alltheplaces.xyz/spiders.html?page_length=-1&num_runs=1,101,,https://alltheplaces-data.openaddresses.io/runs/2026-07-18-13-32-19/output/hairhouse_au.geojson
Halfords,,gb,halfords_gb,https://alltheplaces.xyz/spiders.html?page_length=-1&num_runs=1,870,,https://alltheplaces-data.openaddresses.io/runs/2026-07-18-13-32-19/output/halfords_gb.geojson
Halifax,,gb,halifax_gb,https://alltheplaces.xyz/spiders.html?page_length=-1&num_runs=1,726,,https://alltheplaces-data.openaddresses.io/runs/2026-07-18-13-32-19/output/halifax_gb.geojson
Hall & Woodhouse,,gb,hall_and_woodhouse_gb,https://alltheplaces.xyz/spiders.html?page_length=-1&num_runs=1,135,,https://alltheplaces-data.openaddresses.io/runs/2026-07-18-13-32-19/output/hall_and_woodhouse_gb.geojson
Hans Im Glueck,,,hans_im_glueck,https://alltheplaces.xyz/spiders.html?page_length=-1&num_runs=1,106,,https://alltheplaces-data.openaddresses.io/runs/2026-07-18-13-32-19/output/hans_im_glueck.geojson
Harbor Freight Tools,,us,harbor_freight_tools_us,https://alltheplaces.xyz/spiders.html?page_length=-1&num_runs=1,"1,648",,https://alltheplaces-data.openaddresses.io/runs/2026-07-18-13-32-19/output/harbor_freight_tools_us.geojson
Harcourts,,,harcourts,https://alltheplaces.xyz/spiders.html?page_length=-1&num_runs=1,433,,https://alltheplaces-data.openaddresses.io/runs/2026-07-18-13-32-19/output/harcourts.geojson
Harris Farm Markets,,au,harris_farm_markets_au,https://alltheplaces.xyz/spiders.html?page_length=-1&num_runs=1,,,https://alltheplaces-data.openaddresses.io/runs/2026-07-18-13-32-19/output/harris_farm_markets_au.geojson
Harvester,,gb,harvester_gb,https://alltheplaces.xyz/spiders.html?page_length=-1&num_runs=1,136,,https://alltheplaces-data.openaddresses.io/runs/2026-07-18-13-32-19/output/harvester_gb.geojson
Haus Des Doners,,,haus_des_doners,https://alltheplaces.xyz/spiders.html?page_length=-1&num_runs=1,192,,https://alltheplaces-data.openaddresses.io/runs/2026-07-18-13-32-19/output/haus_des_doners.geojson
Hays Travel,,gb,hays_travel_gb,https://alltheplaces.xyz/spiders.html?page_length=-1&num_runs=1,471,,https://alltheplaces-data.openaddresses.io/runs/2026-07-18-13-32-19/output/hays_travel_gb.geojson
Healthscope,,au,healthscope_au,https://alltheplaces.xyz/spiders.html?page_length=-1&num_runs=1,38,,https://alltheplaces-data.openaddresses.io/runs/2026-07-18-13-32-19/output/healthscope_au.geojson
Healthy Planet,,ca,healthy_planet_ca,https://alltheplaces.xyz/spiders.html?page_length=-1&num_runs=1,,,https://alltheplaces-data.openaddresses.io/runs/2026-07-18-13-32-19/output/healthy_planet_ca.geojson
Heart Of England Cooperative,,gb,heart_of_england_cooperative_gb,https://alltheplaces.xyz/spiders.html?page_length=-1&num_runs=1,,,https://alltheplaces-data.openaddresses.io/runs/2026-07-18-13-32-19/output/heart_of_england_cooperative_gb.geojson
HEB,,us,h_e_b_us,https://alltheplaces.xyz/spiders.html?page_length=-1&num_runs=1,660,,https://alltheplaces-data.openaddresses.io/runs/2026-07-18-13-32-19/output/h_e_b_us.geojson
Hema,,,hema,https://alltheplaces.xyz/spiders.html?page_length=-1&num_runs=1,,,https://alltheplaces-data.openaddresses.io/runs/2026-07-18-13-32-19/output/hema.geojson
Hermes,,,hermes,https://alltheplaces.xyz/spiders.html?page_length=-1&num_runs=1,303,,https://alltheplaces-data.openaddresses.io/runs/2026-07-18-13-32-19/output/hermes.geojson
Hero Certified Burgers,,ca,hero_certified_burgers_ca,https://alltheplaces.xyz/spiders.html?page_length=-1&num_runs=1,58,,https://alltheplaces-data.openaddresses.io/runs/2026-07-18-13-32-19/output/hero_certified_burgers_ca.geojson
Hervis,,,hervis,https://alltheplaces.xyz/spiders.html?page_length=-1&num_runs=1,89,,https://alltheplaces-data.openaddresses.io/runs/2026-07-18-13-32-19/output/hervis.geojson
Hesburger,,,hesburger,https://alltheplaces.xyz/spiders.html?page_length=-1&num_runs=1,479,,https://alltheplaces-data.openaddresses.io/runs/2026-07-18-13-32-19/output/hesburger.geojson
Hi,,ca,hi_ca,https://alltheplaces.xyz/spiders.html?page_length=-1&num_runs=1,31,,https://alltheplaces-data.openaddresses.io/runs/2026-07-18-13-32-19/output/hi_ca.geojson
Hibbett Sports,,,hibbett_sports,https://alltheplaces.xyz/spiders.html?page_length=-1&num_runs=1,581,,https://alltheplaces-data.openaddresses.io/runs/2026-07-18-13-32-19/output/hibbett_sports.geojson
Hidden Hearing,,gb,hidden_hearing_gb,https://alltheplaces.xyz/spiders.html?page_length=-1&num_runs=1,330,,https://alltheplaces-data.openaddresses.io/runs/2026-07-18-13-32-19/output/hidden_hearing_gb.geojson
Hifi Corp,,,hifi_corp,https://alltheplaces.xyz/spiders.html?page_length=-1&num_runs=1,68,,https://alltheplaces-data.openaddresses.io/runs/2026-07-18-13-32-19/output/hifi_corp.geojson
Hobbyco,,au,hobbyco_au,https://alltheplaces.xyz/spiders.html?page_length=-1&num_runs=1,,,https://alltheplaces-data.openaddresses.io/runs/2026-07-18-13-32-19/output/hobbyco_au.geojson
Hobbycraft,,gb,hobbycraft_gb,https://alltheplaces.xyz/spiders.html?page_length=-1&num_runs=1,,,https://alltheplaces-data.openaddresses.io/runs/2026-07-18-13-32-19/output/hobbycraft_gb.geojson
Hofer,,at,hofer_at,https://alltheplaces.xyz/spiders.html?page_length=-1&num_runs=1,548,,https://alltheplaces-data.openaddresses.io/runs/2026-07-18-13-32-19/output/hofer_at.geojson
Hollister,,,hollister,https://alltheplaces.xyz/spiders.html?page_length=-1&num_runs=1,725,,https://alltheplaces-data.openaddresses.io/runs/2026-07-18-13-32-19/output/hollister.geojson
Home Bargains,,gb,home_bargains_gb,https://alltheplaces.xyz/spiders.html?page_length=-1&num_runs=1,572,,https://alltheplaces-data.openaddresses.io/runs/2026-07-18-13-32-19/output/home_bargains_gb.geojson
Home Centric,,us,home_centric_us,https://alltheplaces.xyz/spiders.html?page_length=-1&num_runs=1,68,,https://alltheplaces-data.openaddresses.io/runs/2026-07-18-13-32-19/output/home_centric_us.geojson
Honda,,au,honda_au,https://alltheplaces.xyz/spiders.html?page_length=-1&num_runs=1,225,,https://alltheplaces-data.openaddresses.io/runs/2026-07-18-13-32-19/output/honda_au.geojson
Honda,,,honda,https://alltheplaces.xyz/spiders.html?page_length=-1&num_runs=1,"1,615",Dealer,https://alltheplaces-data.openaddresses.io/runs/2026-07-18-13-32-19/output/honda.geojson
Honey Dew Donuts,,us,honey_dew_donuts_us,https://alltheplaces.xyz/spiders.html?page_length=-1&num_runs=1,101,,https://alltheplaces-data.openaddresses.io/runs/2026-07-18-13-32-19/output/honey_dew_donuts_us.geojson
Hooters,,,hooters,https://alltheplaces.xyz/spiders.html?page_length=-1&num_runs=1,234,,https://alltheplaces-data.openaddresses.io/runs/2026-07-18-13-32-19/output/hooters.geojson
Hopdoddy Burger Bar,,us,hopdoddy_burger_bar_us,https://alltheplaces.xyz/spiders.html?page_length=-1&num_runs=1,47,,https://alltheplaces-data.openaddresses.io/runs/2026-07-18-13-32-19/output/hopdoddy_burger_bar_us.geojson
Hostelling Scotland,,,hostelling_scotland,https://alltheplaces.xyz/spiders.html?page_length=-1&num_runs=1,51,,https://alltheplaces-data.openaddresses.io/runs/2026-07-18-13-32-19/output/hostelling_scotland.geojson
Hotter,,gb,hotter_gb,https://alltheplaces.xyz/spiders.html?page_length=-1&num_runs=1,39,,https://alltheplaces-data.openaddresses.io/runs/2026-07-18-13-32-19/output/hotter_gb.geojson
Houlihans,,us,houlihans_us,https://alltheplaces.xyz/spiders.html?page_length=-1&num_runs=1,19,,https://alltheplaces-data.openaddresses.io/runs/2026-07-18-13-32-19/output/houlihans_us.geojson
House,,au,house_au,https://alltheplaces.xyz/spiders.html?page_length=-1&num_runs=1,168,,https://alltheplaces-data.openaddresses.io/runs/2026-07-18-13-32-19/output/house_au.geojson
Howards Storage World,,au,howards_storage_world_au,https://alltheplaces.xyz/spiders.html?page_length=-1&num_runs=1,25,,https://alltheplaces-data.openaddresses.io/runs/2026-07-18-13-32-19/output/howards_storage_world_au.geojson
Howdens,,gb,howdens_gb,https://alltheplaces.xyz/spiders.html?page_length=-1&num_runs=1,911,,https://alltheplaces-data.openaddresses.io/runs/2026-07-18-13-32-19/output/howdens_gb.geojson
Hsbc,,,hsbc,https://alltheplaces.xyz/spiders.html?page_length=-1&num_runs=1,296,,https://alltheplaces-data.openaddresses.io/runs/2026-07-18-13-32-19/output/hsbc.geojson
Hss Hire,,gb,hss_hire_gb,https://alltheplaces.xyz/spiders.html?page_length=-1&num_runs=1,113,,https://alltheplaces-data.openaddresses.io/runs/2026-07-18-13-32-19/output/hss_hire_gb.geojson
Hungry Horse,,gb,hungry_horse_gb,https://alltheplaces.xyz/spiders.html?page_length=-1&num_runs=1,201,,https://alltheplaces-data.openaddresses.io/runs/2026-07-18-13-32-19/output/hungry_horse_gb.geojson
Hungry Jacks,,,hungry_jacks,https://alltheplaces.xyz/spiders.html?page_length=-1&num_runs=1,492,,https://alltheplaces-data.openaddresses.io/runs/2026-07-18-13-32-19/output/hungry_jacks.geojson
Hungry Lion,,ao,hungry_lion_ao,https://alltheplaces.xyz/spiders.html?page_length=-1&num_runs=1,11,,https://alltheplaces-data.openaddresses.io/runs/2026-07-18-13-32-19/output/hungry_lion_ao.geojson
Hyundai,,at,hyundai_at,https://alltheplaces.xyz/spiders.html?page_length=-1&num_runs=1,210,,https://alltheplaces-data.openaddresses.io/runs/2026-07-18-13-32-19/output/hyundai_at.geojson
Hyundai,,au,hyundai_au,https://alltheplaces.xyz/spiders.html?page_length=-1&num_runs=1,577,,https://alltheplaces-data.openaddresses.io/runs/2026-07-18-13-32-19/output/hyundai_au.geojson
Hyundai,,ca,hyundai_ca,https://alltheplaces.xyz/spiders.html?page_length=-1&num_runs=1,678,Dealer,https://alltheplaces-data.openaddresses.io/runs/2026-07-18-13-32-19/output/hyundai_ca.geojson
Hyundai,,gb,hyundai_gb,https://alltheplaces.xyz/spiders.html?page_length=-1&num_runs=1,298,,https://alltheplaces-data.openaddresses.io/runs/2026-07-18-13-32-19/output/hyundai_gb.geojson
Hyundai,,us,hyundai_us,https://alltheplaces.xyz/spiders.html?page_length=-1&num_runs=1,"2,580",Dealer,https://alltheplaces-data.openaddresses.io/runs/2026-07-18-13-32-19/output/hyundai_us.geojson
I & G Brokers,,,i_and_g_brokers,https://alltheplaces.xyz/spiders.html?page_length=-1&num_runs=1,201,,https://alltheplaces-data.openaddresses.io/runs/2026-07-18-13-32-19/output/i_and_g_brokers.geojson
Iceland Foods,,,iceland_foods,https://alltheplaces.xyz/spiders.html?page_length=-1&num_runs=1,777,,https://alltheplaces-data.openaddresses.io/runs/2026-07-18-13-32-19/output/iceland_foods.geojson
Ich Tanke Strom,,,ich_tanke_strom,https://alltheplaces.xyz/spiders.html?page_length=-1&num_runs=1,"8,875",,https://alltheplaces-data.openaddresses.io/runs/2026-07-18-13-32-19/output/ich_tanke_strom.geojson
Ifly,,us,ifly_ca_us,https://alltheplaces.xyz/spiders.html?page_length=-1&num_runs=1,39,,https://alltheplaces-data.openaddresses.io/runs/2026-07-18-13-32-19/output/ifly_ca_us.geojson
Iga,,au,iga_au,https://alltheplaces.xyz/spiders.html?page_length=-1&num_runs=1,"1,220",,https://alltheplaces-data.openaddresses.io/runs/2026-07-18-13-32-19/output/iga_au.geojson
Ihg Hotels,,,ihg_hotels,https://alltheplaces.xyz/spiders.html?page_length=-1&num_runs=1,"6,950",,https://alltheplaces-data.openaddresses.io/runs/2026-07-18-13-32-19/output/ihg_hotels.geojson
Ikes,,us,ikes_us,https://alltheplaces.xyz/spiders.html?page_length=-1&num_runs=1,56,,https://alltheplaces-data.openaddresses.io/runs/2026-07-18-13-32-19/output/ikes_us.geojson
Imo,,,imo,https://alltheplaces.xyz/spiders.html?page_length=-1&num_runs=1,746,,https://alltheplaces-data.openaddresses.io/runs/2026-07-18-13-32-19/output/imo.geojson
Impark,,,impark,https://alltheplaces.xyz/spiders.html?page_length=-1&num_runs=1,"1,331",,https://alltheplaces-data.openaddresses.io/runs/2026-07-18-13-32-19/output/impark.geojson
Incredible,,,incredible,https://alltheplaces.xyz/spiders.html?page_length=-1&num_runs=1,99,,https://alltheplaces-data.openaddresses.io/runs/2026-07-18-13-32-19/output/incredible.geojson
Independent Financial,,us,independent_financial_us,https://alltheplaces.xyz/spiders.html?page_length=-1&num_runs=1,82,,https://alltheplaces-data.openaddresses.io/runs/2026-07-18-13-32-19/output/independent_financial_us.geojson
Indie Kids,,au,indie_kids_au,https://alltheplaces.xyz/spiders.html?page_length=-1&num_runs=1,7,,https://alltheplaces-data.openaddresses.io/runs/2026-07-18-13-32-19/output/indie_kids_au.geojson
Indigo,,,indigo,https://alltheplaces.xyz/spiders.html?page_length=-1&num_runs=1,"3,775",,https://alltheplaces-data.openaddresses.io/runs/2026-07-18-13-32-19/output/indigo.geojson
Industrie,,au,industrie_au,https://alltheplaces.xyz/spiders.html?page_length=-1&num_runs=1,49,,https://alltheplaces-data.openaddresses.io/runs/2026-07-18-13-32-19/output/industrie_au.geojson
Ing,,,ing,https://alltheplaces.xyz/spiders.html?page_length=-1&num_runs=1,"1,152",,https://alltheplaces-data.openaddresses.io/runs/2026-07-18-13-32-19/output/ing.geojson
Ingles,,,ingles,https://alltheplaces.xyz/spiders.html?page_length=-1&num_runs=1,188,,https://alltheplaces-data.openaddresses.io/runs/2026-07-18-13-32-19/output/ingles.geojson
Innout,,,innout,https://alltheplaces.xyz/spiders.html?page_length=-1&num_runs=1,441,,https://alltheplaces-data.openaddresses.io/runs/2026-07-18-13-32-19/output/innout.geojson
Insomnia Cookies,,,insomnia_cookies,https://alltheplaces.xyz/spiders.html?page_length=-1&num_runs=1,382,,https://alltheplaces-data.openaddresses.io/runs/2026-07-18-13-32-19/output/insomnia_cookies.geojson
Insta Volt,,gb,insta_volt_gb,https://alltheplaces.xyz/spiders.html?page_length=-1&num_runs=1,912,,https://alltheplaces-data.openaddresses.io/runs/2026-07-18-13-32-19/output/insta_volt_gb.geojson
Intermarche,,,intermarche,https://alltheplaces.xyz/spiders.html?page_length=-1&num_runs=1,"2,540",,https://alltheplaces-data.openaddresses.io/runs/2026-07-18-13-32-19/output/intermarche.geojson
Inver,,,inver,https://alltheplaces.xyz/spiders.html?page_length=-1&num_runs=1,117,,https://alltheplaces-data.openaddresses.io/runs/2026-07-18-13-32-19/output/inver.geojson
Inxpress,,,inxpress,https://alltheplaces.xyz/spiders.html?page_length=-1&num_runs=1,,,https://alltheplaces-data.openaddresses.io/runs/2026-07-18-13-32-19/output/inxpress.geojson
Its Fashions,,us,its_fashions_us,https://alltheplaces.xyz/spiders.html?page_length=-1&num_runs=1,123,,https://alltheplaces-data.openaddresses.io/runs/2026-07-18-13-32-19/output/its_fashions_us.geojson
Itsu,,gb,itsu_gb,https://alltheplaces.xyz/spiders.html?page_length=-1&num_runs=1,,,https://alltheplaces-data.openaddresses.io/runs/2026-07-18-13-32-19/output/itsu_gb.geojson
J Crew,,us,j_crew_us,https://alltheplaces.xyz/spiders.html?page_length=-1&num_runs=1,677,,https://alltheplaces-data.openaddresses.io/runs/2026-07-18-13-32-19/output/j_crew_us.geojson
Jack & Jones,,,jack_and_jones,https://alltheplaces.xyz/spiders.html?page_length=-1&num_runs=1,889,,https://alltheplaces-data.openaddresses.io/runs/2026-07-18-13-32-19/output/jack_and_jones.geojson
Jack Wills,,gb,jack_wills_gb,https://alltheplaces.xyz/spiders.html?page_length=-1&num_runs=1,9,,https://alltheplaces-data.openaddresses.io/runs/2026-07-18-13-32-19/output/jack_wills_gb.geojson
Jacks,,us,jacks_us,https://alltheplaces.xyz/spiders.html?page_length=-1&num_runs=1,296,,https://alltheplaces-data.openaddresses.io/runs/2026-07-18-13-32-19/output/jacks_us.geojson
Jaguar Land Rover,,,jaguar_land_rover,https://alltheplaces.xyz/spiders.html?page_length=-1&num_runs=1,"8,324",,https://alltheplaces-data.openaddresses.io/runs/2026-07-18-13-32-19/output/jaguar_land_rover.geojson
Jamaica Blue,,au,jamaica_blue_au,https://alltheplaces.xyz/spiders.html?page_length=-1&num_runs=1,110,,https://alltheplaces-data.openaddresses.io/runs/2026-07-18-13-32-19/output/jamaica_blue_au.geojson
James Retail,,gb,james_retail_gb,https://alltheplaces.xyz/spiders.html?page_length=-1&num_runs=1,12,,https://alltheplaces-data.openaddresses.io/runs/2026-07-18-13-32-19/output/james_retail_gb.geojson
Jax Tyres & Auto,,au,jax_tyres_and_auto_au,https://alltheplaces.xyz/spiders.html?page_length=-1&num_runs=1,94,,https://alltheplaces-data.openaddresses.io/runs/2026-07-18-13-32-19/output/jax_tyres_and_auto_au.geojson
Jeff De Bruges,,,jeff_de_bruges,https://alltheplaces.xyz/spiders.html?page_length=-1&num_runs=1,533,,https://alltheplaces-data.openaddresses.io/runs/2026-07-18-13-32-19/output/jeff_de_bruges.geojson
Jefferson University Hospital,,,jefferson_university_hospital,https://alltheplaces.xyz/spiders.html?page_length=-1&num_runs=1,440,,https://alltheplaces-data.openaddresses.io/runs/2026-07-18-13-32-19/output/jefferson_university_hospital.geojson
Jennings Bet,,gb,jennings_bet_gb,https://alltheplaces.xyz/spiders.html?page_length=-1&num_runs=1,211,,https://alltheplaces-data.openaddresses.io/runs/2026-07-18-13-32-19/output/jennings_bet_gb.geojson
Jet,,at,jet_de_at,https://alltheplaces.xyz/spiders.html?page_length=-1&num_runs=1,843,,https://alltheplaces-data.openaddresses.io/runs/2026-07-18-13-32-19/output/jet_de_at.geojson
Jigsaw,,gb,jigsaw_gb,https://alltheplaces.xyz/spiders.html?page_length=-1&num_runs=1,43,,https://alltheplaces-data.openaddresses.io/runs/2026-07-18-13-32-19/output/jigsaw_gb.geojson
Jimmy The Greek,,ca,jimmy_the_greek_ae_ca,https://alltheplaces.xyz/spiders.html?page_length=-1&num_runs=1,54,,https://alltheplaces-data.openaddresses.io/runs/2026-07-18-13-32-19/output/jimmy_the_greek_ae_ca.geojson
Jo Mercer,,au,jo_mercer_au,https://alltheplaces.xyz/spiders.html?page_length=-1&num_runs=1,27,,https://alltheplaces-data.openaddresses.io/runs/2026-07-18-13-32-19/output/jo_mercer_au.geojson
Joe & The Juice,,,joe_and_the_juice,https://alltheplaces.xyz/spiders.html?page_length=-1&num_runs=1,527,,https://alltheplaces-data.openaddresses.io/runs/2026-07-18-13-32-19/output/joe_and_the_juice.geojson
John Lewis,,gb,john_lewis_gb,https://alltheplaces.xyz/spiders.html?page_length=-1&num_runs=1,36,,https://alltheplaces-data.openaddresses.io/runs/2026-07-18-13-32-19/output/john_lewis_gb.geojson
Johnstones Decorating Centre,,,johnstones_decorating_centre,https://alltheplaces.xyz/spiders.html?page_length=-1&num_runs=1,189,,https://alltheplaces-data.openaddresses.io/runs/2026-07-18-13-32-19/output/johnstones_decorating_centre.geojson
Jollyes,,gb,jollyes_gb,https://alltheplaces.xyz/spiders.html?page_length=-1&num_runs=1,124,,https://alltheplaces-data.openaddresses.io/runs/2026-07-18-13-32-19/output/jollyes_gb.geojson
Joules,,,joules,https://alltheplaces.xyz/spiders.html?page_length=-1&num_runs=1,55,,https://alltheplaces-data.openaddresses.io/runs/2026-07-18-13-32-19/output/joules.geojson
Jptca,,,jptca,https://alltheplaces.xyz/spiders.html?page_length=-1&num_runs=1,497,,https://alltheplaces-data.openaddresses.io/runs/2026-07-18-13-32-19/output/jptca.geojson
Juice Press,,us,juice_press_us,https://alltheplaces.xyz/spiders.html?page_length=-1&num_runs=1,,,https://alltheplaces-data.openaddresses.io/runs/2026-07-18-13-32-19/output/juice_press_us.geojson
Juiceland,,,juiceland,https://alltheplaces.xyz/spiders.html?page_length=-1&num_runs=1,61,,https://alltheplaces-data.openaddresses.io/runs/2026-07-18-13-32-19/output/juiceland.geojson
Jules,,,jules,https://alltheplaces.xyz/spiders.html?page_length=-1&num_runs=1,878,,https://alltheplaces-data.openaddresses.io/runs/2026-07-18-13-32-19/output/jules.geojson
Jumbo,,ar,jumbo_ar,https://alltheplaces.xyz/spiders.html?page_length=-1&num_runs=1,33,,https://alltheplaces-data.openaddresses.io/runs/2026-07-18-13-32-19/output/jumbo_ar.geojson
Jumeirah,,,jumeirah,https://alltheplaces.xyz/spiders.html?page_length=-1&num_runs=1,26,,https://alltheplaces-data.openaddresses.io/runs/2026-07-18-13-32-19/output/jumeirah.geojson
Just For Pets,,gb,just_for_pets_gb,https://alltheplaces.xyz/spiders.html?page_length=-1&num_runs=1,25,,https://alltheplaces-data.openaddresses.io/runs/2026-07-18-13-32-19/output/just_for_pets_gb.geojson
Just Over The Top,,,just_over_the_top,https://alltheplaces.xyz/spiders.html?page_length=-1&num_runs=1,70,,https://alltheplaces-data.openaddresses.io/runs/2026-07-18-13-32-19/output/just_over_the_top.geojson
Jysk,,,jysk,https://alltheplaces.xyz/spiders.html?page_length=-1&num_runs=1,"2,738",,https://alltheplaces-data.openaddresses.io/runs/2026-07-18-13-32-19/output/jysk.geojson
Kaisercraft,,au,kaisercraft_au,https://alltheplaces.xyz/spiders.html?page_length=-1&num_runs=1,99,,https://alltheplaces-data.openaddresses.io/runs/2026-07-18-13-32-19/output/kaisercraft_au.geojson
Kari,,,kari,https://alltheplaces.xyz/spiders.html?page_length=-1&num_runs=1,,,https://alltheplaces-data.openaddresses.io/runs/2026-07-18-13-32-19/output/kari.geojson
Kay Jewelers,,,kay_jewelers,https://alltheplaces.xyz/spiders.html?page_length=-1&num_runs=1,"1,004",,https://alltheplaces-data.openaddresses.io/runs/2026-07-18-13-32-19/output/kay_jewelers.geojson
Keepcool,,,keepcool,https://alltheplaces.xyz/spiders.html?page_length=-1&num_runs=1,243,,https://alltheplaces-data.openaddresses.io/runs/2026-07-18-13-32-19/output/keepcool.geojson
Keke,,,keke,https://alltheplaces.xyz/spiders.html?page_length=-1&num_runs=1,83,,https://alltheplaces-data.openaddresses.io/runs/2026-07-18-13-32-19/output/keke.geojson
Kennards Hire,,au,kennards_hire_au,https://alltheplaces.xyz/spiders.html?page_length=-1&num_runs=1,195,,https://alltheplaces-data.openaddresses.io/runs/2026-07-18-13-32-19/output/kennards_hire_au.geojson
Kennards Self Storage,,au,kennards_self_storage_au,https://alltheplaces.xyz/spiders.html?page_length=-1&num_runs=1,115,,https://alltheplaces-data.openaddresses.io/runs/2026-07-18-13-32-19/output/kennards_self_storage_au.geojson
Key Food,,us,key_food_us,https://alltheplaces.xyz/spiders.html?page_length=-1&num_runs=1,360,,https://alltheplaces-data.openaddresses.io/runs/2026-07-18-13-32-19/output/key_food_us.geojson
Keystore,,gb,keystore_gb,https://alltheplaces.xyz/spiders.html?page_length=-1&num_runs=1,179,,https://alltheplaces-data.openaddresses.io/runs/2026-07-18-13-32-19/output/keystore_gb.geojson
Kia,,au,kia_au,https://alltheplaces.xyz/spiders.html?page_length=-1&num_runs=1,152,,https://alltheplaces-data.openaddresses.io/runs/2026-07-18-13-32-19/output/kia_au.geojson
Kia,,gb,kia_gb,https://alltheplaces.xyz/spiders.html?page_length=-1&num_runs=1,372,,https://alltheplaces-data.openaddresses.io/runs/2026-07-18-13-32-19/output/kia_gb.geojson
Kia,,,kia,https://alltheplaces.xyz/spiders.html?page_length=-1&num_runs=1,3,,https://alltheplaces-data.openaddresses.io/runs/2026-07-18-13-32-19/output/kia.geojson
Kidstuff,,au,kidstuff_au,https://alltheplaces.xyz/spiders.html?page_length=-1&num_runs=1,57,,https://alltheplaces-data.openaddresses.io/runs/2026-07-18-13-32-19/output/kidstuff_au.geojson
Kieser Training,,,kieser_training,https://alltheplaces.xyz/spiders.html?page_length=-1&num_runs=1,143,,https://alltheplaces-data.openaddresses.io/runs/2026-07-18-13-32-19/output/kieser_training.geojson
Kik,,,kik,https://alltheplaces.xyz/spiders.html?page_length=-1&num_runs=1,"4,137",,https://alltheplaces-data.openaddresses.io/runs/2026-07-18-13-32-19/output/kik.geojson
King Taco,,us,king_taco_us,https://alltheplaces.xyz/spiders.html?page_length=-1&num_runs=1,23,,https://alltheplaces-data.openaddresses.io/runs/2026-07-18-13-32-19/output/king_taco_us.geojson
Kipling,,us,kipling_us,https://alltheplaces.xyz/spiders.html?page_length=-1&num_runs=1,31,,https://alltheplaces-data.openaddresses.io/runs/2026-07-18-13-32-19/output/kipling_us.geojson
Kitchen Connection,,au,kitchen_connection_au,https://alltheplaces.xyz/spiders.html?page_length=-1&num_runs=1,27,,https://alltheplaces-data.openaddresses.io/runs/2026-07-18-13-32-19/output/kitchen_connection_au.geojson
Kitchen Warehouse,,au,kitchen_warehouse_au,https://alltheplaces.xyz/spiders.html?page_length=-1&num_runs=1,31,,https://alltheplaces-data.openaddresses.io/runs/2026-07-18-13-32-19/output/kitchen_warehouse_au.geojson
Koerperformen,,,koerperformen,https://alltheplaces.xyz/spiders.html?page_length=-1&num_runs=1,274,,https://alltheplaces-data.openaddresses.io/runs/2026-07-18-13-32-19/output/koerperformen.geojson
Kokoro,,gb,kokoro_gb,https://alltheplaces.xyz/spiders.html?page_length=-1&num_runs=1,84,,https://alltheplaces-data.openaddresses.io/runs/2026-07-18-13-32-19/output/kokoro_gb.geojson
Krist Oil,,us,krist_oil_us,https://alltheplaces.xyz/spiders.html?page_length=-1&num_runs=1,82,,https://alltheplaces-data.openaddresses.io/runs/2026-07-18-13-32-19/output/krist_oil_us.geojson
Krys,,,krys,https://alltheplaces.xyz/spiders.html?page_length=-1&num_runs=1,"1,611",,https://alltheplaces-data.openaddresses.io/runs/2026-07-18-13-32-19/output/krys.geojson
Kuoni,,gb,kuoni_gb,https://alltheplaces.xyz/spiders.html?page_length=-1&num_runs=1,28,,https://alltheplaces-data.openaddresses.io/runs/2026-07-18-13-32-19/output/kuoni_gb.geojson
Kurt Geiger,,,kurt_geiger,https://alltheplaces.xyz/spiders.html?page_length=-1&num_runs=1,56,,https://alltheplaces-data.openaddresses.io/runs/2026-07-18-13-32-19/output/kurt_geiger.geojson
Kwik Fit,,gb,kwik_fit_gb,https://alltheplaces.xyz/spiders.html?page_length=-1&num_runs=1,646,,https://alltheplaces-data.openaddresses.io/runs/2026-07-18-13-32-19/output/kwik_fit_gb.geojson
Kwik Kopy,,au,kwik_kopy_au,https://alltheplaces.xyz/spiders.html?page_length=-1&num_runs=1,88,,https://alltheplaces-data.openaddresses.io/runs/2026-07-18-13-32-19/output/kwik_kopy_au.geojson
La Anonima,,ar,la_anonima_ar,https://alltheplaces.xyz/spiders.html?page_length=-1&num_runs=1,183,,https://alltheplaces-data.openaddresses.io/runs/2026-07-18-13-32-19/output/la_anonima_ar.geojson
La Piadineria,,,la_piadineria,https://alltheplaces.xyz/spiders.html?page_length=-1&num_runs=1,560,,https://alltheplaces-data.openaddresses.io/runs/2026-07-18-13-32-19/output/la_piadineria.geojson
Ladbrokes,,gb,ladbrokes_gb,https://alltheplaces.xyz/spiders.html?page_length=-1&num_runs=1,"1,504",,https://alltheplaces-data.openaddresses.io/runs/2026-07-18-13-32-19/output/ladbrokes_gb.geojson
Lagenovesa,,,lagenovesa,https://alltheplaces.xyz/spiders.html?page_length=-1&num_runs=1,,,https://alltheplaces-data.openaddresses.io/runs/2026-07-18-13-32-19/output/lagenovesa.geojson
Lagerhaus,,at,lagerhaus_at,https://alltheplaces.xyz/spiders.html?page_length=-1&num_runs=1,772,,https://alltheplaces-data.openaddresses.io/runs/2026-07-18-13-32-19/output/lagerhaus_at.geojson
Lakeland,,gb,lakeland_gb,https://alltheplaces.xyz/spiders.html?page_length=-1&num_runs=1,56,,https://alltheplaces-data.openaddresses.io/runs/2026-07-18-13-32-19/output/lakeland_gb.geojson
Landmark Cinemas,,ca,landmark_cinemas_ca,https://alltheplaces.xyz/spiders.html?page_length=-1&num_runs=1,,,https://alltheplaces-data.openaddresses.io/runs/2026-07-18-13-32-19/output/landmark_cinemas_ca.geojson
Las Iguanas,,gb,las_iguanas_gb,https://alltheplaces.xyz/spiders.html?page_length=-1&num_runs=1,45,,https://alltheplaces-data.openaddresses.io/runs/2026-07-18-13-32-19/output/las_iguanas_gb.geojson
Latvijas Pasts,,,latvijas_pasts,https://alltheplaces.xyz/spiders.html?page_length=-1&num_runs=1,"1,256",,https://alltheplaces-data.openaddresses.io/runs/2026-07-18-13-32-19/output/latvijas_pasts.geojson
Laveneciana,,ar,laveneciana_ar,https://alltheplaces.xyz/spiders.html?page_length=-1&num_runs=1,20,,https://alltheplaces-data.openaddresses.io/runs/2026-07-18-13-32-19/output/laveneciana_ar.geojson
Lcl,,,lcl,https://alltheplaces.xyz/spiders.html?page_length=-1&num_runs=1,"1,450",,https://alltheplaces-data.openaddresses.io/runs/2026-07-18-13-32-19/output/lcl.geojson
Le Pain Quotidien,,,le_pain_quotidien,https://alltheplaces.xyz/spiders.html?page_length=-1&num_runs=1,213,,https://alltheplaces-data.openaddresses.io/runs/2026-07-18-13-32-19/output/le_pain_quotidien.geojson
Leaders Romans Group,,gb,leaders_romans_group_gb,https://alltheplaces.xyz/spiders.html?page_length=-1&num_runs=1,165,,https://alltheplaces-data.openaddresses.io/runs/2026-07-18-13-32-19/output/leaders_romans_group_gb.geojson
Lee,,au,lee_au,https://alltheplaces.xyz/spiders.html?page_length=-1&num_runs=1,,,https://alltheplaces-data.openaddresses.io/runs/2026-07-18-13-32-19/output/lee_au.geojson
Leeann Chin,,us,leeann_chin_us,https://alltheplaces.xyz/spiders.html?page_length=-1&num_runs=1,38,,https://alltheplaces-data.openaddresses.io/runs/2026-07-18-13-32-19/output/leeann_chin_us.geojson
Leezen,,,leezen,https://alltheplaces.xyz/spiders.html?page_length=-1&num_runs=1,137,,https://alltheplaces-data.openaddresses.io/runs/2026-07-18-13-32-19/output/leezen.geojson
Legends Barbers,,,legends_barbers,https://alltheplaces.xyz/spiders.html?page_length=-1&num_runs=1,75,,https://alltheplaces-data.openaddresses.io/runs/2026-07-18-13-32-19/output/legends_barbers.geojson
Lego,,,lego,https://alltheplaces.xyz/spiders.html?page_length=-1&num_runs=1,569,,https://alltheplaces-data.openaddresses.io/runs/2026-07-18-13-32-19/output/lego.geojson
Leightons,,gb,leightons_gb,https://alltheplaces.xyz/spiders.html?page_length=-1&num_runs=1,37,,https://alltheplaces-data.openaddresses.io/runs/2026-07-18-13-32-19/output/leightons_gb.geojson
Leon,,gb,leon_gb,https://alltheplaces.xyz/spiders.html?page_length=-1&num_runs=1,85,,https://alltheplaces-data.openaddresses.io/runs/2026-07-18-13-32-19/output/leon_gb.geojson
Leonidas,,,leonidas,https://alltheplaces.xyz/spiders.html?page_length=-1&num_runs=1,"1,204",,https://alltheplaces-data.openaddresses.io/runs/2026-07-18-13-32-19/output/leonidas.geojson
Leons,,ca,leons_ca,https://alltheplaces.xyz/spiders.html?page_length=-1&num_runs=1,88,,https://alltheplaces-data.openaddresses.io/runs/2026-07-18-13-32-19/output/leons_ca.geojson
Leroy Merlin,,,leroy_merlin,https://alltheplaces.xyz/spiders.html?page_length=-1&num_runs=1,150,,https://alltheplaces-data.openaddresses.io/runs/2026-07-18-13-32-19/output/leroy_merlin.geojson
Les Schwab,,us,les_schwab_us,https://alltheplaces.xyz/spiders.html?page_length=-1&num_runs=1,606,,https://alltheplaces-data.openaddresses.io/runs/2026-07-18-13-32-19/output/les_schwab_us.geojson
Leslies Poolmart,,us,leslies_poolmart_us,https://alltheplaces.xyz/spiders.html?page_length=-1&num_runs=1,862,,https://alltheplaces-data.openaddresses.io/runs/2026-07-18-13-32-19/output/leslies_poolmart_us.geojson
Levis,,,levis,https://alltheplaces.xyz/spiders.html?page_length=-1&num_runs=1,"1,055",,https://alltheplaces-data.openaddresses.io/runs/2026-07-18-13-32-19/output/levis.geojson
Lewis Stores,,,lewis_stores,https://alltheplaces.xyz/spiders.html?page_length=-1&num_runs=1,483,,https://alltheplaces-data.openaddresses.io/runs/2026-07-18-13-32-19/output/lewis_stores.geojson
Liberty,,au,liberty_au,https://alltheplaces.xyz/spiders.html?page_length=-1&num_runs=1,87,,https://alltheplaces-data.openaddresses.io/runs/2026-07-18-13-32-19/output/liberty_au.geojson
Libro,,at,libro_at,https://alltheplaces.xyz/spiders.html?page_length=-1&num_runs=1,,,https://alltheplaces-data.openaddresses.io/runs/2026-07-18-13-32-19/output/libro_at.geojson
Lidl,,us,lidl_us,https://alltheplaces.xyz/spiders.html?page_length=-1&num_runs=1,200,,https://alltheplaces-data.openaddresses.io/runs/2026-07-18-13-32-19/output/lidl_us.geojson
Lincolnshire Cooperative,,,lincolnshire_cooperative,https://alltheplaces.xyz/spiders.html?page_length=-1&num_runs=1,183,,https://alltheplaces-data.openaddresses.io/runs/2026-07-18-13-32-19/output/lincolnshire_cooperative.geojson
Lincraft,,au,lincraft_au,https://alltheplaces.xyz/spiders.html?page_length=-1&num_runs=1,23,,https://alltheplaces-data.openaddresses.io/runs/2026-07-18-13-32-19/output/lincraft_au.geojson
Linde Direct,,us,linde_direct_us,https://alltheplaces.xyz/spiders.html?page_length=-1&num_runs=1,423,,https://alltheplaces-data.openaddresses.io/runs/2026-07-18-13-32-19/output/linde_direct_us.geojson
Lindt,,,lindt,https://alltheplaces.xyz/spiders.html?page_length=-1&num_runs=1,192,,https://alltheplaces-data.openaddresses.io/runs/2026-07-18-13-32-19/output/lindt.geojson
Liquor Legends,,au,liquor_legends_au,https://alltheplaces.xyz/spiders.html?page_length=-1&num_runs=1,205,,https://alltheplaces-data.openaddresses.io/runs/2026-07-18-13-32-19/output/liquor_legends_au.geojson
Liquor Mart,,ca,liquor_mart_ca,https://alltheplaces.xyz/spiders.html?page_length=-1&num_runs=1,20,,https://alltheplaces-data.openaddresses.io/runs/2026-07-18-13-32-19/output/liquor_mart_ca.geojson
Living Spaces,,,living_spaces,https://alltheplaces.xyz/spiders.html?page_length=-1&num_runs=1,43,,https://alltheplaces-data.openaddresses.io/runs/2026-07-18-13-32-19/output/living_spaces.geojson
Lloyds Bank,,gb,lloyds_bank_gb,https://alltheplaces.xyz/spiders.html?page_length=-1&num_runs=1,"1,134",,https://alltheplaces-data.openaddresses.io/runs/2026-07-18-13-32-19/output/lloyds_bank_gb.geojson
Loake,,,loake,https://alltheplaces.xyz/spiders.html?page_length=-1&num_runs=1,29,,https://alltheplaces-data.openaddresses.io/runs/2026-07-18-13-32-19/output/loake.geojson
Localcoin,,,localcoin,https://alltheplaces.xyz/spiders.html?page_length=-1&num_runs=1,"2,139",,https://alltheplaces-data.openaddresses.io/runs/2026-07-18-13-32-19/output/localcoin.geojson
Location Bank Company,,,location_bank_company,https://alltheplaces.xyz/spiders.html?page_length=-1&num_runs=1,5,,https://alltheplaces-data.openaddresses.io/runs/2026-07-18-13-32-19/output/location_bank_company.geojson
Loews Hotels,,,loews_hotels,https://alltheplaces.xyz/spiders.html?page_length=-1&num_runs=1,31,,https://alltheplaces-data.openaddresses.io/runs/2026-07-18-13-32-19/output/loews_hotels.geojson
Logans Roadhouse,,us,logans_roadhouse_us,https://alltheplaces.xyz/spiders.html?page_length=-1&num_runs=1,116,,https://alltheplaces-data.openaddresses.io/runs/2026-07-18-13-32-19/output/logans_roadhouse_us.geojson
Londis,,gb,londis_gb,https://alltheplaces.xyz/spiders.html?page_length=-1&num_runs=1,"2,013",,https://alltheplaces-data.openaddresses.io/runs/2026-07-18-13-32-19/output/londis_gb.geojson
London Drugs,,ca,london_drugs_ca,https://alltheplaces.xyz/spiders.html?page_length=-1&num_runs=1,,,https://alltheplaces-data.openaddresses.io/runs/2026-07-18-13-32-19/output/london_drugs_ca.geojson
Longhorn Steakhouse,,,longhorn_steakhouse,https://alltheplaces.xyz/spiders.html?page_length=-1&num_runs=1,652,,https://alltheplaces-data.openaddresses.io/runs/2026-07-18-13-32-19/output/longhorn_steakhouse.geojson
Lorna Jane,,,lorna_jane,https://alltheplaces.xyz/spiders.html?page_length=-1&num_runs=1,,,https://alltheplaces-data.openaddresses.io/runs/2026-07-18-13-32-19/output/lorna_jane.geojson
Losteria,,,losteria,https://alltheplaces.xyz/spiders.html?page_length=-1&num_runs=1,215,,https://alltheplaces-data.openaddresses.io/runs/2026-07-18-13-32-19/output/losteria.geojson
Lou Malnatis Pizzeria,,us,lou_malnatis_pizzeria_us,https://alltheplaces.xyz/spiders.html?page_length=-1&num_runs=1,69,,https://alltheplaces-data.openaddresses.io/runs/2026-07-18-13-32-19/output/lou_malnatis_pizzeria_us.geojson
Lounges,,gb,lounges_gb,https://alltheplaces.xyz/spiders.html?page_length=-1&num_runs=1,310,,https://alltheplaces-data.openaddresses.io/runs/2026-07-18-13-32-19/output/lounges_gb.geojson
Louvre Hotels,,,louvre_hotels,https://alltheplaces.xyz/spiders.html?page_length=-1&num_runs=1,"1,040",,https://alltheplaces-data.openaddresses.io/runs/2026-07-18-13-32-19/output/louvre_hotels.geojson
M J Bale,,au,m_j_bale_au,https://alltheplaces.xyz/spiders.html?page_length=-1&num_runs=1,86,,https://alltheplaces-data.openaddresses.io/runs/2026-07-18-13-32-19/output/m_j_bale_au.geojson
Macys Backstage,,,macys_backstage,https://alltheplaces.xyz/spiders.html?page_length=-1&num_runs=1,13,,https://alltheplaces-data.openaddresses.io/runs/2026-07-18-13-32-19/output/macys_backstage.geojson
Mad Mex,,au,mad_mex_au,https://alltheplaces.xyz/spiders.html?page_length=-1&num_runs=1,75,,https://alltheplaces-data.openaddresses.io/runs/2026-07-18-13-32-19/output/mad_mex_au.geojson
Maidenhead Aquatics,,gb,maidenhead_aquatics_gb,https://alltheplaces.xyz/spiders.html?page_length=-1&num_runs=1,140,,https://alltheplaces-data.openaddresses.io/runs/2026-07-18-13-32-19/output/maidenhead_aquatics_gb.geojson
Main Event,,,main_event,https://alltheplaces.xyz/spiders.html?page_length=-1&num_runs=1,66,,https://alltheplaces-data.openaddresses.io/runs/2026-07-18-13-32-19/output/main_event.geojson
Majestic,,gb,majestic_gb,https://alltheplaces.xyz/spiders.html?page_length=-1&num_runs=1,,,https://alltheplaces-data.openaddresses.io/runs/2026-07-18-13-32-19/output/majestic_gb.geojson
Mall Maverick,,,mall_maverick,https://alltheplaces.xyz/spiders.html?page_length=-1&num_runs=1,393,,https://alltheplaces-data.openaddresses.io/runs/2026-07-18-13-32-19/output/mall_maverick.geojson
Mamas & Papas,,gb,mamas_and_papas_gb,https://alltheplaces.xyz/spiders.html?page_length=-1&num_runs=1,54,,https://alltheplaces-data.openaddresses.io/runs/2026-07-18-13-32-19/output/mamas_and_papas_gb.geojson
Mango,,,mango,https://alltheplaces.xyz/spiders.html?page_length=-1&num_runs=1,"1,855",,https://alltheplaces-data.openaddresses.io/runs/2026-07-18-13-32-19/output/mango.geojson
Manhattan Bagel,,,manhattan_bagel,https://alltheplaces.xyz/spiders.html?page_length=-1&num_runs=1,66,,https://alltheplaces-data.openaddresses.io/runs/2026-07-18-13-32-19/output/manhattan_bagel.geojson
Manufaktura,,,manufaktura,https://alltheplaces.xyz/spiders.html?page_length=-1&num_runs=1,50,,https://alltheplaces-data.openaddresses.io/runs/2026-07-18-13-32-19/output/manufaktura.geojson
Mapco,,us,mapco_us,https://alltheplaces.xyz/spiders.html?page_length=-1&num_runs=1,236,,https://alltheplaces-data.openaddresses.io/runs/2026-07-18-13-32-19/output/mapco_us.geojson
Marcs,,,marcs,https://alltheplaces.xyz/spiders.html?page_length=-1&num_runs=1,,,https://alltheplaces-data.openaddresses.io/runs/2026-07-18-13-32-19/output/marcs.geojson
Marcus Theatres,,,marcus_theatres,https://alltheplaces.xyz/spiders.html?page_length=-1&num_runs=1,,,https://alltheplaces-data.openaddresses.io/runs/2026-07-18-13-32-19/output/marcus_theatres.geojson
Marie Callenders,,us,marie_callenders_us,https://alltheplaces.xyz/spiders.html?page_length=-1&num_runs=1,23,,https://alltheplaces-data.openaddresses.io/runs/2026-07-18-13-32-19/output/marie_callenders_us.geojson
Marie Curie,,gb,marie_curie_gb,https://alltheplaces.xyz/spiders.html?page_length=-1&num_runs=1,131,,https://alltheplaces-data.openaddresses.io/runs/2026-07-18-13-32-19/output/marie_curie_gb.geojson
Marketplace Fresh,,au,marketplace_fresh_au,https://alltheplaces.xyz/spiders.html?page_length=-1&num_runs=1,,,https://alltheplaces-data.openaddresses.io/runs/2026-07-18-13-32-19/output/marketplace_fresh_au.geojson
Marks,,ca,marks_ca,https://alltheplaces.xyz/spiders.html?page_length=-1&num_runs=1,388,,https://alltheplaces-data.openaddresses.io/runs/2026-07-18-13-32-19/output/marks_ca.geojson
Marks & Spencer,,,marks_and_spencer,https://alltheplaces.xyz/spiders.html?page_length=-1&num_runs=1,"1,074",,https://alltheplaces-data.openaddresses.io/runs/2026-07-18-13-32-19/output/marks_and_spencer.geojson
Marstons Plc,,,marstons_plc,https://alltheplaces.xyz/spiders.html?page_length=-1&num_runs=1,"1,304",,https://alltheplaces-data.openaddresses.io/runs/2026-07-18-13-32-19/output/marstons_plc.geojson
Martins,,us,martins_us,https://alltheplaces.xyz/spiders.html?page_length=-1&num_runs=1,20,,https://alltheplaces-data.openaddresses.io/runs/2026-07-18-13-32-19/output/martins_us.geojson
Mary Browns,,ca,mary_browns_ca,https://alltheplaces.xyz/spiders.html?page_length=-1&num_runs=1,303,,https://alltheplaces-data.openaddresses.io/runs/2026-07-18-13-32-19/output/mary_browns_ca.geojson
Massivejoes,,au,massivejoes_au,https://alltheplaces.xyz/spiders.html?page_length=-1&num_runs=1,,,https://alltheplaces-data.openaddresses.io/runs/2026-07-18-13-32-19/output/massivejoes_au.geojson
Matalan,,gb,matalan_gb,https://alltheplaces.xyz/spiders.html?page_length=-1&num_runs=1,238,,https://alltheplaces-data.openaddresses.io/runs/2026-07-18-13-32-19/output/matalan_gb.geojson
Matchbox,,au,matchbox_au,https://alltheplaces.xyz/spiders.html?page_length=-1&num_runs=1,17,,https://alltheplaces-data.openaddresses.io/runs/2026-07-18-13-32-19/output/matchbox_au.geojson
Mattress Depot,,us,mattress_depot_usa_us,https://alltheplaces.xyz/spiders.html?page_length=-1&num_runs=1,26,,https://alltheplaces-data.openaddresses.io/runs/2026-07-18-13-32-19/output/mattress_depot_usa_us.geojson
Mattress Warehouse,,us,mattress_warehouse_us,https://alltheplaces.xyz/spiders.html?page_length=-1&num_runs=1,527,,https://alltheplaces-data.openaddresses.io/runs/2026-07-18-13-32-19/output/mattress_warehouse_us.geojson
Maurices,,,maurices,https://alltheplaces.xyz/spiders.html?page_length=-1&num_runs=1,822,,https://alltheplaces-data.openaddresses.io/runs/2026-07-18-13-32-19/output/maurices.geojson
Max,,,max,https://alltheplaces.xyz/spiders.html?page_length=-1&num_runs=1,206,,https://alltheplaces-data.openaddresses.io/runs/2026-07-18-13-32-19/output/max.geojson
Max & Company,,,max_and_company,https://alltheplaces.xyz/spiders.html?page_length=-1&num_runs=1,,,https://alltheplaces-data.openaddresses.io/runs/2026-07-18-13-32-19/output/max_and_company.geojson
Max Mara Fashion Group,,,max_mara_fashion_group,https://alltheplaces.xyz/spiders.html?page_length=-1&num_runs=1,"1,843",,https://alltheplaces-data.openaddresses.io/runs/2026-07-18-13-32-19/output/max_mara_fashion_group.geojson
Mazda,,at,mazda_at,https://alltheplaces.xyz/spiders.html?page_length=-1&num_runs=1,180,,https://alltheplaces-data.openaddresses.io/runs/2026-07-18-13-32-19/output/mazda_at.geojson
Mazda,,au,mazda_au,https://alltheplaces.xyz/spiders.html?page_length=-1&num_runs=1,446,,https://alltheplaces-data.openaddresses.io/runs/2026-07-18-13-32-19/output/mazda_au.geojson
Mazda,,ca,mazda_ca,https://alltheplaces.xyz/spiders.html?page_length=-1&num_runs=1,,,https://alltheplaces-data.openaddresses.io/runs/2026-07-18-13-32-19/output/mazda_ca.geojson
Mazda,,gb,mazda_gb,https://alltheplaces.xyz/spiders.html?page_length=-1&num_runs=1,327,,https://alltheplaces-data.openaddresses.io/runs/2026-07-18-13-32-19/output/mazda_gb.geojson
Mazda,,ua,mazda_ua,https://alltheplaces.xyz/spiders.html?page_length=-1&num_runs=1,44,,https://alltheplaces-data.openaddresses.io/runs/2026-07-18-13-32-19/output/mazda_ua.geojson
Mazda,,us,mazda_us,https://alltheplaces.xyz/spiders.html?page_length=-1&num_runs=1,"1,088",Dealer,https://alltheplaces-data.openaddresses.io/runs/2026-07-18-13-32-19/output/mazda_us.geojson
Mbplc,,gb,mbplc_gb,https://alltheplaces.xyz/spiders.html?page_length=-1&num_runs=1,"1,627",,https://alltheplaces-data.openaddresses.io/runs/2026-07-18-13-32-19/output/mbplc_gb.geojson
Mcdonalds,,at,mcdonalds_at,https://alltheplaces.xyz/spiders.html?page_length=-1&num_runs=1,415,,https://alltheplaces-data.openaddresses.io/runs/2026-07-18-13-32-19/output/mcdonalds_at.geojson
Mcgrath,,au,mcgrath_au,https://alltheplaces.xyz/spiders.html?page_length=-1&num_runs=1,,,https://alltheplaces-data.openaddresses.io/runs/2026-07-18-13-32-19/output/mcgrath_au.geojson
Mckesson,,ca,mckesson_ca,https://alltheplaces.xyz/spiders.html?page_length=-1&num_runs=1,680,,https://alltheplaces-data.openaddresses.io/runs/2026-07-18-13-32-19/output/mckesson_ca.geojson
Medstar,,us,medstar_us,https://alltheplaces.xyz/spiders.html?page_length=-1&num_runs=1,623,,https://alltheplaces-data.openaddresses.io/runs/2026-07-18-13-32-19/output/medstar_us.geojson
Meijer,,us,meijer_us,https://alltheplaces.xyz/spiders.html?page_length=-1&num_runs=1,773,,https://alltheplaces-data.openaddresses.io/runs/2026-07-18-13-32-19/output/meijer_us.geojson
Meli Melo,,,meli_melo,https://alltheplaces.xyz/spiders.html?page_length=-1&num_runs=1,63,,https://alltheplaces-data.openaddresses.io/runs/2026-07-18-13-32-19/output/meli_melo.geojson
Mendocino Farms,,us,mendocino_farms_us,https://alltheplaces.xyz/spiders.html?page_length=-1&num_runs=1,,,https://alltheplaces-data.openaddresses.io/runs/2026-07-18-13-32-19/output/mendocino_farms_us.geojson
Mephisto,,,mephisto,https://alltheplaces.xyz/spiders.html?page_length=-1&num_runs=1,,,https://alltheplaces-data.openaddresses.io/runs/2026-07-18-13-32-19/output/mephisto.geojson
Mer,,gb,mer_gb,https://alltheplaces.xyz/spiders.html?page_length=-1&num_runs=1,215,,https://alltheplaces-data.openaddresses.io/runs/2026-07-18-13-32-19/output/mer_gb.geojson
Mercedes Benz,,,mercedes_benz_group,https://alltheplaces.xyz/spiders.html?page_length=-1&num_runs=1,"15,257",,https://alltheplaces-data.openaddresses.io/runs/2026-07-18-13-32-19/output/mercedes_benz_group.geojson
Mercy,,,mercy,https://alltheplaces.xyz/spiders.html?page_length=-1&num_runs=1,"1,724",,https://alltheplaces-data.openaddresses.io/runs/2026-07-18-13-32-19/output/mercy.geojson
Merrill Lynch,,,merrill_lynch,https://alltheplaces.xyz/spiders.html?page_length=-1&num_runs=1,,,https://alltheplaces-data.openaddresses.io/runs/2026-07-18-13-32-19/output/merrill_lynch.geojson
Met Foodmarket,,us,met_foodmarket_us,https://alltheplaces.xyz/spiders.html?page_length=-1&num_runs=1,21,,https://alltheplaces-data.openaddresses.io/runs/2026-07-18-13-32-19/output/met_foodmarket_us.geojson
Meta,,,meta,https://alltheplaces.xyz/spiders.html?page_length=-1&num_runs=1,,,https://alltheplaces-data.openaddresses.io/runs/2026-07-18-13-32-19/output/meta.geojson
Metro,,us,metro_us,https://alltheplaces.xyz/spiders.html?page_length=-1&num_runs=1,"5,664",,https://alltheplaces-data.openaddresses.io/runs/2026-07-18-13-32-19/output/metro_us.geojson
Metro Cash & Carry,,,metro_cash_and_carry,https://alltheplaces.xyz/spiders.html?page_length=-1&num_runs=1,524,,https://alltheplaces-data.openaddresses.io/runs/2026-07-18-13-32-19/output/metro_cash_and_carry.geojson
Metro Diner,,us,metro_diner_us,https://alltheplaces.xyz/spiders.html?page_length=-1&num_runs=1,71,,https://alltheplaces-data.openaddresses.io/runs/2026-07-18-13-32-19/output/metro_diner_us.geojson
Metro Diner,,,metro_diner,https://alltheplaces.xyz/spiders.html?page_length=-1&num_runs=1,71,,https://alltheplaces-data.openaddresses.io/runs/2026-07-18-13-32-19/output/metro_diner.geojson
Mexx,,,mexx,https://alltheplaces.xyz/spiders.html?page_length=-1&num_runs=1,,,https://alltheplaces-data.openaddresses.io/runs/2026-07-18-13-32-19/output/mexx.geojson
Mgm Timber,,gb,mgm_timber_gb,https://alltheplaces.xyz/spiders.html?page_length=-1&num_runs=1,14,,https://alltheplaces-data.openaddresses.io/runs/2026-07-18-13-32-19/output/mgm_timber_gb.geojson
Mica Hardware,,,mica_hardware,https://alltheplaces.xyz/spiders.html?page_length=-1&num_runs=1,140,,https://alltheplaces-data.openaddresses.io/runs/2026-07-18-13-32-19/output/mica_hardware.geojson
Micro Center,,us,micro_center_us,https://alltheplaces.xyz/spiders.html?page_length=-1&num_runs=1,,,https://alltheplaces-data.openaddresses.io/runs/2026-07-18-13-32-19/output/micro_center_us.geojson
Midcounties Cooperative,,gb,midcounties_cooperative_gb,https://alltheplaces.xyz/spiders.html?page_length=-1&num_runs=1,357,,https://alltheplaces-data.openaddresses.io/runs/2026-07-18-13-32-19/output/midcounties_cooperative_gb.geojson
Middys,,au,middys_au,https://alltheplaces.xyz/spiders.html?page_length=-1&num_runs=1,103,,https://alltheplaces-data.openaddresses.io/runs/2026-07-18-13-32-19/output/middys_au.geojson
Milestones,,ca,milestones_ca,https://alltheplaces.xyz/spiders.html?page_length=-1&num_runs=1,46,,https://alltheplaces-data.openaddresses.io/runs/2026-07-18-13-32-19/output/milestones_ca.geojson
Miller & Carter,,gb,miller_and_carter_gb,https://alltheplaces.xyz/spiders.html?page_length=-1&num_runs=1,132,,https://alltheplaces-data.openaddresses.io/runs/2026-07-18-13-32-19/output/miller_and_carter_gb.geojson
Millets,,gb,millets_gb,https://alltheplaces.xyz/spiders.html?page_length=-1&num_runs=1,,,https://alltheplaces-data.openaddresses.io/runs/2026-07-18-13-32-19/output/millets_gb.geojson
Millies,,gb,millies_gb,https://alltheplaces.xyz/spiders.html?page_length=-1&num_runs=1,38,,https://alltheplaces-data.openaddresses.io/runs/2026-07-18-13-32-19/output/millies_gb.geojson
Mind,,gb,mind_gb,https://alltheplaces.xyz/spiders.html?page_length=-1&num_runs=1,171,,https://alltheplaces-data.openaddresses.io/runs/2026-07-18-13-32-19/output/mind_gb.geojson
Miniso,,gb,miniso_gb,https://alltheplaces.xyz/spiders.html?page_length=-1&num_runs=1,61,,https://alltheplaces-data.openaddresses.io/runs/2026-07-18-13-32-19/output/miniso_gb.geojson
Mint Velvet,,gb,mint_velvet_gb,https://alltheplaces.xyz/spiders.html?page_length=-1&num_runs=1,47,,https://alltheplaces-data.openaddresses.io/runs/2026-07-18-13-32-19/output/mint_velvet_gb.geojson
Mister Car Wash,,,mister_car_wash,https://alltheplaces.xyz/spiders.html?page_length=-1&num_runs=1,570,,https://alltheplaces-data.openaddresses.io/runs/2026-07-18-13-32-19/output/mister_car_wash.geojson
Mister Minit Asia Pacific,,,mister_minit_asia_pacific,https://alltheplaces.xyz/spiders.html?page_length=-1&num_runs=1,395,,https://alltheplaces-data.openaddresses.io/runs/2026-07-18-13-32-19/output/mister_minit_asia_pacific.geojson
Mitsubishi,,au,mitsubishi_au,https://alltheplaces.xyz/spiders.html?page_length=-1&num_runs=1,,,https://alltheplaces-data.openaddresses.io/runs/2026-07-18-13-32-19/output/mitsubishi_au.geojson
Mitsubishi,,gb,mitsubishi_gb,https://alltheplaces.xyz/spiders.html?page_length=-1&num_runs=1,357,,https://alltheplaces-data.openaddresses.io/runs/2026-07-18-13-32-19/output/mitsubishi_gb.geojson
Mitsubishi,,ua,mitsubishi_ua,https://alltheplaces.xyz/spiders.html?page_length=-1&num_runs=1,,,https://alltheplaces-data.openaddresses.io/runs/2026-07-18-13-32-19/output/mitsubishi_ua.geojson
Mitsubishi,,,mitsubishi,https://alltheplaces.xyz/spiders.html?page_length=-1&num_runs=1,163,,https://alltheplaces-data.openaddresses.io/runs/2026-07-18-13-32-19/output/mitsubishi.geojson
Mitsubishi Africa,,,mitsubishi_africa,https://alltheplaces.xyz/spiders.html?page_length=-1&num_runs=1,23,,https://alltheplaces-data.openaddresses.io/runs/2026-07-18-13-32-19/output/mitsubishi_africa.geojson
Mobilelink,,us,mobilelink_us,https://alltheplaces.xyz/spiders.html?page_length=-1&num_runs=1,406,,https://alltheplaces-data.openaddresses.io/runs/2026-07-18-13-32-19/output/mobilelink_us.geojson
Mochachos,,,mochachos,https://alltheplaces.xyz/spiders.html?page_length=-1&num_runs=1,130,,https://alltheplaces-data.openaddresses.io/runs/2026-07-18-13-32-19/output/mochachos.geojson
Mol,,,mol,https://alltheplaces.xyz/spiders.html?page_length=-1&num_runs=1,"7,096",,https://alltheplaces-data.openaddresses.io/runs/2026-07-18-13-32-19/output/mol.geojson
Montblanc,,,montblanc,https://alltheplaces.xyz/spiders.html?page_length=-1&num_runs=1,265,,https://alltheplaces-data.openaddresses.io/runs/2026-07-18-13-32-19/output/montblanc.geojson
Morleys,,gb,morleys_gb,https://alltheplaces.xyz/spiders.html?page_length=-1&num_runs=1,131,,https://alltheplaces-data.openaddresses.io/runs/2026-07-18-13-32-19/output/morleys_gb.geojson
Morrisons,,gb,morrisons_gb,https://alltheplaces.xyz/spiders.html?page_length=-1&num_runs=1,"2,627",,https://alltheplaces-data.openaddresses.io/runs/2026-07-18-13-32-19/output/morrisons_gb.geojson
Moss,,gb,moss_gb,https://alltheplaces.xyz/spiders.html?page_length=-1&num_runs=1,112,,https://alltheplaces-data.openaddresses.io/runs/2026-07-18-13-32-19/output/moss_gb.geojson
Mountain America Credit Union,,us,mountain_america_credit_union_us,https://alltheplaces.xyz/spiders.html?page_length=-1&num_runs=1,99,,https://alltheplaces-data.openaddresses.io/runs/2026-07-18-13-32-19/output/mountain_america_credit_union_us.geojson
Mountain Equipment Company,,ca,mountain_equipment_company_ca,https://alltheplaces.xyz/spiders.html?page_length=-1&num_runs=1,24,,https://alltheplaces-data.openaddresses.io/runs/2026-07-18-13-32-19/output/mountain_equipment_company_ca.geojson
Mountain Warehouse,,,mountain_warehouse,https://alltheplaces.xyz/spiders.html?page_length=-1&num_runs=1,426,,https://alltheplaces-data.openaddresses.io/runs/2026-07-18-13-32-19/output/mountain_warehouse.geojson
Move Yourself,,au,move_yourself_au,https://alltheplaces.xyz/spiders.html?page_length=-1&num_runs=1,,,https://alltheplaces-data.openaddresses.io/runs/2026-07-18-13-32-19/output/move_yourself_au.geojson
Mr Liquor,,au,mr_liquor_au,https://alltheplaces.xyz/spiders.html?page_length=-1&num_runs=1,3,,https://alltheplaces-data.openaddresses.io/runs/2026-07-18-13-32-19/output/mr_liquor_au.geojson
Mr Price,,,mr_price,https://alltheplaces.xyz/spiders.html?page_length=-1&num_runs=1,"1,123",,https://alltheplaces-data.openaddresses.io/runs/2026-07-18-13-32-19/output/mr_price.geojson
Mr Sub,,ca,mr_sub_ca,https://alltheplaces.xyz/spiders.html?page_length=-1&num_runs=1,210,,https://alltheplaces-data.openaddresses.io/runs/2026-07-18-13-32-19/output/mr_sub_ca.geojson
Mt Bank,,us,mt_bank_us,https://alltheplaces.xyz/spiders.html?page_length=-1&num_runs=1,"1,256",,https://alltheplaces-data.openaddresses.io/runs/2026-07-18-13-32-19/output/mt_bank_us.geojson
Mueller,,,mueller,https://alltheplaces.xyz/spiders.html?page_length=-1&num_runs=1,,,https://alltheplaces-data.openaddresses.io/runs/2026-07-18-13-32-19/output/mueller.geojson
Muffin Break,,au,muffin_break_au,https://alltheplaces.xyz/spiders.html?page_length=-1&num_runs=1,151,,https://alltheplaces-data.openaddresses.io/runs/2026-07-18-13-32-19/output/muffin_break_au.geojson
Mugg & Bean,,,mugg_and_bean,https://alltheplaces.xyz/spiders.html?page_length=-1&num_runs=1,305,,https://alltheplaces-data.openaddresses.io/runs/2026-07-18-13-32-19/output/mugg_and_bean.geojson
Munchs Supply,,us,munchs_supply_us,https://alltheplaces.xyz/spiders.html?page_length=-1&num_runs=1,17,,https://alltheplaces-data.openaddresses.io/runs/2026-07-18-13-32-19/output/munchs_supply_us.geojson
My Dentist,,gb,my_dentist_gb,https://alltheplaces.xyz/spiders.html?page_length=-1&num_runs=1,504,,https://alltheplaces-data.openaddresses.io/runs/2026-07-18-13-32-19/output/my_dentist_gb.geojson
Mycar Tyre & Auto,,au,mycar_tyre_and_auto_au,https://alltheplaces.xyz/spiders.html?page_length=-1&num_runs=1,32,,https://alltheplaces-data.openaddresses.io/runs/2026-07-18-13-32-19/output/mycar_tyre_and_auto_au.geojson
Myer,,au,myer_au,https://alltheplaces.xyz/spiders.html?page_length=-1&num_runs=1,56,,https://alltheplaces-data.openaddresses.io/runs/2026-07-18-13-32-19/output/myer_au.geojson
Myhouse,,au,myhouse_au,https://alltheplaces.xyz/spiders.html?page_length=-1&num_runs=1,21,,https://alltheplaces-data.openaddresses.io/runs/2026-07-18-13-32-19/output/myhouse_au.geojson
Nails For You,,ca,nails_for_you_ca,https://alltheplaces.xyz/spiders.html?page_length=-1&num_runs=1,,,https://alltheplaces-data.openaddresses.io/runs/2026-07-18-13-32-19/output/nails_for_you_ca.geojson
Nandos,,ae,nandos_ae,https://alltheplaces.xyz/spiders.html?page_length=-1&num_runs=1,24,,https://alltheplaces-data.openaddresses.io/runs/2026-07-18-13-32-19/output/nandos_ae.geojson
Nandos,,us,nandos_us,https://alltheplaces.xyz/spiders.html?page_length=-1&num_runs=1,47,,https://alltheplaces-data.openaddresses.io/runs/2026-07-18-13-32-19/output/nandos_us.geojson
Nandos,,,nandos_zw,https://alltheplaces.xyz/spiders.html?page_length=-1&num_runs=1,288,,https://alltheplaces-data.openaddresses.io/runs/2026-07-18-13-32-19/output/nandos_zw.geojson
Nandos,,,nandos,https://alltheplaces.xyz/spiders.html?page_length=-1&num_runs=1,160,,https://alltheplaces-data.openaddresses.io/runs/2026-07-18-13-32-19/output/nandos.geojson
Napa Auto Care,,,napa_auto_care,https://alltheplaces.xyz/spiders.html?page_length=-1&num_runs=1,"6,038",,https://alltheplaces-data.openaddresses.io/runs/2026-07-18-13-32-19/output/napa_auto_care.geojson
Naptan,,gb,naptan_gb,https://alltheplaces.xyz/spiders.html?page_length=-1&num_runs=1,"4,737",,https://alltheplaces-data.openaddresses.io/runs/2026-07-18-13-32-19/output/naptan_gb.geojson
National,,,national,https://alltheplaces.xyz/spiders.html?page_length=-1&num_runs=1,"1,599",,https://alltheplaces-data.openaddresses.io/runs/2026-07-18-13-32-19/output/national.geojson
National Seating Mobility,,,national_seating_mobility,https://alltheplaces.xyz/spiders.html?page_length=-1&num_runs=1,,,https://alltheplaces-data.openaddresses.io/runs/2026-07-18-13-32-19/output/national_seating_mobility.geojson
National Tiles,,au,national_tiles_au,https://alltheplaces.xyz/spiders.html?page_length=-1&num_runs=1,52,,https://alltheplaces-data.openaddresses.io/runs/2026-07-18-13-32-19/output/national_tiles_au.geojson
National Tire & Battery,,us,ntb_us,https://alltheplaces.xyz/spiders.html?page_length=-1&num_runs=1,,,https://alltheplaces-data.openaddresses.io/runs/2026-07-18-13-32-19/output/ntb_us.geojson
National Trust,,gb,national_trust_gb,https://alltheplaces.xyz/spiders.html?page_length=-1&num_runs=1,619,,https://alltheplaces-data.openaddresses.io/runs/2026-07-18-13-32-19/output/national_trust_gb.geojson
National Trust Scotland,,gb,national_trust_scotland_gb,https://alltheplaces.xyz/spiders.html?page_length=-1&num_runs=1,83,,https://alltheplaces-data.openaddresses.io/runs/2026-07-18-13-32-19/output/national_trust_scotland_gb.geojson
National Tyres & Autocare,,gb,national_tyres_and_autocare_gb,https://alltheplaces.xyz/spiders.html?page_length=-1&num_runs=1,134,,https://alltheplaces-data.openaddresses.io/runs/2026-07-18-13-32-19/output/national_tyres_and_autocare_gb.geojson
National Windscreens,,gb,national_windscreens_gb,https://alltheplaces.xyz/spiders.html?page_length=-1&num_runs=1,98,,https://alltheplaces-data.openaddresses.io/runs/2026-07-18-13-32-19/output/national_windscreens_gb.geojson
Nationwide,,gb,nationwide_gb,https://alltheplaces.xyz/spiders.html?page_length=-1&num_runs=1,767,,https://alltheplaces-data.openaddresses.io/runs/2026-07-18-13-32-19/output/nationwide_gb.geojson
Natixis,,,natixis,https://alltheplaces.xyz/spiders.html?page_length=-1&num_runs=1,27,,https://alltheplaces-data.openaddresses.io/runs/2026-07-18-13-32-19/output/natixis.geojson
Natural Grocers,,us,natural_grocers_us,https://alltheplaces.xyz/spiders.html?page_length=-1&num_runs=1,176,,https://alltheplaces-data.openaddresses.io/runs/2026-07-18-13-32-19/output/natural_grocers_us.geojson
Natuzzi,,,natuzzi,https://alltheplaces.xyz/spiders.html?page_length=-1&num_runs=1,151,,https://alltheplaces-data.openaddresses.io/runs/2026-07-18-13-32-19/output/natuzzi.geojson
NCP,,gb,ncp_gb,https://alltheplaces.xyz/spiders.html?page_length=-1&num_runs=1,269,,https://alltheplaces-data.openaddresses.io/runs/2026-07-18-13-32-19/output/ncp_gb.geojson
Netto Les Mousquetaires,,,netto_les_mousquetaires,https://alltheplaces.xyz/spiders.html?page_length=-1&num_runs=1,,,https://alltheplaces-data.openaddresses.io/runs/2026-07-18-13-32-19/output/netto_les_mousquetaires.geojson
Netto Salling,,,netto_salling,https://alltheplaces.xyz/spiders.html?page_length=-1&num_runs=1,"1,622",,https://alltheplaces-data.openaddresses.io/runs/2026-07-18-13-32-19/output/netto_salling.geojson
Neuhaus,,,neuhaus,https://alltheplaces.xyz/spiders.html?page_length=-1&num_runs=1,33,,https://alltheplaces-data.openaddresses.io/runs/2026-07-18-13-32-19/output/neuhaus.geojson
Neuroth,,,neuroth,https://alltheplaces.xyz/spiders.html?page_length=-1&num_runs=1,,,https://alltheplaces-data.openaddresses.io/runs/2026-07-18-13-32-19/output/neuroth.geojson
Neverland,,au,neverland_au,https://alltheplaces.xyz/spiders.html?page_length=-1&num_runs=1,30,,https://alltheplaces-data.openaddresses.io/runs/2026-07-18-13-32-19/output/neverland_au.geojson
New Hampshire Liquor & Wine,,us,new_hampshire_liquor_and_wine_us,https://alltheplaces.xyz/spiders.html?page_length=-1&num_runs=1,,,https://alltheplaces-data.openaddresses.io/runs/2026-07-18-13-32-19/output/new_hampshire_liquor_and_wine_us.geojson
New Look,,gb,new_look_gb,https://alltheplaces.xyz/spiders.html?page_length=-1&num_runs=1,,,https://alltheplaces-data.openaddresses.io/runs/2026-07-18-13-32-19/output/new_look_gb.geojson
New Seasons Market,,us,new_seasons_market_us,https://alltheplaces.xyz/spiders.html?page_length=-1&num_runs=1,22,,https://alltheplaces-data.openaddresses.io/runs/2026-07-18-13-32-19/output/new_seasons_market_us.geojson
Newspower,,au,newspower_au,https://alltheplaces.xyz/spiders.html?page_length=-1&num_runs=1,302,,https://alltheplaces-data.openaddresses.io/runs/2026-07-18-13-32-19/output/newspower_au.geojson
Newyorker,,,newyorker,https://alltheplaces.xyz/spiders.html?page_length=-1&num_runs=1,"1,365",,https://alltheplaces-data.openaddresses.io/runs/2026-07-18-13-32-19/output/newyorker.geojson
Next,,,next,https://alltheplaces.xyz/spiders.html?page_length=-1&num_runs=1,,,https://alltheplaces-data.openaddresses.io/runs/2026-07-18-13-32-19/output/next.geojson
Nhs Scotland,,gb,nhs_scotland_gb,https://alltheplaces.xyz/spiders.html?page_length=-1&num_runs=1,"3,814",,https://alltheplaces-data.openaddresses.io/runs/2026-07-18-13-32-19/output/nhs_scotland_gb.geojson
Nicholsons Pubs,,gb,nicholsons_pubs_gb,https://alltheplaces.xyz/spiders.html?page_length=-1&num_runs=1,79,,https://alltheplaces-data.openaddresses.io/runs/2026-07-18-13-32-19/output/nicholsons_pubs_gb.geojson
Nicolas,,,nicolas,https://alltheplaces.xyz/spiders.html?page_length=-1&num_runs=1,543,,https://alltheplaces-data.openaddresses.io/runs/2026-07-18-13-32-19/output/nicolas.geojson
Night Owl,,au,night_owl_au,https://alltheplaces.xyz/spiders.html?page_length=-1&num_runs=1,74,,https://alltheplaces-data.openaddresses.io/runs/2026-07-18-13-32-19/output/night_owl_au.geojson
Ninety Nine Restaurant,,us,ninety_nine_restaurant_us,https://alltheplaces.xyz/spiders.html?page_length=-1&num_runs=1,93,,https://alltheplaces-data.openaddresses.io/runs/2026-07-18-13-32-19/output/ninety_nine_restaurant_us.geojson
Nisalocal,,gb,nisalocal_gb,https://alltheplaces.xyz/spiders.html?page_length=-1&num_runs=1,"1,023",,https://alltheplaces-data.openaddresses.io/runs/2026-07-18-13-32-19/output/nisalocal_gb.geojson
Nissan,,,nissan,https://alltheplaces.xyz/spiders.html?page_length=-1&num_runs=1,"9,662",Dealer,https://alltheplaces-data.openaddresses.io/runs/2026-07-18-13-32-19/output/nissan.geojson
Nkd,,,nkd,https://alltheplaces.xyz/spiders.html?page_length=-1&num_runs=1,"2,166",,https://alltheplaces-data.openaddresses.io/runs/2026-07-18-13-32-19/output/nkd.geojson
Noahs Bagels,,us,noahs_bagels_us,https://alltheplaces.xyz/spiders.html?page_length=-1&num_runs=1,55,,https://alltheplaces-data.openaddresses.io/runs/2026-07-18-13-32-19/output/noahs_bagels_us.geojson
Nordsee,,,nordsee,https://alltheplaces.xyz/spiders.html?page_length=-1&num_runs=1,203,,https://alltheplaces-data.openaddresses.io/runs/2026-07-18-13-32-19/output/nordsee.geojson
Normal,,,normal,https://alltheplaces.xyz/spiders.html?page_length=-1&num_runs=1,"1,089",,https://alltheplaces-data.openaddresses.io/runs/2026-07-18-13-32-19/output/normal.geojson
Northern California Breweries,,,northern_california_breweries,https://alltheplaces.xyz/spiders.html?page_length=-1&num_runs=1,343,,https://alltheplaces-data.openaddresses.io/runs/2026-07-18-13-32-19/output/northern_california_breweries.geojson
Northern Railway,,gb,northern_railway_gb,https://alltheplaces.xyz/spiders.html?page_length=-1&num_runs=1,533,,https://alltheplaces-data.openaddresses.io/runs/2026-07-18-13-32-19/output/northern_railway_gb.geojson
Northside Hospital,,us,northside_hospital_us,https://alltheplaces.xyz/spiders.html?page_length=-1&num_runs=1,,,https://alltheplaces-data.openaddresses.io/runs/2026-07-18-13-32-19/output/northside_hospital_us.geojson
Northwest Bank,,,northwest_bank,https://alltheplaces.xyz/spiders.html?page_length=-1&num_runs=1,187,,https://alltheplaces-data.openaddresses.io/runs/2026-07-18-13-32-19/output/northwest_bank.geojson
Nouria,,us,nouria_us,https://alltheplaces.xyz/spiders.html?page_length=-1&num_runs=1,226,,https://alltheplaces-data.openaddresses.io/runs/2026-07-18-13-32-19/output/nouria_us.geojson
Novo,,au,novo_au,https://alltheplaces.xyz/spiders.html?page_length=-1&num_runs=1,96,,https://alltheplaces-data.openaddresses.io/runs/2026-07-18-13-32-19/output/novo_au.geojson
Nslc,,ca,nslc_ca,https://alltheplaces.xyz/spiders.html?page_length=-1&num_runs=1,,,https://alltheplaces-data.openaddresses.io/runs/2026-07-18-13-32-19/output/nslc_ca.geojson
Nuna Lie,,,nuna_lie,https://alltheplaces.xyz/spiders.html?page_length=-1&num_runs=1,135,,https://alltheplaces-data.openaddresses.io/runs/2026-07-18-13-32-19/output/nuna_lie.geojson
Nutrition House,,ca,nutrition_house_ca,https://alltheplaces.xyz/spiders.html?page_length=-1&num_runs=1,22,,https://alltheplaces-data.openaddresses.io/runs/2026-07-18-13-32-19/output/nutrition_house_ca.geojson
Nutrition Warehouse,,au,nutrition_warehouse_au,https://alltheplaces.xyz/spiders.html?page_length=-1&num_runs=1,122,,https://alltheplaces-data.openaddresses.io/runs/2026-07-18-13-32-19/output/nutrition_warehouse_au.geojson
O Tacos,,,o_tacos,https://alltheplaces.xyz/spiders.html?page_length=-1&num_runs=1,,,https://alltheplaces-data.openaddresses.io/runs/2026-07-18-13-32-19/output/o_tacos.geojson
O2,,gb,o2_gb,https://alltheplaces.xyz/spiders.html?page_length=-1&num_runs=1,301,,https://alltheplaces-data.openaddresses.io/runs/2026-07-18-13-32-19/output/o2_gb.geojson
Oak Furnitureland,,,oak_furnitureland,https://alltheplaces.xyz/spiders.html?page_length=-1&num_runs=1,,,https://alltheplaces-data.openaddresses.io/runs/2026-07-18-13-32-19/output/oak_furnitureland.geojson
Oakley,,,oakley,https://alltheplaces.xyz/spiders.html?page_length=-1&num_runs=1,184,,https://alltheplaces-data.openaddresses.io/runs/2026-07-18-13-32-19/output/oakley.geojson
Ocean Basket,,,ocean_basket_1,https://alltheplaces.xyz/spiders.html?page_length=-1&num_runs=1,154,,https://alltheplaces-data.openaddresses.io/runs/2026-07-18-13-32-19/output/ocean_basket_1.geojson
Ocean Basket,,,ocean_basket_2,https://alltheplaces.xyz/spiders.html?page_length=-1&num_runs=1,7,,https://alltheplaces-data.openaddresses.io/runs/2026-07-18-13-32-19/output/ocean_basket_2.geojson
O'charley's,,us,ocharleys_us,https://alltheplaces.xyz/spiders.html?page_length=-1&num_runs=1,46,,https://alltheplaces-data.openaddresses.io/runs/2026-07-18-13-32-19/output/ocharleys_us.geojson
Od Store,,,od_store,https://alltheplaces.xyz/spiders.html?page_length=-1&num_runs=1,117,,https://alltheplaces-data.openaddresses.io/runs/2026-07-18-13-32-19/output/od_store.geojson
Odeon,,gb,odeon_gb,https://alltheplaces.xyz/spiders.html?page_length=-1&num_runs=1,,,https://alltheplaces-data.openaddresses.io/runs/2026-07-18-13-32-19/output/odeon_gb.geojson
Office,,,office,https://alltheplaces.xyz/spiders.html?page_length=-1&num_runs=1,95,,https://alltheplaces-data.openaddresses.io/runs/2026-07-18-13-32-19/output/office.geojson
Officeworks,,au,officeworks_au,https://alltheplaces.xyz/spiders.html?page_length=-1&num_runs=1,175,,https://alltheplaces-data.openaddresses.io/runs/2026-07-18-13-32-19/output/officeworks_au.geojson
Ok Foods,,,ok_foods,https://alltheplaces.xyz/spiders.html?page_length=-1&num_runs=1,587,,https://alltheplaces-data.openaddresses.io/runs/2026-07-18-13-32-19/output/ok_foods.geojson
Ok Furniture,,,ok_furniture,https://alltheplaces.xyz/spiders.html?page_length=-1&num_runs=1,295,,https://alltheplaces-data.openaddresses.io/runs/2026-07-18-13-32-19/output/ok_furniture.geojson
Old Chicago,,us,old_chicago_us,https://alltheplaces.xyz/spiders.html?page_length=-1&num_runs=1,,,https://alltheplaces-data.openaddresses.io/runs/2026-07-18-13-32-19/output/old_chicago_us.geojson
Old National Bank,,us,old_national_bank_us,https://alltheplaces.xyz/spiders.html?page_length=-1&num_runs=1,347,,https://alltheplaces-data.openaddresses.io/runs/2026-07-18-13-32-19/output/old_national_bank_us.geojson
Old Wild West,,,old_wild_west,https://alltheplaces.xyz/spiders.html?page_length=-1&num_runs=1,258,,https://alltheplaces-data.openaddresses.io/runs/2026-07-18-13-32-19/output/old_wild_west.geojson
Olive Garden,,,olive_garden,https://alltheplaces.xyz/spiders.html?page_length=-1&num_runs=1,,,https://alltheplaces-data.openaddresses.io/runs/2026-07-18-13-32-19/output/olive_garden.geojson
Ollies Bargain Outlet,,,ollies_bargain_outlet,https://alltheplaces.xyz/spiders.html?page_length=-1&num_runs=1,,,https://alltheplaces-data.openaddresses.io/runs/2026-07-18-13-32-19/output/ollies_bargain_outlet.geojson
Ollies Place,,au,ollies_place_au,https://alltheplaces.xyz/spiders.html?page_length=-1&num_runs=1,46,,https://alltheplaces-data.openaddresses.io/runs/2026-07-18-13-32-19/output/ollies_place_au.geojson
Omegawatches,,,omegawatches,https://alltheplaces.xyz/spiders.html?page_length=-1&num_runs=1,431,,https://alltheplaces-data.openaddresses.io/runs/2026-07-18-13-32-19/output/omegawatches.geojson
Omni Hotels,,,omni_hotels,https://alltheplaces.xyz/spiders.html?page_length=-1&num_runs=1,,,https://alltheplaces-data.openaddresses.io/runs/2026-07-18-13-32-19/output/omni_hotels.geojson
Omniva,,,omniva,https://alltheplaces.xyz/spiders.html?page_length=-1&num_runs=1,"1,415",,https://alltheplaces-data.openaddresses.io/runs/2026-07-18-13-32-19/output/omniva.geojson
Omv,,,omv,https://alltheplaces.xyz/spiders.html?page_length=-1&num_runs=1,"1,676",,https://alltheplaces-data.openaddresses.io/runs/2026-07-18-13-32-19/output/omv.geojson
One Medical,,us,one_medical_us,https://alltheplaces.xyz/spiders.html?page_length=-1&num_runs=1,213,,https://alltheplaces-data.openaddresses.io/runs/2026-07-18-13-32-19/output/one_medical_us.geojson
Opentransportdata Swiss,,,opentransportdata_swiss,https://alltheplaces.xyz/spiders.html?page_length=-1&num_runs=1,,,https://alltheplaces-data.openaddresses.io/runs/2026-07-18-13-32-19/output/opentransportdata_swiss.geojson
Oporto,,au,oporto_au,https://alltheplaces.xyz/spiders.html?page_length=-1&num_runs=1,249,,https://alltheplaces-data.openaddresses.io/runs/2026-07-18-13-32-19/output/oporto_au.geojson
Optical Center,,,optical_center,https://alltheplaces.xyz/spiders.html?page_length=-1&num_runs=1,916,,https://alltheplaces-data.openaddresses.io/runs/2026-07-18-13-32-19/output/optical_center.geojson
Optical Express,,gb,optical_express_gb,https://alltheplaces.xyz/spiders.html?page_length=-1&num_runs=1,108,,https://alltheplaces-data.openaddresses.io/runs/2026-07-18-13-32-19/output/optical_express_gb.geojson
Origin Toshu,,,origin_toshu,https://alltheplaces.xyz/spiders.html?page_length=-1&num_runs=1,548,,https://alltheplaces-data.openaddresses.io/runs/2026-07-18-13-32-19/output/origin_toshu.geojson
Original Tommys,,,original_tommys,https://alltheplaces.xyz/spiders.html?page_length=-1&num_runs=1,33,,https://alltheplaces-data.openaddresses.io/runs/2026-07-18-13-32-19/output/original_tommys.geojson
Orlen,,,orlen,https://alltheplaces.xyz/spiders.html?page_length=-1&num_runs=1,"3,137",,https://alltheplaces-data.openaddresses.io/runs/2026-07-18-13-32-19/output/orlen.geojson
Osprey,,gb,osprey_gb,https://alltheplaces.xyz/spiders.html?page_length=-1&num_runs=1,408,,https://alltheplaces-data.openaddresses.io/runs/2026-07-18-13-32-19/output/osprey_gb.geojson
Ostello Bello,,,ostello_bello,https://alltheplaces.xyz/spiders.html?page_length=-1&num_runs=1,10,,https://alltheplaces-data.openaddresses.io/runs/2026-07-18-13-32-19/output/ostello_bello.geojson
Otr,,au,otr_au,https://alltheplaces.xyz/spiders.html?page_length=-1&num_runs=1,229,,https://alltheplaces-data.openaddresses.io/runs/2026-07-18-13-32-19/output/otr_au.geojson
Outdoor Supply Hardware,,us,outdoor_supply_hardware_us,https://alltheplaces.xyz/spiders.html?page_length=-1&num_runs=1,13,,https://alltheplaces-data.openaddresses.io/runs/2026-07-18-13-32-19/output/outdoor_supply_hardware_us.geojson
Oxfam,,gb,oxfam_gb,https://alltheplaces.xyz/spiders.html?page_length=-1&num_runs=1,506,,https://alltheplaces-data.openaddresses.io/runs/2026-07-18-13-32-19/output/oxfam_gb.geojson
Oxfam Ireland,,,oxfam_ireland,https://alltheplaces.xyz/spiders.html?page_length=-1&num_runs=1,44,,https://alltheplaces-data.openaddresses.io/runs/2026-07-18-13-32-19/output/oxfam_ireland.geojson
Oxford,,au,oxford_au,https://alltheplaces.xyz/spiders.html?page_length=-1&num_runs=1,22,,https://alltheplaces-data.openaddresses.io/runs/2026-07-18-13-32-19/output/oxford_au.geojson
Oxford Learning,,,oxford_learning,https://alltheplaces.xyz/spiders.html?page_length=-1&num_runs=1,142,,https://alltheplaces-data.openaddresses.io/runs/2026-07-18-13-32-19/output/oxford_learning.geojson
Oyo,,,oyo,https://alltheplaces.xyz/spiders.html?page_length=-1&num_runs=1,"9,792",,https://alltheplaces-data.openaddresses.io/runs/2026-07-18-13-32-19/output/oyo.geojson
P Terrys,,us,p_terrys_us,https://alltheplaces.xyz/spiders.html?page_length=-1&num_runs=1,37,,https://alltheplaces-data.openaddresses.io/runs/2026-07-18-13-32-19/output/p_terrys_us.geojson
Paint Spot,,au,paint_spot_au,https://alltheplaces.xyz/spiders.html?page_length=-1&num_runs=1,,,https://alltheplaces-data.openaddresses.io/runs/2026-07-18-13-32-19/output/paint_spot_au.geojson
Palcloset,,,palcloset,https://alltheplaces.xyz/spiders.html?page_length=-1&num_runs=1,"1,172",,https://alltheplaces-data.openaddresses.io/runs/2026-07-18-13-32-19/output/palcloset.geojson
Panarottis,,,panarottis,https://alltheplaces.xyz/spiders.html?page_length=-1&num_runs=1,129,,https://alltheplaces-data.openaddresses.io/runs/2026-07-18-13-32-19/output/panarottis.geojson
Papa Johns,,ae,papa_johns_ae,https://alltheplaces.xyz/spiders.html?page_length=-1&num_runs=1,99,,https://alltheplaces-data.openaddresses.io/runs/2026-07-18-13-32-19/output/papa_johns_ae.geojson
Paris Baguette,,ca,paris_baguette_ca,https://alltheplaces.xyz/spiders.html?page_length=-1&num_runs=1,17,,https://alltheplaces-data.openaddresses.io/runs/2026-07-18-13-32-19/output/paris_baguette_ca.geojson
Parkbee,,,parkbee,https://alltheplaces.xyz/spiders.html?page_length=-1&num_runs=1,536,,https://alltheplaces-data.openaddresses.io/runs/2026-07-18-13-32-19/output/parkbee.geojson
Patisserie Valerie,,gb,patisserie_valerie_gb,https://alltheplaces.xyz/spiders.html?page_length=-1&num_runs=1,7,,https://alltheplaces-data.openaddresses.io/runs/2026-07-18-13-32-19/output/patisserie_valerie_gb.geojson
Paul,,gb,paul_gb,https://alltheplaces.xyz/spiders.html?page_length=-1&num_runs=1,31,,https://alltheplaces-data.openaddresses.io/runs/2026-07-18-13-32-19/output/paul_gb.geojson
Pavers,,gb,pavers_gb,https://alltheplaces.xyz/spiders.html?page_length=-1&num_runs=1,,,https://alltheplaces-data.openaddresses.io/runs/2026-07-18-13-32-19/output/pavers_gb.geojson
PDQ,,us,pdq_us,https://alltheplaces.xyz/spiders.html?page_length=-1&num_runs=1,29,,https://alltheplaces-data.openaddresses.io/runs/2026-07-18-13-32-19/output/pdq_us.geojson
Peacocks,,gb,peacocks_gb,https://alltheplaces.xyz/spiders.html?page_length=-1&num_runs=1,338,,https://alltheplaces-data.openaddresses.io/runs/2026-07-18-13-32-19/output/peacocks_gb.geojson
Pedders Suspension & Brakes,,au,pedders_suspension_and_brakes_au,https://alltheplaces.xyz/spiders.html?page_length=-1&num_runs=1,,,https://alltheplaces-data.openaddresses.io/runs/2026-07-18-13-32-19/output/pedders_suspension_and_brakes_au.geojson
Pedros,,,pedros,https://alltheplaces.xyz/spiders.html?page_length=-1&num_runs=1,211,,https://alltheplaces-data.openaddresses.io/runs/2026-07-18-13-32-19/output/pedros.geojson
Penningtons,,ca,penningtons_ca,https://alltheplaces.xyz/spiders.html?page_length=-1&num_runs=1,,,https://alltheplaces-data.openaddresses.io/runs/2026-07-18-13-32-19/output/penningtons_ca.geojson
Penny,,,penny,https://alltheplaces.xyz/spiders.html?page_length=-1&num_runs=1,"1,929",,https://alltheplaces-data.openaddresses.io/runs/2026-07-18-13-32-19/output/penny.geojson
Penske,,,penske,https://alltheplaces.xyz/spiders.html?page_length=-1&num_runs=1,"1,774",,https://alltheplaces-data.openaddresses.io/runs/2026-07-18-13-32-19/output/penske.geojson
Penzey's,,us,penzeys_us,https://alltheplaces.xyz/spiders.html?page_length=-1&num_runs=1,47,,https://alltheplaces-data.openaddresses.io/runs/2026-07-18-13-32-19/output/penzeys_us.geojson
People's Bank,,us,peoples_bank_us,https://alltheplaces.xyz/spiders.html?page_length=-1&num_runs=1,148,,https://alltheplaces-data.openaddresses.io/runs/2026-07-18-13-32-19/output/peoples_bank_us.geojson
Pep,,,pep,https://alltheplaces.xyz/spiders.html?page_length=-1&num_runs=1,"2,802",,https://alltheplaces-data.openaddresses.io/runs/2026-07-18-13-32-19/output/pep.geojson
Pep Ao,,ao,pep_ao,https://alltheplaces.xyz/spiders.html?page_length=-1&num_runs=1,64,,https://alltheplaces-data.openaddresses.io/runs/2026-07-18-13-32-19/output/pep_ao.geojson
Pepes Piri Piri,,gb,pepes_piri_piri_gb,https://alltheplaces.xyz/spiders.html?page_length=-1&num_runs=1,273,,https://alltheplaces-data.openaddresses.io/runs/2026-07-18-13-32-19/output/pepes_piri_piri_gb.geojson
Pepperonis,,us,pepperonis_us,https://alltheplaces.xyz/spiders.html?page_length=-1&num_runs=1,20,,https://alltheplaces-data.openaddresses.io/runs/2026-07-18-13-32-19/output/pepperonis_us.geojson
Pet Paradise,,,pet_paradise,https://alltheplaces.xyz/spiders.html?page_length=-1&num_runs=1,64,,https://alltheplaces-data.openaddresses.io/runs/2026-07-18-13-32-19/output/pet_paradise.geojson
Pet Suites,,us,pet_suites_us,https://alltheplaces.xyz/spiders.html?page_length=-1&num_runs=1,94,,https://alltheplaces-data.openaddresses.io/runs/2026-07-18-13-32-19/output/pet_suites_us.geojson
Pet Valu,,ca,pet_valu_ca,https://alltheplaces.xyz/spiders.html?page_length=-1&num_runs=1,500,,https://alltheplaces-data.openaddresses.io/runs/2026-07-18-13-32-19/output/pet_valu_ca.geojson
Petro Canada,,ca,petro_canada_ca,https://alltheplaces.xyz/spiders.html?page_length=-1&num_runs=1,,,https://alltheplaces-data.openaddresses.io/runs/2026-07-18-13-32-19/output/petro_canada_ca.geojson
Petro Pass,,ca,petro_pass_ca,https://alltheplaces.xyz/spiders.html?page_length=-1&num_runs=1,,,https://alltheplaces-data.openaddresses.io/runs/2026-07-18-13-32-19/output/petro_pass_ca.geojson
Petrocity,,ug,petrocity_ke_ug,https://alltheplaces.xyz/spiders.html?page_length=-1&num_runs=1,30,,https://alltheplaces-data.openaddresses.io/runs/2026-07-18-13-32-19/output/petrocity_ke_ug.geojson
Petrol,,,petrol,https://alltheplaces.xyz/spiders.html?page_length=-1&num_runs=1,591,,https://alltheplaces-data.openaddresses.io/runs/2026-07-18-13-32-19/output/petrol.geojson
Petstock,,au,petstock_au,https://alltheplaces.xyz/spiders.html?page_length=-1&num_runs=1,261,,https://alltheplaces-data.openaddresses.io/runs/2026-07-18-13-32-19/output/petstock_au.geojson
Peugeot,,,peugeot,https://alltheplaces.xyz/spiders.html?page_length=-1&num_runs=1,"3,151",Dealer,https://alltheplaces-data.openaddresses.io/runs/2026-07-18-13-32-19/output/peugeot.geojson
Pf Changs,,,pf_changs,https://alltheplaces.xyz/spiders.html?page_length=-1&num_runs=1,206,,https://alltheplaces-data.openaddresses.io/runs/2026-07-18-13-32-19/output/pf_changs.geojson
Pharma Choice,,ca,pharma_choice_ca,https://alltheplaces.xyz/spiders.html?page_length=-1&num_runs=1,843,,https://alltheplaces-data.openaddresses.io/runs/2026-07-18-13-32-19/output/pharma_choice_ca.geojson
Pharmacy 4 Less,,au,pharmacy_4_less_au,https://alltheplaces.xyz/spiders.html?page_length=-1&num_runs=1,49,,https://alltheplaces-data.openaddresses.io/runs/2026-07-18-13-32-19/output/pharmacy_4_less_au.geojson
Pharmasave,,au,pharmasave_au,https://alltheplaces.xyz/spiders.html?page_length=-1&num_runs=1,6,,https://alltheplaces-data.openaddresses.io/runs/2026-07-18-13-32-19/output/pharmasave_au.geojson
Pharmasave,,ca,pharmasave_ca,https://alltheplaces.xyz/spiders.html?page_length=-1&num_runs=1,911,,https://alltheplaces-data.openaddresses.io/runs/2026-07-18-13-32-19/output/pharmasave_ca.geojson
Philz Coffee,,us,philz_coffee_us,https://alltheplaces.xyz/spiders.html?page_length=-1&num_runs=1,85,,https://alltheplaces-data.openaddresses.io/runs/2026-07-18-13-32-19/output/philz_coffee_us.geojson
Photome,,gb,photome_gb,https://alltheplaces.xyz/spiders.html?page_length=-1&num_runs=1,"3,553",,https://alltheplaces-data.openaddresses.io/runs/2026-07-18-13-32-19/output/photome_gb.geojson
Piada,,us,piada_us,https://alltheplaces.xyz/spiders.html?page_length=-1&num_runs=1,62,,https://alltheplaces-data.openaddresses.io/runs/2026-07-18-13-32-19/output/piada_us.geojson
Pick N Pay,,,pick_n_pay,https://alltheplaces.xyz/spiders.html?page_length=-1&num_runs=1,"2,423",,https://alltheplaces-data.openaddresses.io/runs/2026-07-18-13-32-19/output/pick_n_pay.geojson
Pillow Talk,,au,pillow_talk_au,https://alltheplaces.xyz/spiders.html?page_length=-1&num_runs=1,77,,https://alltheplaces-data.openaddresses.io/runs/2026-07-18-13-32-19/output/pillow_talk_au.geojson
Pioneer,,ca,pioneer_ca,https://alltheplaces.xyz/spiders.html?page_length=-1&num_runs=1,211,,https://alltheplaces-data.openaddresses.io/runs/2026-07-18-13-32-19/output/pioneer_ca.geojson
Pizza Express,,ae,pizza_express_ae,https://alltheplaces.xyz/spiders.html?page_length=-1&num_runs=1,11,,https://alltheplaces-data.openaddresses.io/runs/2026-07-18-13-32-19/output/pizza_express_ae.geojson
Pizza Express,,gb,pizza_express_gb,https://alltheplaces.xyz/spiders.html?page_length=-1&num_runs=1,343,Franchise,https://alltheplaces-data.openaddresses.io/runs/2026-07-18-13-32-19/output/pizza_express_gb.geojson
Pizza Gogo,,gb,pizza_gogo_gb,https://alltheplaces.xyz/spiders.html?page_length=-1&num_runs=1,147,,https://alltheplaces-data.openaddresses.io/runs/2026-07-18-13-32-19/output/pizza_gogo_gb.geojson
Pizza Hut,,gb,pizza_hut_gb,https://alltheplaces.xyz/spiders.html?page_length=-1&num_runs=1,508,Franchise,https://alltheplaces-data.openaddresses.io/runs/2026-07-18-13-32-19/output/pizza_hut_gb.geojson
Places Leisure,,gb,places_leisure_gb,https://alltheplaces.xyz/spiders.html?page_length=-1&num_runs=1,,,https://alltheplaces-data.openaddresses.io/runs/2026-07-18-13-32-19/output/places_leisure_gb.geojson
Plus Fitness,,,plus_fitness,https://alltheplaces.xyz/spiders.html?page_length=-1&num_runs=1,244,,https://alltheplaces-data.openaddresses.io/runs/2026-07-18-13-32-19/output/plus_fitness.geojson
Pod Point,,,pod_point,https://alltheplaces.xyz/spiders.html?page_length=-1&num_runs=1,,,https://alltheplaces-data.openaddresses.io/runs/2026-07-18-13-32-19/output/pod_point.geojson
Pokawa,,,pokawa,https://alltheplaces.xyz/spiders.html?page_length=-1&num_runs=1,,,https://alltheplaces-data.openaddresses.io/runs/2026-07-18-13-32-19/output/pokawa.geojson
Politix,,au,politix_au,https://alltheplaces.xyz/spiders.html?page_length=-1&num_runs=1,26,,https://alltheplaces-data.openaddresses.io/runs/2026-07-18-13-32-19/output/politix_au.geojson
Pollo Tropical,,us,pollo_tropical_us,https://alltheplaces.xyz/spiders.html?page_length=-1&num_runs=1,122,,https://alltheplaces-data.openaddresses.io/runs/2026-07-18-13-32-19/output/pollo_tropical_us.geojson
Ponderosa Bonanza Steakhouse,,us,ponderosa_bonanza_steakhouse_us,https://alltheplaces.xyz/spiders.html?page_length=-1&num_runs=1,21,,https://alltheplaces-data.openaddresses.io/runs/2026-07-18-13-32-19/output/ponderosa_bonanza_steakhouse_us.geojson
Pop Mart,,,pop_mart,https://alltheplaces.xyz/spiders.html?page_length=-1&num_runs=1,385,,https://alltheplaces-data.openaddresses.io/runs/2026-07-18-13-32-19/output/pop_mart.geojson
Popeyes,,ae,popeyes_ae,https://alltheplaces.xyz/spiders.html?page_length=-1&num_runs=1,38,,https://alltheplaces-data.openaddresses.io/runs/2026-07-18-13-32-19/output/popeyes_ae.geojson
Popeyes,,gb,popeyes_gb,https://alltheplaces.xyz/spiders.html?page_length=-1&num_runs=1,124,,https://alltheplaces-data.openaddresses.io/runs/2026-07-18-13-32-19/output/popeyes_gb.geojson
Porsche,,,porsche,https://alltheplaces.xyz/spiders.html?page_length=-1&num_runs=1,"1,816",Dealer,https://alltheplaces-data.openaddresses.io/runs/2026-07-18-13-32-19/output/porsche.geojson
Portillos,,,portillos,https://alltheplaces.xyz/spiders.html?page_length=-1&num_runs=1,110,,https://alltheplaces-data.openaddresses.io/runs/2026-07-18-13-32-19/output/portillos.geojson
Potters Ace Home Center,,us,potters_ace_home_center_us,https://alltheplaces.xyz/spiders.html?page_length=-1&num_runs=1,21,,https://alltheplaces-data.openaddresses.io/runs/2026-07-18-13-32-19/output/potters_ace_home_center_us.geojson
Poundbakery,,gb,poundbakery_gb,https://alltheplaces.xyz/spiders.html?page_length=-1&num_runs=1,61,,https://alltheplaces-data.openaddresses.io/runs/2026-07-18-13-32-19/output/poundbakery_gb.geojson
Premier,,gb,premier_gb,https://alltheplaces.xyz/spiders.html?page_length=-1&num_runs=1,"5,181",,https://alltheplaces-data.openaddresses.io/runs/2026-07-18-13-32-19/output/premier_gb.geojson
Premier Inn,,,premier_inn,https://alltheplaces.xyz/spiders.html?page_length=-1&num_runs=1,"1,436",,https://alltheplaces-data.openaddresses.io/runs/2026-07-18-13-32-19/output/premier_inn.geojson
Pressed,,us,pressed_us,https://alltheplaces.xyz/spiders.html?page_length=-1&num_runs=1,41,,https://alltheplaces-data.openaddresses.io/runs/2026-07-18-13-32-19/output/pressed_us.geojson
Pricerite,,us,pricerite_us,https://alltheplaces.xyz/spiders.html?page_length=-1&num_runs=1,53,,https://alltheplaces-data.openaddresses.io/runs/2026-07-18-13-32-19/output/pricerite_us.geojson
Pricewaterhousecoopers,,,pricewaterhousecoopers,https://alltheplaces.xyz/spiders.html?page_length=-1&num_runs=1,612,,https://alltheplaces-data.openaddresses.io/runs/2026-07-18-13-32-19/output/pricewaterhousecoopers.geojson
Primanti Bros,,us,primanti_bros_us,https://alltheplaces.xyz/spiders.html?page_length=-1&num_runs=1,41,,https://alltheplaces-data.openaddresses.io/runs/2026-07-18-13-32-19/output/primanti_bros_us.geojson
Principality,,gb,principality_gb,https://alltheplaces.xyz/spiders.html?page_length=-1&num_runs=1,68,,https://alltheplaces-data.openaddresses.io/runs/2026-07-18-13-32-19/output/principality_gb.geojson
Proper Job,,gb,proper_job_gb,https://alltheplaces.xyz/spiders.html?page_length=-1&num_runs=1,,,https://alltheplaces-data.openaddresses.io/runs/2026-07-18-13-32-19/output/proper_job_gb.geojson
Protyre,,gb,protyre_gb,https://alltheplaces.xyz/spiders.html?page_length=-1&num_runs=1,222,,https://alltheplaces-data.openaddresses.io/runs/2026-07-18-13-32-19/output/protyre_gb.geojson
Puma,,,puma,https://alltheplaces.xyz/spiders.html?page_length=-1&num_runs=1,555,,https://alltheplaces-data.openaddresses.io/runs/2026-07-18-13-32-19/output/puma.geojson
Pur & Simple,,ca,pur_and_simple_ca,https://alltheplaces.xyz/spiders.html?page_length=-1&num_runs=1,,,https://alltheplaces-data.openaddresses.io/runs/2026-07-18-13-32-19/output/pur_and_simple_ca.geojson
Purdys Chocolatier,,ca,purdys_chocolatier_ca,https://alltheplaces.xyz/spiders.html?page_length=-1&num_runs=1,,,https://alltheplaces-data.openaddresses.io/runs/2026-07-18-13-32-19/output/purdys_chocolatier_ca.geojson
Q Park,,,q_park,https://alltheplaces.xyz/spiders.html?page_length=-1&num_runs=1,"1,186",,https://alltheplaces-data.openaddresses.io/runs/2026-07-18-13-32-19/output/q_park.geojson
Q8 Italia,,,q8_italia,https://alltheplaces.xyz/spiders.html?page_length=-1&num_runs=1,"2,865",,https://alltheplaces-data.openaddresses.io/runs/2026-07-18-13-32-19/output/q8_italia.geojson
Qbd Books,,au,qbd_books_au,https://alltheplaces.xyz/spiders.html?page_length=-1&num_runs=1,91,,https://alltheplaces-data.openaddresses.io/runs/2026-07-18-13-32-19/output/qbd_books_au.geojson
Qd Stores,,gb,qd_stores_gb,https://alltheplaces.xyz/spiders.html?page_length=-1&num_runs=1,30,,https://alltheplaces-data.openaddresses.io/runs/2026-07-18-13-32-19/output/qd_stores_gb.geojson
Qldtraffic,,au,qldtraffic_au,https://alltheplaces.xyz/spiders.html?page_length=-1&num_runs=1,260,,https://alltheplaces-data.openaddresses.io/runs/2026-07-18-13-32-19/output/qldtraffic_au.geojson
Quesada,,ca,quesada_ca,https://alltheplaces.xyz/spiders.html?page_length=-1&num_runs=1,223,,https://alltheplaces-data.openaddresses.io/runs/2026-07-18-13-32-19/output/quesada_ca.geojson
Ra Sushi,,us,ra_sushi_us,https://alltheplaces.xyz/spiders.html?page_length=-1&num_runs=1,13,,https://alltheplaces-data.openaddresses.io/runs/2026-07-18-13-32-19/output/ra_sushi_us.geojson
Rabba,,ca,rabba_ca,https://alltheplaces.xyz/spiders.html?page_length=-1&num_runs=1,36,,https://alltheplaces-data.openaddresses.io/runs/2026-07-18-13-32-19/output/rabba_ca.geojson
Race Trac,,us,race_trac_us,https://alltheplaces.xyz/spiders.html?page_length=-1&num_runs=1,859,,https://alltheplaces-data.openaddresses.io/runs/2026-07-18-13-32-19/output/race_trac_us.geojson
Radisson Hotels,,,radisson_hotels,https://alltheplaces.xyz/spiders.html?page_length=-1&num_runs=1,854,,https://alltheplaces-data.openaddresses.io/runs/2026-07-18-13-32-19/output/radisson_hotels.geojson
Radley,,gb,radley_gb,https://alltheplaces.xyz/spiders.html?page_length=-1&num_runs=1,,,https://alltheplaces-data.openaddresses.io/runs/2026-07-18-13-32-19/output/radley_gb.geojson
Rainbow Shops,,,rainbow_shops,https://alltheplaces.xyz/spiders.html?page_length=-1&num_runs=1,809,,https://alltheplaces-data.openaddresses.io/runs/2026-07-18-13-32-19/output/rainbow_shops.geojson
Rains,,,rains,https://alltheplaces.xyz/spiders.html?page_length=-1&num_runs=1,32,,https://alltheplaces-data.openaddresses.io/runs/2026-07-18-13-32-19/output/rains.geojson
Raising Canes,,us,raising_canes_us,https://alltheplaces.xyz/spiders.html?page_length=-1&num_runs=1,990,Franchise,https://alltheplaces-data.openaddresses.io/runs/2026-07-18-13-32-19/output/raising_canes_us.geojson
Rationale,,,rationale,https://alltheplaces.xyz/spiders.html?page_length=-1&num_runs=1,25,,https://alltheplaces-data.openaddresses.io/runs/2026-07-18-13-32-19/output/rationale.geojson
Rebel Architette,,,rebel_architette,https://alltheplaces.xyz/spiders.html?page_length=-1&num_runs=1,,,https://alltheplaces-data.openaddresses.io/runs/2026-07-18-13-32-19/output/rebel_architette.geojson
Red Lobster,,us,red_lobster_us,https://alltheplaces.xyz/spiders.html?page_length=-1&num_runs=1,,,https://alltheplaces-data.openaddresses.io/runs/2026-07-18-13-32-19/output/red_lobster_us.geojson
Red Rooster,,au,red_rooster_au,https://alltheplaces.xyz/spiders.html?page_length=-1&num_runs=1,323,Franchise,https://alltheplaces-data.openaddresses.io/runs/2026-07-18-13-32-19/output/red_rooster_au.geojson
Redners,,us,redners_us,https://alltheplaces.xyz/spiders.html?page_length=-1&num_runs=1,,,https://alltheplaces-data.openaddresses.io/runs/2026-07-18-13-32-19/output/redners_us.geojson
Reebok,,us,reebok_us,https://alltheplaces.xyz/spiders.html?page_length=-1&num_runs=1,49,,https://alltheplaces-data.openaddresses.io/runs/2026-07-18-13-32-19/output/reebok_us.geojson
Reece,,,reece,https://alltheplaces.xyz/spiders.html?page_length=-1&num_runs=1,513,,https://alltheplaces-data.openaddresses.io/runs/2026-07-18-13-32-19/output/reece.geojson
Refuel Double Quick,,us,refuel_double_quick_us,https://alltheplaces.xyz/spiders.html?page_length=-1&num_runs=1,187,,https://alltheplaces-data.openaddresses.io/runs/2026-07-18-13-32-19/output/refuel_double_quick_us.geojson
Regal Theaters,,,regal_theaters,https://alltheplaces.xyz/spiders.html?page_length=-1&num_runs=1,,,https://alltheplaces-data.openaddresses.io/runs/2026-07-18-13-32-19/output/regal_theaters.geojson
Regions Bank,,us,regions_bank_us,https://alltheplaces.xyz/spiders.html?page_length=-1&num_runs=1,4,,https://alltheplaces-data.openaddresses.io/runs/2026-07-18-13-32-19/output/regions_bank_us.geojson
Regis Salon,,,regis_salon,https://alltheplaces.xyz/spiders.html?page_length=-1&num_runs=1,,,https://alltheplaces-data.openaddresses.io/runs/2026-07-18-13-32-19/output/regis_salon.geojson
REI Outfitters,,us,rei_us,https://alltheplaces.xyz/spiders.html?page_length=-1&num_runs=1,194,,https://alltheplaces-data.openaddresses.io/runs/2026-07-18-13-32-19/output/rei_us.geojson
Relais & Chateaux,,,relais_and_chateaux,https://alltheplaces.xyz/spiders.html?page_length=-1&num_runs=1,470,,https://alltheplaces-data.openaddresses.io/runs/2026-07-18-13-32-19/output/relais_and_chateaux.geojson
Renault,,,renault,https://alltheplaces.xyz/spiders.html?page_length=-1&num_runs=1,"38,299",,https://alltheplaces-data.openaddresses.io/runs/2026-07-18-13-32-19/output/renault.geojson
Repsol,,,repsol,https://alltheplaces.xyz/spiders.html?page_length=-1&num_runs=1,"3,688",,https://alltheplaces-data.openaddresses.io/runs/2026-07-18-13-32-19/output/repsol.geojson
Retravision,,au,retravision_au,https://alltheplaces.xyz/spiders.html?page_length=-1&num_runs=1,,,https://alltheplaces-data.openaddresses.io/runs/2026-07-18-13-32-19/output/retravision_au.geojson
Riders By Lee,,au,riders_by_lee_au,https://alltheplaces.xyz/spiders.html?page_length=-1&num_runs=1,,,https://alltheplaces-data.openaddresses.io/runs/2026-07-18-13-32-19/output/riders_by_lee_au.geojson
Ridleys Family Markets,,,ridleys_family_markets,https://alltheplaces.xyz/spiders.html?page_length=-1&num_runs=1,,,https://alltheplaces-data.openaddresses.io/runs/2026-07-18-13-32-19/output/ridleys_family_markets.geojson
Rituals,,,rituals,https://alltheplaces.xyz/spiders.html?page_length=-1&num_runs=1,"1,520",,https://alltheplaces-data.openaddresses.io/runs/2026-07-18-13-32-19/output/rituals.geojson
Ritz Carlton,,,ritz_carlton,https://alltheplaces.xyz/spiders.html?page_length=-1&num_runs=1,130,,https://alltheplaces-data.openaddresses.io/runs/2026-07-18-13-32-19/output/ritz_carlton.geojson
River Island,,gb,river_island_ie_gb,https://alltheplaces.xyz/spiders.html?page_length=-1&num_runs=1,177,,https://alltheplaces-data.openaddresses.io/runs/2026-07-18-13-32-19/output/river_island_ie_gb.geojson
Roadys,,us,roadys_us,https://alltheplaces.xyz/spiders.html?page_length=-1&num_runs=1,258,,https://alltheplaces-data.openaddresses.io/runs/2026-07-18-13-32-19/output/roadys_us.geojson
Robins Donuts,,ca,robins_donuts_ca,https://alltheplaces.xyz/spiders.html?page_length=-1&num_runs=1,98,,https://alltheplaces-data.openaddresses.io/runs/2026-07-18-13-32-19/output/robins_donuts_ca.geojson
Robins Kitchen,,au,robins_kitchen_au,https://alltheplaces.xyz/spiders.html?page_length=-1&num_runs=1,60,,https://alltheplaces-data.openaddresses.io/runs/2026-07-18-13-32-19/output/robins_kitchen_au.geojson
Robinsons Brewery,,gb,robinsons_brewery_gb,https://alltheplaces.xyz/spiders.html?page_length=-1&num_runs=1,249,,https://alltheplaces-data.openaddresses.io/runs/2026-07-18-13-32-19/output/robinsons_brewery_gb.geojson
Rock Bottom,,,rock_bottom,https://alltheplaces.xyz/spiders.html?page_length=-1&num_runs=1,,,https://alltheplaces-data.openaddresses.io/runs/2026-07-18-13-32-19/output/rock_bottom.geojson
Rocket,,us,rocket_us,https://alltheplaces.xyz/spiders.html?page_length=-1&num_runs=1,485,,https://alltheplaces-data.openaddresses.io/runs/2026-07-18-13-32-19/output/rocket_us.geojson
Rocomamas,,,rocomamas,https://alltheplaces.xyz/spiders.html?page_length=-1&num_runs=1,110,,https://alltheplaces-data.openaddresses.io/runs/2026-07-18-13-32-19/output/rocomamas.geojson
Rogers,,ca,rogers_ca,https://alltheplaces.xyz/spiders.html?page_length=-1&num_runs=1,500,,https://alltheplaces-data.openaddresses.io/runs/2026-07-18-13-32-19/output/rogers_ca.geojson
Rohan,,gb,rohan_gb,https://alltheplaces.xyz/spiders.html?page_length=-1&num_runs=1,53,,https://alltheplaces-data.openaddresses.io/runs/2026-07-18-13-32-19/output/rohan_gb.geojson
Rolld,,au,rolld_au,https://alltheplaces.xyz/spiders.html?page_length=-1&num_runs=1,,,https://alltheplaces-data.openaddresses.io/runs/2026-07-18-13-32-19/output/rolld_au.geojson
Roman Originals,,gb,roman_originals_gb,https://alltheplaces.xyz/spiders.html?page_length=-1&num_runs=1,,,https://alltheplaces-data.openaddresses.io/runs/2026-07-18-13-32-19/output/roman_originals_gb.geojson
Romans Pizza,,,romans_pizza,https://alltheplaces.xyz/spiders.html?page_length=-1&num_runs=1,,,https://alltheplaces-data.openaddresses.io/runs/2026-07-18-13-32-19/output/romans_pizza.geojson
Romantik Hotels & Restaurants,,,romantik_hotels_and_restaurants,https://alltheplaces.xyz/spiders.html?page_length=-1&num_runs=1,340,,https://alltheplaces-data.openaddresses.io/runs/2026-07-18-13-32-19/output/romantik_hotels_and_restaurants.geojson
Rompetrol,,,rompetrol,https://alltheplaces.xyz/spiders.html?page_length=-1&num_runs=1,982,,https://alltheplaces-data.openaddresses.io/runs/2026-07-18-13-32-19/output/rompetrol.geojson
Roof Racks,,au,roof_racks_galore_au,https://alltheplaces.xyz/spiders.html?page_length=-1&num_runs=1,,,https://alltheplaces-data.openaddresses.io/runs/2026-07-18-13-32-19/output/roof_racks_galore_au.geojson
Rooms-to-Go,,us,rooms_to_go_us,https://alltheplaces.xyz/spiders.html?page_length=-1&num_runs=1,200,,https://alltheplaces-data.openaddresses.io/runs/2026-07-18-13-32-19/output/rooms_to_go_us.geojson
Rotana Hotels,,,rotana_hotels,https://alltheplaces.xyz/spiders.html?page_length=-1&num_runs=1,24,,https://alltheplaces-data.openaddresses.io/runs/2026-07-18-13-32-19/output/rotana_hotels.geojson
Round1,,us,round1_us,https://alltheplaces.xyz/spiders.html?page_length=-1&num_runs=1,67,,https://alltheplaces-data.openaddresses.io/runs/2026-07-18-13-32-19/output/round1_us.geojson
Rowlands Pharmacy,,gb,rowlands_pharmacy_gb,https://alltheplaces.xyz/spiders.html?page_length=-1&num_runs=1,326,,https://alltheplaces-data.openaddresses.io/runs/2026-07-18-13-32-19/output/rowlands_pharmacy_gb.geojson
Royal Bank Of Canada,,ca,royal_bank_of_canada_ca,https://alltheplaces.xyz/spiders.html?page_length=-1&num_runs=1,"2,311",,https://alltheplaces-data.openaddresses.io/runs/2026-07-18-13-32-19/output/royal_bank_of_canada_ca.geojson
Royal Lepage,,,royal_lepage,https://alltheplaces.xyz/spiders.html?page_length=-1&num_runs=1,621,,https://alltheplaces-data.openaddresses.io/runs/2026-07-18-13-32-19/output/royal_lepage.geojson
Rubios,,us,rubios_us,https://alltheplaces.xyz/spiders.html?page_length=-1&num_runs=1,79,,https://alltheplaces-data.openaddresses.io/runs/2026-07-18-13-32-19/output/rubios_us.geojson
Ruby Tuesday,,us,ruby_tuesday_us,https://alltheplaces.xyz/spiders.html?page_length=-1&num_runs=1,173,,https://alltheplaces-data.openaddresses.io/runs/2026-07-18-13-32-19/output/ruby_tuesday_us.geojson
Runza,,us,runza_us,https://alltheplaces.xyz/spiders.html?page_length=-1&num_runs=1,93,,https://alltheplaces-data.openaddresses.io/runs/2026-07-18-13-32-19/output/runza_us.geojson
Rush Hair,,gb,rush_hair_gb,https://alltheplaces.xyz/spiders.html?page_length=-1&num_runs=1,40,,https://alltheplaces-data.openaddresses.io/runs/2026-07-18-13-32-19/output/rush_hair_gb.geojson
Saba,,,saba,https://alltheplaces.xyz/spiders.html?page_length=-1&num_runs=1,563,,https://alltheplaces-data.openaddresses.io/runs/2026-07-18-13-32-19/output/saba.geojson
Sae Institute,,gb,sae_institute_gb,https://alltheplaces.xyz/spiders.html?page_length=-1&num_runs=1,5,,https://alltheplaces-data.openaddresses.io/runs/2026-07-18-13-32-19/output/sae_institute_gb.geojson
Safestore,,gb,safestore_gb,https://alltheplaces.xyz/spiders.html?page_length=-1&num_runs=1,169,,https://alltheplaces-data.openaddresses.io/runs/2026-07-18-13-32-19/output/safestore_gb.geojson
Safeway,,ca,safeway_ca,https://alltheplaces.xyz/spiders.html?page_length=-1&num_runs=1,,,https://alltheplaces-data.openaddresses.io/runs/2026-07-18-13-32-19/output/safeway_ca.geojson
Saizeriya,,,saizeriya,https://alltheplaces.xyz/spiders.html?page_length=-1&num_runs=1,"1,694",Dealer,https://alltheplaces-data.openaddresses.io/runs/2026-07-18-13-32-19/output/saizeriya.geojson
Salad & Go,,us,salad_and_go_us,https://alltheplaces.xyz/spiders.html?page_length=-1&num_runs=1,70,,https://alltheplaces-data.openaddresses.io/runs/2026-07-18-13-32-19/output/salad_and_go_us.geojson
Sals Pizza,,us,sals_pizza_us,https://alltheplaces.xyz/spiders.html?page_length=-1&num_runs=1,10,,https://alltheplaces-data.openaddresses.io/runs/2026-07-18-13-32-19/output/sals_pizza_us.geojson
Saltrock,,gb,saltrock_gb,https://alltheplaces.xyz/spiders.html?page_length=-1&num_runs=1,76,,https://alltheplaces-data.openaddresses.io/runs/2026-07-18-13-32-19/output/saltrock_gb.geojson
Salvation Army,,gb,salvation_army_gb,https://alltheplaces.xyz/spiders.html?page_length=-1&num_runs=1,364,,https://alltheplaces-data.openaddresses.io/runs/2026-07-18-13-32-19/output/salvation_army_gb.geojson
Salvatore,,ca,salvatore_ca,https://alltheplaces.xyz/spiders.html?page_length=-1&num_runs=1,125,,https://alltheplaces-data.openaddresses.io/runs/2026-07-18-13-32-19/output/salvatore_ca.geojson
Salvos,,au,salvos_au,https://alltheplaces.xyz/spiders.html?page_length=-1&num_runs=1,,,https://alltheplaces-data.openaddresses.io/runs/2026-07-18-13-32-19/output/salvos_au.geojson
Sams Chicken,,gb,sams_chicken_gb,https://alltheplaces.xyz/spiders.html?page_length=-1&num_runs=1,45,,https://alltheplaces-data.openaddresses.io/runs/2026-07-18-13-32-19/output/sams_chicken_gb.geojson
Sanel Napa,,us,sanel_napa_us,https://alltheplaces.xyz/spiders.html?page_length=-1&num_runs=1,44,,https://alltheplaces-data.openaddresses.io/runs/2026-07-18-13-32-19/output/sanel_napa_us.geojson
Santander,,us,santander_us,https://alltheplaces.xyz/spiders.html?page_length=-1&num_runs=1,"1,796",,https://alltheplaces-data.openaddresses.io/runs/2026-07-18-13-32-19/output/santander_us.geojson
Sats,,,sats,https://alltheplaces.xyz/spiders.html?page_length=-1&num_runs=1,192,,https://alltheplaces-data.openaddresses.io/runs/2026-07-18-13-32-19/output/sats.geojson
Save On Foods,,ca,save_on_foods_ca,https://alltheplaces.xyz/spiders.html?page_length=-1&num_runs=1,192,,https://alltheplaces-data.openaddresses.io/runs/2026-07-18-13-32-19/output/save_on_foods_ca.geojson
Scania,,,scania,https://alltheplaces.xyz/spiders.html?page_length=-1&num_runs=1,"1,370",,https://alltheplaces-data.openaddresses.io/runs/2026-07-18-13-32-19/output/scania.geojson
Schnitz,,au,schnitz_au,https://alltheplaces.xyz/spiders.html?page_length=-1&num_runs=1,81,,https://alltheplaces-data.openaddresses.io/runs/2026-07-18-13-32-19/output/schnitz_au.geojson
Schuh,,gb,schuh_gb,https://alltheplaces.xyz/spiders.html?page_length=-1&num_runs=1,,,https://alltheplaces-data.openaddresses.io/runs/2026-07-18-13-32-19/output/schuh_gb.geojson
Scouts,,,scouts,https://alltheplaces.xyz/spiders.html?page_length=-1&num_runs=1,"9,459",,https://alltheplaces-data.openaddresses.io/runs/2026-07-18-13-32-19/output/scouts.geojson
Scribbler,,gb,scribbler_gb,https://alltheplaces.xyz/spiders.html?page_length=-1&num_runs=1,37,,https://alltheplaces-data.openaddresses.io/runs/2026-07-18-13-32-19/output/scribbler_gb.geojson
Scs,,gb,scs_gb,https://alltheplaces.xyz/spiders.html?page_length=-1&num_runs=1,,,https://alltheplaces-data.openaddresses.io/runs/2026-07-18-13-32-19/output/scs_gb.geojson
Sct,,gb,sct_gb,https://alltheplaces.xyz/spiders.html?page_length=-1&num_runs=1,12,,https://alltheplaces-data.openaddresses.io/runs/2026-07-18-13-32-19/output/sct_gb.geojson
Seasalt,,,seasalt,https://alltheplaces.xyz/spiders.html?page_length=-1&num_runs=1,83,,https://alltheplaces-data.openaddresses.io/runs/2026-07-18-13-32-19/output/seasalt.geojson
Seat,,,seat,https://alltheplaces.xyz/spiders.html?page_length=-1&num_runs=1,"2,266",,https://alltheplaces-data.openaddresses.io/runs/2026-07-18-13-32-19/output/seat.geojson
Seattle Coffee Company,,,seattle_coffee_company,https://alltheplaces.xyz/spiders.html?page_length=-1&num_runs=1,307,,https://alltheplaces-data.openaddresses.io/runs/2026-07-18-13-32-19/output/seattle_coffee_company.geojson
Second Cup,,ca,second_cup_ca,https://alltheplaces.xyz/spiders.html?page_length=-1&num_runs=1,137,,https://alltheplaces-data.openaddresses.io/runs/2026-07-18-13-32-19/output/second_cup_ca.geojson
Sees Candies,,,sees_candies,https://alltheplaces.xyz/spiders.html?page_length=-1&num_runs=1,267,,https://alltheplaces-data.openaddresses.io/runs/2026-07-18-13-32-19/output/sees_candies.geojson
Sentry Foods,,,sentry_foods,https://alltheplaces.xyz/spiders.html?page_length=-1&num_runs=1,8,,https://alltheplaces-data.openaddresses.io/runs/2026-07-18-13-32-19/output/sentry_foods.geojson
Sephora Asia,,,sephora_asia,https://alltheplaces.xyz/spiders.html?page_length=-1&num_runs=1,73,,https://alltheplaces-data.openaddresses.io/runs/2026-07-18-13-32-19/output/sephora_asia.geojson
Sephora Europe,,,sephora_europe,https://alltheplaces.xyz/spiders.html?page_length=-1&num_runs=1,,,https://alltheplaces-data.openaddresses.io/runs/2026-07-18-13-32-19/output/sephora_europe.geojson
Serious Coffee,,,serious_coffee,https://alltheplaces.xyz/spiders.html?page_length=-1&num_runs=1,16,,https://alltheplaces-data.openaddresses.io/runs/2026-07-18-13-32-19/output/serious_coffee.geojson
Shahs Halal Food,,ca,shahs_halal_food_ca,https://alltheplaces.xyz/spiders.html?page_length=-1&num_runs=1,2,,https://alltheplaces-data.openaddresses.io/runs/2026-07-18-13-32-19/output/shahs_halal_food_ca.geojson
Shahs Halal Food,,gb,shahs_halal_food_gb,https://alltheplaces.xyz/spiders.html?page_length=-1&num_runs=1,89,,https://alltheplaces-data.openaddresses.io/runs/2026-07-18-13-32-19/output/shahs_halal_food_gb.geojson
Shake Shack,,,shake_shack,https://alltheplaces.xyz/spiders.html?page_length=-1&num_runs=1,678,,https://alltheplaces-data.openaddresses.io/runs/2026-07-18-13-32-19/output/shake_shack.geojson
Sharps,,gb,sharps_gb,https://alltheplaces.xyz/spiders.html?page_length=-1&num_runs=1,29,,https://alltheplaces-data.openaddresses.io/runs/2026-07-18-13-32-19/output/sharps_gb.geojson
Shaver Shop,,,shaver_shop,https://alltheplaces.xyz/spiders.html?page_length=-1&num_runs=1,132,,https://alltheplaces-data.openaddresses.io/runs/2026-07-18-13-32-19/output/shaver_shop.geojson
Shell,,,shell,https://alltheplaces.xyz/spiders.html?page_length=-1&num_runs=1,"49,698",,https://alltheplaces-data.openaddresses.io/runs/2026-07-18-13-32-19/output/shell.geojson
Shell Recharge,,,shell_recharge,https://alltheplaces.xyz/spiders.html?page_length=-1&num_runs=1,125,,https://alltheplaces-data.openaddresses.io/runs/2026-07-18-13-32-19/output/shell_recharge.geojson
Shelter,,gb,shelter_gb,https://alltheplaces.xyz/spiders.html?page_length=-1&num_runs=1,72,,https://alltheplaces-data.openaddresses.io/runs/2026-07-18-13-32-19/output/shelter_gb.geojson
Shepherd Neame,,,shepherd_neame,https://alltheplaces.xyz/spiders.html?page_length=-1&num_runs=1,277,,https://alltheplaces-data.openaddresses.io/runs/2026-07-18-13-32-19/output/shepherd_neame.geojson
Shoe Zone,,gb,shoe_zone_gb,https://alltheplaces.xyz/spiders.html?page_length=-1&num_runs=1,253,,https://alltheplaces-data.openaddresses.io/runs/2026-07-18-13-32-19/output/shoe_zone_gb.geojson
Shoneys,,,shoneys,https://alltheplaces.xyz/spiders.html?page_length=-1&num_runs=1,,,https://alltheplaces-data.openaddresses.io/runs/2026-07-18-13-32-19/output/shoneys.geojson
Shoppers Food,,us,shoppers_food_us,https://alltheplaces.xyz/spiders.html?page_length=-1&num_runs=1,,,https://alltheplaces-data.openaddresses.io/runs/2026-07-18-13-32-19/output/shoppers_food_us.geojson
Shoprite Holdings,,,shoprite_holdings,https://alltheplaces.xyz/spiders.html?page_length=-1&num_runs=1,,,https://alltheplaces-data.openaddresses.io/runs/2026-07-18-13-32-19/output/shoprite_holdings.geojson
Shurgard,,,shurgard,https://alltheplaces.xyz/spiders.html?page_length=-1&num_runs=1,446,,https://alltheplaces-data.openaddresses.io/runs/2026-07-18-13-32-19/output/shurgard.geojson
Side Step,,,side_step,https://alltheplaces.xyz/spiders.html?page_length=-1&num_runs=1,,,https://alltheplaces-data.openaddresses.io/runs/2026-07-18-13-32-19/output/side_step.geojson
Simon Malls,,,simon_malls,https://alltheplaces.xyz/spiders.html?page_length=-1&num_runs=1,214,,https://alltheplaces-data.openaddresses.io/runs/2026-07-18-13-32-19/output/simon_malls.geojson
Sisley,,,sisley,https://alltheplaces.xyz/spiders.html?page_length=-1&num_runs=1,358,,https://alltheplaces-data.openaddresses.io/runs/2026-07-18-13-32-19/output/sisley.geojson
Sizzler,,us,sizzler_us,https://alltheplaces.xyz/spiders.html?page_length=-1&num_runs=1,71,,https://alltheplaces-data.openaddresses.io/runs/2026-07-18-13-32-19/output/sizzler_us.geojson
Skechers,,,skechers,https://alltheplaces.xyz/spiders.html?page_length=-1&num_runs=1,"6,259",,https://alltheplaces-data.openaddresses.io/runs/2026-07-18-13-32-19/output/skechers.geojson
Skipton,,gb,skipton_gb,https://alltheplaces.xyz/spiders.html?page_length=-1&num_runs=1,82,,https://alltheplaces-data.openaddresses.io/runs/2026-07-18-13-32-19/output/skipton_gb.geojson
Skoda,,,skoda,https://alltheplaces.xyz/spiders.html?page_length=-1&num_runs=1,"6,802",,https://alltheplaces-data.openaddresses.io/runs/2026-07-18-13-32-19/output/skoda.geojson
Skyline Chili,,,skyline_chili,https://alltheplaces.xyz/spiders.html?page_length=-1&num_runs=1,161,,https://alltheplaces-data.openaddresses.io/runs/2026-07-18-13-32-19/output/skyline_chili.geojson
Sleep Doctor,,au,sleep_doctor_au,https://alltheplaces.xyz/spiders.html?page_length=-1&num_runs=1,6,,https://alltheplaces-data.openaddresses.io/runs/2026-07-18-13-32-19/output/sleep_doctor_au.geojson
Sleepmasters,,,sleepmasters,https://alltheplaces.xyz/spiders.html?page_length=-1&num_runs=1,285,,https://alltheplaces-data.openaddresses.io/runs/2026-07-18-13-32-19/output/sleepmasters.geojson
Smart Charge,,gb,smart_charge_gb,https://alltheplaces.xyz/spiders.html?page_length=-1&num_runs=1,94,,https://alltheplaces-data.openaddresses.io/runs/2026-07-18-13-32-19/output/smart_charge_gb.geojson
Snarfs,,,snarfs,https://alltheplaces.xyz/spiders.html?page_length=-1&num_runs=1,,,https://alltheplaces-data.openaddresses.io/runs/2026-07-18-13-32-19/output/snarfs.geojson
Solidcore,,us,solidcore_us,https://alltheplaces.xyz/spiders.html?page_length=-1&num_runs=1,,,https://alltheplaces-data.openaddresses.io/runs/2026-07-18-13-32-19/output/solidcore_us.geojson
Sonesta,,,sonesta,https://alltheplaces.xyz/spiders.html?page_length=-1&num_runs=1,804,,https://alltheplaces-data.openaddresses.io/runs/2026-07-18-13-32-19/output/sonesta.geojson
Sonic,,ca,sonic_ca,https://alltheplaces.xyz/spiders.html?page_length=-1&num_runs=1,288,,https://alltheplaces-data.openaddresses.io/runs/2026-07-18-13-32-19/output/sonic_ca.geojson
Sonic Automotive,,us,sonic_automotive_us,https://alltheplaces.xyz/spiders.html?page_length=-1&num_runs=1,143,,https://alltheplaces-data.openaddresses.io/runs/2026-07-18-13-32-19/output/sonic_automotive_us.geojson
Sonic Drivein,,us,sonic_drivein_us,https://alltheplaces.xyz/spiders.html?page_length=-1&num_runs=1,"3,364",Franchise,https://alltheplaces-data.openaddresses.io/runs/2026-07-18-13-32-19/output/sonic_drivein_us.geojson
Sony,,gb,sony_gb,https://alltheplaces.xyz/spiders.html?page_length=-1&num_runs=1,,,https://alltheplaces-data.openaddresses.io/runs/2026-07-18-13-32-19/output/sony_gb.geojson
Soul Origin,,au,soul_origin_au,https://alltheplaces.xyz/spiders.html?page_length=-1&num_runs=1,,,https://alltheplaces-data.openaddresses.io/runs/2026-07-18-13-32-19/output/soul_origin_au.geojson
Soul Pattinson Chemist,,au,soul_pattinson_chemist_au,https://alltheplaces.xyz/spiders.html?page_length=-1&num_runs=1,30,,https://alltheplaces-data.openaddresses.io/runs/2026-07-18-13-32-19/output/soul_pattinson_chemist_au.geojson
Soulcycle,,,soulcycle,https://alltheplaces.xyz/spiders.html?page_length=-1&num_runs=1,53,,https://alltheplaces-data.openaddresses.io/runs/2026-07-18-13-32-19/output/soulcycle.geojson
Source London,,gb,source_london_gb,https://alltheplaces.xyz/spiders.html?page_length=-1&num_runs=1,,,https://alltheplaces-data.openaddresses.io/runs/2026-07-18-13-32-19/output/source_london_gb.geojson
South Carolina,,us,south_carolina_us,https://alltheplaces.xyz/spiders.html?page_length=-1&num_runs=1,,,https://alltheplaces-data.openaddresses.io/runs/2026-07-18-13-32-19/output/south_carolina_us.geojson
South Street Burger,,ca,south_street_burger_ca,https://alltheplaces.xyz/spiders.html?page_length=-1&num_runs=1,16,,https://alltheplaces-data.openaddresses.io/runs/2026-07-18-13-32-19/output/south_street_burger_ca.geojson
Southeastern Railway,,gb,southeastern_railway_gb,https://alltheplaces.xyz/spiders.html?page_length=-1&num_runs=1,182,,https://alltheplaces-data.openaddresses.io/runs/2026-07-18-13-32-19/output/southeastern_railway_gb.geojson
Southern Coop,,,southern_coop,https://alltheplaces.xyz/spiders.html?page_length=-1&num_runs=1,249,,https://alltheplaces-data.openaddresses.io/runs/2026-07-18-13-32-19/output/southern_coop.geojson
Southern Railway,,gb,southern_railway_gb,https://alltheplaces.xyz/spiders.html?page_length=-1&num_runs=1,154,,https://alltheplaces-data.openaddresses.io/runs/2026-07-18-13-32-19/output/southern_railway_gb.geojson
Southern Sun,,,southern_sun,https://alltheplaces.xyz/spiders.html?page_length=-1&num_runs=1,148,,https://alltheplaces-data.openaddresses.io/runs/2026-07-18-13-32-19/output/southern_sun.geojson
Sp Plus Parking,,,sp_plus_parking,https://alltheplaces.xyz/spiders.html?page_length=-1&num_runs=1,"2,365",,https://alltheplaces-data.openaddresses.io/runs/2026-07-18-13-32-19/output/sp_plus_parking.geojson
Space,,gb,space_nk_gb,https://alltheplaces.xyz/spiders.html?page_length=-1&num_runs=1,91,,https://alltheplaces-data.openaddresses.io/runs/2026-07-18-13-32-19/output/space_nk_gb.geojson
Spar,,gb,spar_gb,https://alltheplaces.xyz/spiders.html?page_length=-1&num_runs=1,"1,840",,https://alltheplaces-data.openaddresses.io/runs/2026-07-18-13-32-19/output/spar_gb.geojson
Spar Al,,al,spar_al,https://alltheplaces.xyz/spiders.html?page_length=-1&num_runs=1,,,https://alltheplaces-data.openaddresses.io/runs/2026-07-18-13-32-19/output/spar_al.geojson
Spar Aspiag,,,spar_aspiag,https://alltheplaces.xyz/spiders.html?page_length=-1&num_runs=1,"2,569",,https://alltheplaces-data.openaddresses.io/runs/2026-07-18-13-32-19/output/spar_aspiag.geojson
Spar Northern Ireland,,gb,spar_northern_ireland_gb,https://alltheplaces.xyz/spiders.html?page_length=-1&num_runs=1,385,,https://alltheplaces-data.openaddresses.io/runs/2026-07-18-13-32-19/output/spar_northern_ireland_gb.geojson
Speedo,,au,speedo_au,https://alltheplaces.xyz/spiders.html?page_length=-1&num_runs=1,4,,https://alltheplaces-data.openaddresses.io/runs/2026-07-18-13-32-19/output/speedo_au.geojson
Speedway,,us,speedway_us,https://alltheplaces.xyz/spiders.html?page_length=-1&num_runs=1,,,https://alltheplaces-data.openaddresses.io/runs/2026-07-18-13-32-19/output/speedway_us.geojson
Speedy Auto Service,,ca,speedy_auto_service_ca,https://alltheplaces.xyz/spiders.html?page_length=-1&num_runs=1,50,,https://alltheplaces-data.openaddresses.io/runs/2026-07-18-13-32-19/output/speedy_auto_service_ca.geojson
Spencers,,us,spencers_ca_us,https://alltheplaces.xyz/spiders.html?page_length=-1&num_runs=1,662,,https://alltheplaces-data.openaddresses.io/runs/2026-07-18-13-32-19/output/spencers_ca_us.geojson
Spendless,,au,spendless_au,https://alltheplaces.xyz/spiders.html?page_length=-1&num_runs=1,204,,https://alltheplaces-data.openaddresses.io/runs/2026-07-18-13-32-19/output/spendless_au.geojson
Sport Vision,,,sport_vision,https://alltheplaces.xyz/spiders.html?page_length=-1&num_runs=1,560,,https://alltheplaces-data.openaddresses.io/runs/2026-07-18-13-32-19/output/sport_vision.geojson
Sport24,,,sport24,https://alltheplaces.xyz/spiders.html?page_length=-1&num_runs=1,122,,https://alltheplaces-data.openaddresses.io/runs/2026-07-18-13-32-19/output/sport24.geojson
Sportclub,,ar,sportclub_ar,https://alltheplaces.xyz/spiders.html?page_length=-1&num_runs=1,"1,034",,https://alltheplaces-data.openaddresses.io/runs/2026-07-18-13-32-19/output/sportclub_ar.geojson
Sporting Life,,ca,sporting_life_ca,https://alltheplaces.xyz/spiders.html?page_length=-1&num_runs=1,,,https://alltheplaces-data.openaddresses.io/runs/2026-07-18-13-32-19/output/sporting_life_ca.geojson
Sports Direct,,,sports_direct,https://alltheplaces.xyz/spiders.html?page_length=-1&num_runs=1,772,,https://alltheplaces-data.openaddresses.io/runs/2026-07-18-13-32-19/output/sports_direct.geojson
Sportscraft,,,sportscraft,https://alltheplaces.xyz/spiders.html?page_length=-1&num_runs=1,,,https://alltheplaces-data.openaddresses.io/runs/2026-07-18-13-32-19/output/sportscraft.geojson
Sportsgirl,,au,sportsgirl_au,https://alltheplaces.xyz/spiders.html?page_length=-1&num_runs=1,126,,https://alltheplaces-data.openaddresses.io/runs/2026-07-18-13-32-19/output/sportsgirl_au.geojson
Sportspower,,au,sportspower_au,https://alltheplaces.xyz/spiders.html?page_length=-1&num_runs=1,94,,https://alltheplaces-data.openaddresses.io/runs/2026-07-18-13-32-19/output/sportspower_au.geojson
Spotless Water,,gb,spotless_water_gb,https://alltheplaces.xyz/spiders.html?page_length=-1&num_runs=1,178,,https://alltheplaces-data.openaddresses.io/runs/2026-07-18-13-32-19/output/spotless_water_gb.geojson
Spotlight,,,spotlight,https://alltheplaces.xyz/spiders.html?page_length=-1&num_runs=1,,,https://alltheplaces-data.openaddresses.io/runs/2026-07-18-13-32-19/output/spotlight.geojson
Sprinter,,,sprinter,https://alltheplaces.xyz/spiders.html?page_length=-1&num_runs=1,,,https://alltheplaces-data.openaddresses.io/runs/2026-07-18-13-32-19/output/sprinter.geojson
Spur,,,spur,https://alltheplaces.xyz/spiders.html?page_length=-1&num_runs=1,,,https://alltheplaces-data.openaddresses.io/runs/2026-07-18-13-32-19/output/spur.geojson
Ssangyong,,au,ssangyong_au,https://alltheplaces.xyz/spiders.html?page_length=-1&num_runs=1,104,,https://alltheplaces-data.openaddresses.io/runs/2026-07-18-13-32-19/output/ssangyong_au.geojson
Sssports,,ae,sssports_ae,https://alltheplaces.xyz/spiders.html?page_length=-1&num_runs=1,33,,https://alltheplaces-data.openaddresses.io/runs/2026-07-18-13-32-19/output/sssports_ae.geojson
St Louis Bar & Grill,,ca,st_louis_bar_and_grill_ca,https://alltheplaces.xyz/spiders.html?page_length=-1&num_runs=1,82,,https://alltheplaces-data.openaddresses.io/runs/2026-07-18-13-32-19/output/st_louis_bar_and_grill_ca.geojson
St1,,,st1,https://alltheplaces.xyz/spiders.html?page_length=-1&num_runs=1,"1,144",,https://alltheplaces-data.openaddresses.io/runs/2026-07-18-13-32-19/output/st1.geojson
Standard Bank,,,standard_bank_zw,https://alltheplaces.xyz/spiders.html?page_length=-1&num_runs=1,20,,https://alltheplaces-data.openaddresses.io/runs/2026-07-18-13-32-19/output/standard_bank_zw.geojson
Standard Chartered Bank,,,standard_chartered_bank,https://alltheplaces.xyz/spiders.html?page_length=-1&num_runs=1,"1,415",,https://alltheplaces-data.openaddresses.io/runs/2026-07-18-13-32-19/output/standard_chartered_bank.geojson
Star Hotels,,,star_hotels,https://alltheplaces.xyz/spiders.html?page_length=-1&num_runs=1,31,,https://alltheplaces-data.openaddresses.io/runs/2026-07-18-13-32-19/output/star_hotels.geojson
Starbucks,,ae,starbucks_ae,https://alltheplaces.xyz/spiders.html?page_length=-1&num_runs=1,,,https://alltheplaces-data.openaddresses.io/runs/2026-07-18-13-32-19/output/starbucks_ae.geojson
Starbucks,,au,starbucks_au,https://alltheplaces.xyz/spiders.html?page_length=-1&num_runs=1,99,,https://alltheplaces-data.openaddresses.io/runs/2026-07-18-13-32-19/output/starbucks_au.geojson
Starbucks,,ca,starbucks_ca,https://alltheplaces.xyz/spiders.html?page_length=-1&num_runs=1,"1,402",,https://alltheplaces-data.openaddresses.io/runs/2026-07-18-13-32-19/output/starbucks_ca.geojson
Starbucks,,us,starbucks_us,https://alltheplaces.xyz/spiders.html?page_length=-1&num_runs=1,"15,399",,https://alltheplaces-data.openaddresses.io/runs/2026-07-18-13-32-19/output/starbucks_us.geojson
Starbucks Mena,,,starbucks_mena,https://alltheplaces.xyz/spiders.html?page_length=-1&num_runs=1,,,https://alltheplaces-data.openaddresses.io/runs/2026-07-18-13-32-19/output/starbucks_mena.geojson
Starbucks Reserve,,,starbucks_reserve,https://alltheplaces.xyz/spiders.html?page_length=-1&num_runs=1,6,,https://alltheplaces-data.openaddresses.io/runs/2026-07-18-13-32-19/output/starbucks_reserve.geojson
Stasher,,,stasher,https://alltheplaces.xyz/spiders.html?page_length=-1&num_runs=1,"5,170",,https://alltheplaces-data.openaddresses.io/runs/2026-07-18-13-32-19/output/stasher.geojson
Steiger Stiftung Aed,,,steiger_stiftung_aed,https://alltheplaces.xyz/spiders.html?page_length=-1&num_runs=1,"4,029",,https://alltheplaces-data.openaddresses.io/runs/2026-07-18-13-32-19/output/steiger_stiftung_aed.geojson
Stewarts Shops,,us,stewarts_shops_us,https://alltheplaces.xyz/spiders.html?page_length=-1&num_runs=1,740,,https://alltheplaces-data.openaddresses.io/runs/2026-07-18-13-32-19/output/stewarts_shops_us.geojson
Stonegate,,gb,stonegate_gb,https://alltheplaces.xyz/spiders.html?page_length=-1&num_runs=1,"1,025",,https://alltheplaces-data.openaddresses.io/runs/2026-07-18-13-32-19/output/stonegate_gb.geojson
Stonehouse,,gb,stonehouse_gb,https://alltheplaces.xyz/spiders.html?page_length=-1&num_runs=1,,,https://alltheplaces-data.openaddresses.io/runs/2026-07-18-13-32-19/output/stonehouse_gb.geojson
Stop & Shop,,us,stop_and_shop_us,https://alltheplaces.xyz/spiders.html?page_length=-1&num_runs=1,362,,https://alltheplaces-data.openaddresses.io/runs/2026-07-18-13-32-19/output/stop_and_shop_us.geojson
Storebox,,,storebox,https://alltheplaces.xyz/spiders.html?page_length=-1&num_runs=1,322,,https://alltheplaces-data.openaddresses.io/runs/2026-07-18-13-32-19/output/storebox.geojson
Strack & Van,,us,strack_and_van_til_us,https://alltheplaces.xyz/spiders.html?page_length=-1&num_runs=1,22,,https://alltheplaces-data.openaddresses.io/runs/2026-07-18-13-32-19/output/strack_and_van_til_us.geojson
Strandbags,,au,strandbags_au,https://alltheplaces.xyz/spiders.html?page_length=-1&num_runs=1,217,,https://alltheplaces-data.openaddresses.io/runs/2026-07-18-13-32-19/output/strandbags_au.geojson
Studio 88,,,studio_88,https://alltheplaces.xyz/spiders.html?page_length=-1&num_runs=1,,,https://alltheplaces-data.openaddresses.io/runs/2026-07-18-13-32-19/output/studio_88.geojson
Suit Direct,,gb,suit_direct_gb,https://alltheplaces.xyz/spiders.html?page_length=-1&num_runs=1,34,,https://alltheplaces-data.openaddresses.io/runs/2026-07-18-13-32-19/output/suit_direct_gb.geojson
Sullivan Tire & Auto Service,,us,sullivan_tire_and_auto_service_us,https://alltheplaces.xyz/spiders.html?page_length=-1&num_runs=1,83,,https://alltheplaces-data.openaddresses.io/runs/2026-07-18-13-32-19/output/sullivan_tire_and_auto_service_us.geojson
Sullivans Steakhouse,,,sullivans_steakhouse,https://alltheplaces.xyz/spiders.html?page_length=-1&num_runs=1,,,https://alltheplaces-data.openaddresses.io/runs/2026-07-18-13-32-19/output/sullivans_steakhouse.geojson
Sun Loan,,us,sun_loan_us,https://alltheplaces.xyz/spiders.html?page_length=-1&num_runs=1,228,,https://alltheplaces-data.openaddresses.io/runs/2026-07-18-13-32-19/output/sun_loan_us.geojson
Sunbelt Rentals,,us,sunbelt_rentals_us_ca,https://alltheplaces.xyz/spiders.html?page_length=-1&num_runs=1,"1,462",,https://alltheplaces-data.openaddresses.io/runs/2026-07-18-13-32-19/output/sunbelt_rentals_us_ca.geojson
Supa Quick,,,supa_quick,https://alltheplaces.xyz/spiders.html?page_length=-1&num_runs=1,,,https://alltheplaces-data.openaddresses.io/runs/2026-07-18-13-32-19/output/supa_quick.geojson
Super C,,ca,super_c_ca,https://alltheplaces.xyz/spiders.html?page_length=-1&num_runs=1,,,https://alltheplaces-data.openaddresses.io/runs/2026-07-18-13-32-19/output/super_c_ca.geojson
Super Star Car Wash,,us,super_star_car_wash_us,https://alltheplaces.xyz/spiders.html?page_length=-1&num_runs=1,116,,https://alltheplaces-data.openaddresses.io/runs/2026-07-18-13-32-19/output/super_star_car_wash_us.geojson
Sushi Daily,,,sushi_daily,https://alltheplaces.xyz/spiders.html?page_length=-1&num_runs=1,"1,303",,https://alltheplaces-data.openaddresses.io/runs/2026-07-18-13-32-19/output/sushi_daily.geojson
Sushi Sushi,,au,sushi_sushi_au,https://alltheplaces.xyz/spiders.html?page_length=-1&num_runs=1,162,,https://alltheplaces-data.openaddresses.io/runs/2026-07-18-13-32-19/output/sushi_sushi_au.geojson
Sussan,,au,sussan_au,https://alltheplaces.xyz/spiders.html?page_length=-1&num_runs=1,139,,https://alltheplaces-data.openaddresses.io/runs/2026-07-18-13-32-19/output/sussan_au.geojson
Sutter Health,,us,sutter_health_us,https://alltheplaces.xyz/spiders.html?page_length=-1&num_runs=1,250,,https://alltheplaces-data.openaddresses.io/runs/2026-07-18-13-32-19/output/sutter_health_us.geojson
Suzanne Grae,,au,suzanne_grae_au,https://alltheplaces.xyz/spiders.html?page_length=-1&num_runs=1,151,,https://alltheplaces-data.openaddresses.io/runs/2026-07-18-13-32-19/output/suzanne_grae_au.geojson
Suzuki,,ca,suzuki_ca,https://alltheplaces.xyz/spiders.html?page_length=-1&num_runs=1,306,,https://alltheplaces-data.openaddresses.io/runs/2026-07-18-13-32-19/output/suzuki_ca.geojson
Suzuki Marine,,au,suzuki_marine_au,https://alltheplaces.xyz/spiders.html?page_length=-1&num_runs=1,90,,https://alltheplaces-data.openaddresses.io/runs/2026-07-18-13-32-19/output/suzuki_marine_au.geojson
Suzy Shier,,ca,suzy_shier_ca,https://alltheplaces.xyz/spiders.html?page_length=-1&num_runs=1,106,,https://alltheplaces-data.openaddresses.io/runs/2026-07-18-13-32-19/output/suzy_shier_ca.geojson
Swarco E Connect,,,swarco_e_connect,https://alltheplaces.xyz/spiders.html?page_length=-1&num_runs=1,"1,791",,https://alltheplaces-data.openaddresses.io/runs/2026-07-18-13-32-19/output/swarco_e_connect.geojson
Swarovski,,us,swarovski_us,https://alltheplaces.xyz/spiders.html?page_length=-1&num_runs=1,257,,https://alltheplaces-data.openaddresses.io/runs/2026-07-18-13-32-19/output/swarovski_us.geojson
Sweaty Betty,,,sweaty_betty,https://alltheplaces.xyz/spiders.html?page_length=-1&num_runs=1,67,,https://alltheplaces-data.openaddresses.io/runs/2026-07-18-13-32-19/output/sweaty_betty.geojson
Sweetgreen,,us,sweetgreen_us,https://alltheplaces.xyz/spiders.html?page_length=-1&num_runs=1,,,https://alltheplaces-data.openaddresses.io/runs/2026-07-18-13-32-19/output/sweetgreen_us.geojson
Swing Kitchen,,,swing_kitchen,https://alltheplaces.xyz/spiders.html?page_length=-1&num_runs=1,11,,https://alltheplaces-data.openaddresses.io/runs/2026-07-18-13-32-19/output/swing_kitchen.geojson
T2,,au,t2_au,https://alltheplaces.xyz/spiders.html?page_length=-1&num_runs=1,,,https://alltheplaces-data.openaddresses.io/runs/2026-07-18-13-32-19/output/t2_au.geojson
Tab,,au,tab_au,https://alltheplaces.xyz/spiders.html?page_length=-1&num_runs=1,,,https://alltheplaces-data.openaddresses.io/runs/2026-07-18-13-32-19/output/tab_au.geojson
Table Table,,gb,table_table_gb,https://alltheplaces.xyz/spiders.html?page_length=-1&num_runs=1,,,https://alltheplaces-data.openaddresses.io/runs/2026-07-18-13-32-19/output/table_table_gb.geojson
Taco Bell,,au,taco_bell_au,https://alltheplaces.xyz/spiders.html?page_length=-1&num_runs=1,29,,https://alltheplaces-data.openaddresses.io/runs/2026-07-18-13-32-19/output/taco_bell_au.geojson
Taco Bell,,ca,taco_bell_ca,https://alltheplaces.xyz/spiders.html?page_length=-1&num_runs=1,202,Franchise,https://alltheplaces-data.openaddresses.io/runs/2026-07-18-13-32-19/output/taco_bell_ca.geojson
Taco Bell,,gb,taco_bell_gb,https://alltheplaces.xyz/spiders.html?page_length=-1&num_runs=1,165,,https://alltheplaces-data.openaddresses.io/runs/2026-07-18-13-32-19/output/taco_bell_gb.geojson
Taco Bueno,,,taco_bueno,https://alltheplaces.xyz/spiders.html?page_length=-1&num_runs=1,127,,https://alltheplaces-data.openaddresses.io/runs/2026-07-18-13-32-19/output/taco_bueno.geojson
Taco Cabana,,us,taco_cabana_us,https://alltheplaces.xyz/spiders.html?page_length=-1&num_runs=1,107,,https://alltheplaces-data.openaddresses.io/runs/2026-07-18-13-32-19/output/taco_cabana_us.geojson
Taco Mayo,,us,taco_mayo_us,https://alltheplaces.xyz/spiders.html?page_length=-1&num_runs=1,39,,https://alltheplaces-data.openaddresses.io/runs/2026-07-18-13-32-19/output/taco_mayo_us.geojson
Taco Palenque,,,taco_palenque,https://alltheplaces.xyz/spiders.html?page_length=-1&num_runs=1,,,https://alltheplaces-data.openaddresses.io/runs/2026-07-18-13-32-19/output/taco_palenque.geojson
Taco Time,,,taco_time,https://alltheplaces.xyz/spiders.html?page_length=-1&num_runs=1,,,https://alltheplaces-data.openaddresses.io/runs/2026-07-18-13-32-19/output/taco_time.geojson
Taco Time Northwest,,us,taco_time_northwest_us,https://alltheplaces.xyz/spiders.html?page_length=-1&num_runs=1,74,,https://alltheplaces-data.openaddresses.io/runs/2026-07-18-13-32-19/output/taco_time_northwest_us.geojson
Tacotote,,,tacotote,https://alltheplaces.xyz/spiders.html?page_length=-1&num_runs=1,25,,https://alltheplaces-data.openaddresses.io/runs/2026-07-18-13-32-19/output/tacotote.geojson
Tag Heuer,,,tag_heuer,https://alltheplaces.xyz/spiders.html?page_length=-1&num_runs=1,279,,https://alltheplaces-data.openaddresses.io/runs/2026-07-18-13-32-19/output/tag_heuer.geojson
Tahinis,,ca,tahinis_ca,https://alltheplaces.xyz/spiders.html?page_length=-1&num_runs=1,5,,https://alltheplaces-data.openaddresses.io/runs/2026-07-18-13-32-19/output/tahinis_ca.geojson
Taito,,,taito,https://alltheplaces.xyz/spiders.html?page_length=-1&num_runs=1,249,,https://alltheplaces-data.openaddresses.io/runs/2026-07-18-13-32-19/output/taito.geojson
Takko Fashion,,,takko_fashion,https://alltheplaces.xyz/spiders.html?page_length=-1&num_runs=1,"2,011",,https://alltheplaces-data.openaddresses.io/runs/2026-07-18-13-32-19/output/takko_fashion.geojson
Talisman Hire,,,talisman_hire,https://alltheplaces.xyz/spiders.html?page_length=-1&num_runs=1,,,https://alltheplaces-data.openaddresses.io/runs/2026-07-18-13-32-19/output/talisman_hire.geojson
Tamburi,,at,tamburi_at,https://alltheplaces.xyz/spiders.html?page_length=-1&num_runs=1,945,,https://alltheplaces-data.openaddresses.io/runs/2026-07-18-13-32-19/output/tamburi_at.geojson
Tanger,,,tanger,https://alltheplaces.xyz/spiders.html?page_length=-1&num_runs=1,,,https://alltheplaces-data.openaddresses.io/runs/2026-07-18-13-32-19/output/tanger.geojson
Tango,,,tango,https://alltheplaces.xyz/spiders.html?page_length=-1&num_runs=1,196,,https://alltheplaces-data.openaddresses.io/runs/2026-07-18-13-32-19/output/tango.geojson
Tanning Shop,,gb,tanning_shop_ie_gb,https://alltheplaces.xyz/spiders.html?page_length=-1&num_runs=1,108,,https://alltheplaces-data.openaddresses.io/runs/2026-07-18-13-32-19/output/tanning_shop_ie_gb.geojson
Tapi,,gb,tapi_gb,https://alltheplaces.xyz/spiders.html?page_length=-1&num_runs=1,228,,https://alltheplaces-data.openaddresses.io/runs/2026-07-18-13-32-19/output/tapi_gb.geojson
Tax Assist,,gb,tax_assist_gb,https://alltheplaces.xyz/spiders.html?page_length=-1&num_runs=1,395,,https://alltheplaces-data.openaddresses.io/runs/2026-07-18-13-32-19/output/tax_assist_gb.geojson
TCC,,us,tcc_us,https://alltheplaces.xyz/spiders.html?page_length=-1&num_runs=1,595,,https://alltheplaces-data.openaddresses.io/runs/2026-07-18-13-32-19/output/tcc_us.geojson
Td Bank,,,td_bank,https://alltheplaces.xyz/spiders.html?page_length=-1&num_runs=1,"2,746",,https://alltheplaces-data.openaddresses.io/runs/2026-07-18-13-32-19/output/td_bank.geojson
Team Sport,,gb,team_sport_gb,https://alltheplaces.xyz/spiders.html?page_length=-1&num_runs=1,38,,https://alltheplaces-data.openaddresses.io/runs/2026-07-18-13-32-19/output/team_sport_gb.geojson
Tedi,,,tedi,https://alltheplaces.xyz/spiders.html?page_length=-1&num_runs=1,"3,648",,https://alltheplaces-data.openaddresses.io/runs/2026-07-18-13-32-19/output/tedi.geojson
Teds Camera Stores,,au,teds_camera_stores_au,https://alltheplaces.xyz/spiders.html?page_length=-1&num_runs=1,14,,https://alltheplaces-data.openaddresses.io/runs/2026-07-18-13-32-19/output/teds_camera_stores_au.geojson
Tempur Pedic,,us,tempur_pedic_us,https://alltheplaces.xyz/spiders.html?page_length=-1&num_runs=1,115,,https://alltheplaces-data.openaddresses.io/runs/2026-07-18-13-32-19/output/tempur_pedic_us.geojson
Terranova,,,terranova,https://alltheplaces.xyz/spiders.html?page_length=-1&num_runs=1,588,,https://alltheplaces-data.openaddresses.io/runs/2026-07-18-13-32-19/output/terranova.geojson
Terribles,,us,terribles_us,https://alltheplaces.xyz/spiders.html?page_length=-1&num_runs=1,90,,https://alltheplaces-data.openaddresses.io/runs/2026-07-18-13-32-19/output/terribles_us.geojson
Tesco,,gb,tesco_gb,https://alltheplaces.xyz/spiders.html?page_length=-1&num_runs=1,"4,189",,https://alltheplaces-data.openaddresses.io/runs/2026-07-18-13-32-19/output/tesco_gb.geojson
Tgi Fridays,,au,tgi_fridays_au,https://alltheplaces.xyz/spiders.html?page_length=-1&num_runs=1,17,,https://alltheplaces-data.openaddresses.io/runs/2026-07-18-13-32-19/output/tgi_fridays_au.geojson
Tgi Fridays,,gb,tgi_fridays_gb,https://alltheplaces.xyz/spiders.html?page_length=-1&num_runs=1,29,,https://alltheplaces-data.openaddresses.io/runs/2026-07-18-13-32-19/output/tgi_fridays_gb.geojson
The Athletes Foot,,,the_athletes_foot,https://alltheplaces.xyz/spiders.html?page_length=-1&num_runs=1,42,,https://alltheplaces-data.openaddresses.io/runs/2026-07-18-13-32-19/output/the_athletes_foot.geojson
The Bar Method,,us,the_bar_method_ca_us,https://alltheplaces.xyz/spiders.html?page_length=-1&num_runs=1,,,https://alltheplaces-data.openaddresses.io/runs/2026-07-18-13-32-19/output/the_bar_method_ca_us.geojson
The Bargain Shop,,ca,the_bargain_shop_ca,https://alltheplaces.xyz/spiders.html?page_length=-1&num_runs=1,142,,https://alltheplaces-data.openaddresses.io/runs/2026-07-18-13-32-19/output/the_bargain_shop_ca.geojson
The Barre Code,,us,the_barre_code_us,https://alltheplaces.xyz/spiders.html?page_length=-1&num_runs=1,,,https://alltheplaces-data.openaddresses.io/runs/2026-07-18-13-32-19/output/the_barre_code_us.geojson
The Body Shop,,au,the_body_shop_au,https://alltheplaces.xyz/spiders.html?page_length=-1&num_runs=1,87,,https://alltheplaces-data.openaddresses.io/runs/2026-07-18-13-32-19/output/the_body_shop_au.geojson
The Body Shop,,ca,the_body_shop_ca,https://alltheplaces.xyz/spiders.html?page_length=-1&num_runs=1,71,,https://alltheplaces-data.openaddresses.io/runs/2026-07-18-13-32-19/output/the_body_shop_ca.geojson
The Body Shop,,gb,the_body_shop_gb,https://alltheplaces.xyz/spiders.html?page_length=-1&num_runs=1,109,,https://alltheplaces-data.openaddresses.io/runs/2026-07-18-13-32-19/output/the_body_shop_gb.geojson
The Brass Tap,,us,the_brass_tap_us,https://alltheplaces.xyz/spiders.html?page_length=-1&num_runs=1,51,,https://alltheplaces-data.openaddresses.io/runs/2026-07-18-13-32-19/output/the_brass_tap_us.geojson
The Cheesecake Factory,,,the_cheesecake_factory,https://alltheplaces.xyz/spiders.html?page_length=-1&num_runs=1,217,,https://alltheplaces-data.openaddresses.io/runs/2026-07-18-13-32-19/output/the_cheesecake_factory.geojson
The Cheesecake Shop,,,the_cheesecake_shop,https://alltheplaces.xyz/spiders.html?page_length=-1&num_runs=1,262,,https://alltheplaces-data.openaddresses.io/runs/2026-07-18-13-32-19/output/the_cheesecake_shop.geojson
The Coffee Club,,au,the_coffee_club_au,https://alltheplaces.xyz/spiders.html?page_length=-1&num_runs=1,195,,https://alltheplaces-data.openaddresses.io/runs/2026-07-18-13-32-19/output/the_coffee_club_au.geojson
The Container Store,,,the_container_store,https://alltheplaces.xyz/spiders.html?page_length=-1&num_runs=1,108,,https://alltheplaces-data.openaddresses.io/runs/2026-07-18-13-32-19/output/the_container_store.geojson
The Cooperative Group,,,the_cooperative_group,https://alltheplaces.xyz/spiders.html?page_length=-1&num_runs=1,,,https://alltheplaces-data.openaddresses.io/runs/2026-07-18-13-32-19/output/the_cooperative_group.geojson
The Crazy Store,,,the_crazy_store,https://alltheplaces.xyz/spiders.html?page_length=-1&num_runs=1,532,,https://alltheplaces-data.openaddresses.io/runs/2026-07-18-13-32-19/output/the_crazy_store.geojson
The Entertainer,,gb,the_entertainer_gb,https://alltheplaces.xyz/spiders.html?page_length=-1&num_runs=1,,,https://alltheplaces-data.openaddresses.io/runs/2026-07-18-13-32-19/output/the_entertainer_gb.geojson
The Exercise Coach,,us,the_exercise_coach_us,https://alltheplaces.xyz/spiders.html?page_length=-1&num_runs=1,231,,https://alltheplaces-data.openaddresses.io/runs/2026-07-18-13-32-19/output/the_exercise_coach_us.geojson
The Food Warehouse,,gb,the_food_warehouse_gb,https://alltheplaces.xyz/spiders.html?page_length=-1&num_runs=1,214,,https://alltheplaces-data.openaddresses.io/runs/2026-07-18-13-32-19/output/the_food_warehouse_gb.geojson
The Fragrance Shop,,gb,the_fragrance_shop_gb,https://alltheplaces.xyz/spiders.html?page_length=-1&num_runs=1,,,https://alltheplaces-data.openaddresses.io/runs/2026-07-18-13-32-19/output/the_fragrance_shop_gb.geojson
The Good Guys,,au,the_good_guys_au,https://alltheplaces.xyz/spiders.html?page_length=-1&num_runs=1,113,,https://alltheplaces-data.openaddresses.io/runs/2026-07-18-13-32-19/output/the_good_guys_au.geojson
The Groove Train,,au,the_groove_train_au,https://alltheplaces.xyz/spiders.html?page_length=-1&num_runs=1,7,,https://alltheplaces-data.openaddresses.io/runs/2026-07-18-13-32-19/output/the_groove_train_au.geojson
The Gym Group,,gb,the_gym_group_gb,https://alltheplaces.xyz/spiders.html?page_length=-1&num_runs=1,271,,https://alltheplaces-data.openaddresses.io/runs/2026-07-18-13-32-19/output/the_gym_group_gb.geojson
The Perfume Shop,,gb,the_perfume_shop_gb,https://alltheplaces.xyz/spiders.html?page_length=-1&num_runs=1,,,https://alltheplaces-data.openaddresses.io/runs/2026-07-18-13-32-19/output/the_perfume_shop_gb.geojson
The Plantbase Store,,gb,the_plantbase_store_gb,https://alltheplaces.xyz/spiders.html?page_length=-1&num_runs=1,11,,https://alltheplaces-data.openaddresses.io/runs/2026-07-18-13-32-19/output/the_plantbase_store_gb.geojson
The Range,,,the_range,https://alltheplaces.xyz/spiders.html?page_length=-1&num_runs=1,257,,https://alltheplaces-data.openaddresses.io/runs/2026-07-18-13-32-19/output/the_range.geojson
The Whisky Shop,,gb,the_whisky_shop_gb,https://alltheplaces.xyz/spiders.html?page_length=-1&num_runs=1,22,,https://alltheplaces-data.openaddresses.io/runs/2026-07-18-13-32-19/output/the_whisky_shop_gb.geojson
The Works,,,the_works,https://alltheplaces.xyz/spiders.html?page_length=-1&num_runs=1,499,,https://alltheplaces-data.openaddresses.io/runs/2026-07-18-13-32-19/output/the_works.geojson
Thirsty Camel,,au,thirsty_camel_au,https://alltheplaces.xyz/spiders.html?page_length=-1&num_runs=1,257,,https://alltheplaces-data.openaddresses.io/runs/2026-07-18-13-32-19/output/thirsty_camel_au.geojson
Three,,gb,three_gb,https://alltheplaces.xyz/spiders.html?page_length=-1&num_runs=1,399,,https://alltheplaces-data.openaddresses.io/runs/2026-07-18-13-32-19/output/three_gb.geojson
Ticketmaster,,au,ticketmaster_au,https://alltheplaces.xyz/spiders.html?page_length=-1&num_runs=1,,,https://alltheplaces-data.openaddresses.io/runs/2026-07-18-13-32-19/output/ticketmaster_au.geojson
Tiffany,,,tiffany,https://alltheplaces.xyz/spiders.html?page_length=-1&num_runs=1,,,https://alltheplaces-data.openaddresses.io/runs/2026-07-18-13-32-19/output/tiffany.geojson
Tijuana Flats,,,tijuana_flats,https://alltheplaces.xyz/spiders.html?page_length=-1&num_runs=1,79,,https://alltheplaces-data.openaddresses.io/runs/2026-07-18-13-32-19/output/tijuana_flats.geojson
Tim Hortons,,,tim_hortons,https://alltheplaces.xyz/spiders.html?page_length=-1&num_runs=1,"4,598",,https://alltheplaces-data.openaddresses.io/runs/2026-07-18-13-32-19/output/tim_hortons.geojson
Timberland,,,timberland,https://alltheplaces.xyz/spiders.html?page_length=-1&num_runs=1,801,,https://alltheplaces-data.openaddresses.io/runs/2026-07-18-13-32-19/output/timberland.geojson
Timpson Group,,,timpson_group,https://alltheplaces.xyz/spiders.html?page_length=-1&num_runs=1,"5,612",,https://alltheplaces-data.openaddresses.io/runs/2026-07-18-13-32-19/output/timpson_group.geojson
Tk Maxx,,gb,tk_maxx_gb,https://alltheplaces.xyz/spiders.html?page_length=-1&num_runs=1,430,,https://alltheplaces-data.openaddresses.io/runs/2026-07-18-13-32-19/output/tk_maxx_gb.geojson
Toby Carvery,,gb,toby_carvery_gb,https://alltheplaces.xyz/spiders.html?page_length=-1&num_runs=1,,,https://alltheplaces-data.openaddresses.io/runs/2026-07-18-13-32-19/output/toby_carvery_gb.geojson
Tog24,,gb,tog24_gb,https://alltheplaces.xyz/spiders.html?page_length=-1&num_runs=1,29,,https://alltheplaces-data.openaddresses.io/runs/2026-07-18-13-32-19/output/tog24_gb.geojson
Togos,,us,togos_us,https://alltheplaces.xyz/spiders.html?page_length=-1&num_runs=1,139,,https://alltheplaces-data.openaddresses.io/runs/2026-07-18-13-32-19/output/togos_us.geojson
Tom N Toms,,,tom_n_toms,https://alltheplaces.xyz/spiders.html?page_length=-1&num_runs=1,277,,https://alltheplaces-data.openaddresses.io/runs/2026-07-18-13-32-19/output/tom_n_toms.geojson
Tom Wahls,,us,tom_wahls_us,https://alltheplaces.xyz/spiders.html?page_length=-1&num_runs=1,6,,https://alltheplaces-data.openaddresses.io/runs/2026-07-18-13-32-19/output/tom_wahls_us.geojson
Tommy Hilfiger,,ca,tommy_hilfiger_ca,https://alltheplaces.xyz/spiders.html?page_length=-1&num_runs=1,33,,https://alltheplaces-data.openaddresses.io/runs/2026-07-18-13-32-19/output/tommy_hilfiger_ca.geojson
Tommy Hilfiger,,gb,tommy_hilfiger_gb,https://alltheplaces.xyz/spiders.html?page_length=-1&num_runs=1,34,,https://alltheplaces-data.openaddresses.io/runs/2026-07-18-13-32-19/output/tommy_hilfiger_gb.geojson
Tommy Hilfiger,,us,tommy_hilfiger_us,https://alltheplaces.xyz/spiders.html?page_length=-1&num_runs=1,139,,https://alltheplaces-data.openaddresses.io/runs/2026-07-18-13-32-19/output/tommy_hilfiger_us.geojson
Tomtom,,,tomtom,https://alltheplaces.xyz/spiders.html?page_length=-1&num_runs=1,27,,https://alltheplaces-data.openaddresses.io/runs/2026-07-18-13-32-19/output/tomtom.geojson
Topps Tiles,,gb,topps_tiles_gb,https://alltheplaces.xyz/spiders.html?page_length=-1&num_runs=1,280,,https://alltheplaces-data.openaddresses.io/runs/2026-07-18-13-32-19/output/topps_tiles_gb.geojson
Tops,,us,tops_us,https://alltheplaces.xyz/spiders.html?page_length=-1&num_runs=1,143,,https://alltheplaces-data.openaddresses.io/runs/2026-07-18-13-32-19/output/tops_us.geojson
Tops At Spar,,,tops_at_spar,https://alltheplaces.xyz/spiders.html?page_length=-1&num_runs=1,921,,https://alltheplaces-data.openaddresses.io/runs/2026-07-18-13-32-19/output/tops_at_spar.geojson
Tops Pizza,,gb,tops_pizza_gb,https://alltheplaces.xyz/spiders.html?page_length=-1&num_runs=1,88,,https://alltheplaces-data.openaddresses.io/runs/2026-07-18-13-32-19/output/tops_pizza_gb.geojson
Tortilla,,gb,tortilla_gb,https://alltheplaces.xyz/spiders.html?page_length=-1&num_runs=1,78,,https://alltheplaces-data.openaddresses.io/runs/2026-07-18-13-32-19/output/tortilla_gb.geojson
Total Tools,,au,total_tools_au,https://alltheplaces.xyz/spiders.html?page_length=-1&num_runs=1,129,,https://alltheplaces-data.openaddresses.io/runs/2026-07-18-13-32-19/output/total_tools_au.geojson
Totally Workwear,,au,totally_workwear_au,https://alltheplaces.xyz/spiders.html?page_length=-1&num_runs=1,83,,https://alltheplaces-data.openaddresses.io/runs/2026-07-18-13-32-19/output/totally_workwear_au.geojson
Touchstone Medical Imaging,,us,touchstone_medical_imaging_us,https://alltheplaces.xyz/spiders.html?page_length=-1&num_runs=1,65,,https://alltheplaces-data.openaddresses.io/runs/2026-07-18-13-32-19/output/touchstone_medical_imaging_us.geojson
Tous Les Jours,,,tous_les_jours,https://alltheplaces.xyz/spiders.html?page_length=-1&num_runs=1,207,,https://alltheplaces-data.openaddresses.io/runs/2026-07-18-13-32-19/output/tous_les_jours.geojson
Tower Loan,,us,tower_loan_us,https://alltheplaces.xyz/spiders.html?page_length=-1&num_runs=1,265,,https://alltheplaces-data.openaddresses.io/runs/2026-07-18-13-32-19/output/tower_loan_us.geojson
Toymaster,,,toymaster,https://alltheplaces.xyz/spiders.html?page_length=-1&num_runs=1,330,,https://alltheplaces-data.openaddresses.io/runs/2026-07-18-13-32-19/output/toymaster.geojson
Toyota,,ar,toyota_ar,https://alltheplaces.xyz/spiders.html?page_length=-1&num_runs=1,118,,https://alltheplaces-data.openaddresses.io/runs/2026-07-18-13-32-19/output/toyota_ar.geojson
Toyota,,ca,toyota_ca,https://alltheplaces.xyz/spiders.html?page_length=-1&num_runs=1,574,,https://alltheplaces-data.openaddresses.io/runs/2026-07-18-13-32-19/output/toyota_ca.geojson
Toyota,,us,toyota_us,https://alltheplaces.xyz/spiders.html?page_length=-1&num_runs=1,,,https://alltheplaces-data.openaddresses.io/runs/2026-07-18-13-32-19/output/toyota_us.geojson
Toyota Africa,,,toyota_africa,https://alltheplaces.xyz/spiders.html?page_length=-1&num_runs=1,7,,https://alltheplaces-data.openaddresses.io/runs/2026-07-18-13-32-19/output/toyota_africa.geojson
Toyota Sacu,,,toyota_sacu,https://alltheplaces.xyz/spiders.html?page_length=-1&num_runs=1,599,,https://alltheplaces-data.openaddresses.io/runs/2026-07-18-13-32-19/output/toyota_sacu.geojson
Toys R,,gb,toys_r_us_gb,https://alltheplaces.xyz/spiders.html?page_length=-1&num_runs=1,138,,https://alltheplaces-data.openaddresses.io/runs/2026-07-18-13-32-19/output/toys_r_us_gb.geojson
Toyworld,,au,toyworld_au,https://alltheplaces.xyz/spiders.html?page_length=-1&num_runs=1,112,,https://alltheplaces-data.openaddresses.io/runs/2026-07-18-13-32-19/output/toyworld_au.geojson
Trade Point,,gb,trade_point_gb,https://alltheplaces.xyz/spiders.html?page_length=-1&num_runs=1,315,,https://alltheplaces-data.openaddresses.io/runs/2026-07-18-13-32-19/output/trade_point_gb.geojson
Transport For Wales,,gb,transport_for_wales_gb,https://alltheplaces.xyz/spiders.html?page_length=-1&num_runs=1,248,,https://alltheplaces-data.openaddresses.io/runs/2026-07-18-13-32-19/output/transport_for_wales_gb.geojson
Travelex,,,travelex,https://alltheplaces.xyz/spiders.html?page_length=-1&num_runs=1,498,,https://alltheplaces-data.openaddresses.io/runs/2026-07-18-13-32-19/output/travelex.geojson
Travelodge,,gb,travelodge_gb,https://alltheplaces.xyz/spiders.html?page_length=-1&num_runs=1,598,,https://alltheplaces-data.openaddresses.io/runs/2026-07-18-13-32-19/output/travelodge_gb.geojson
Trek Bikes,,,trek_bikes,https://alltheplaces.xyz/spiders.html?page_length=-1&num_runs=1,391,,https://alltheplaces-data.openaddresses.io/runs/2026-07-18-13-32-19/output/trek_bikes.geojson
Triumph,,,triumph,https://alltheplaces.xyz/spiders.html?page_length=-1&num_runs=1,313,,https://alltheplaces-data.openaddresses.io/runs/2026-07-18-13-32-19/output/triumph.geojson
Truckline,,au,truckline_au,https://alltheplaces.xyz/spiders.html?page_length=-1&num_runs=1,56,,https://alltheplaces-data.openaddresses.io/runs/2026-07-18-13-32-19/output/truckline_au.geojson
Tructyre,,gb,tructyre_gb,https://alltheplaces.xyz/spiders.html?page_length=-1&num_runs=1,51,,https://alltheplaces-data.openaddresses.io/runs/2026-07-18-13-32-19/output/tructyre_gb.geojson
Truist,,us,truist_us,https://alltheplaces.xyz/spiders.html?page_length=-1&num_runs=1,"3,343",,https://alltheplaces-data.openaddresses.io/runs/2026-07-18-13-32-19/output/truist_us.geojson
Trussell Trust,,gb,trussell_trust_gb,https://alltheplaces.xyz/spiders.html?page_length=-1&num_runs=1,"1,212",,https://alltheplaces-data.openaddresses.io/runs/2026-07-18-13-32-19/output/trussell_trust_gb.geojson
Truworths,,,truworths,https://alltheplaces.xyz/spiders.html?page_length=-1&num_runs=1,768,,https://alltheplaces-data.openaddresses.io/runs/2026-07-18-13-32-19/output/truworths.geojson
Tsb,,gb,tsb_gb,https://alltheplaces.xyz/spiders.html?page_length=-1&num_runs=1,222,,https://alltheplaces-data.openaddresses.io/runs/2026-07-18-13-32-19/output/tsb_gb.geojson
Tsuruhadrug,,,tsuruhadrug,https://alltheplaces.xyz/spiders.html?page_length=-1&num_runs=1,"2,931",,https://alltheplaces-data.openaddresses.io/runs/2026-07-18-13-32-19/output/tsuruhadrug.geojson
Tui,,gb,tui_gb,https://alltheplaces.xyz/spiders.html?page_length=-1&num_runs=1,,,https://alltheplaces-data.openaddresses.io/runs/2026-07-18-13-32-19/output/tui_gb.geojson
Tui,,,tui,https://alltheplaces.xyz/spiders.html?page_length=-1&num_runs=1,"1,239",,https://alltheplaces-data.openaddresses.io/runs/2026-07-18-13-32-19/output/tui.geojson
Twenty Four Hour Fitness,,us,twenty_four_hour_fitness_us,https://alltheplaces.xyz/spiders.html?page_length=-1&num_runs=1,239,,https://alltheplaces-data.openaddresses.io/runs/2026-07-18-13-32-19/output/twenty_four_hour_fitness_us.geojson
Twoxu,,au,twoxu_au,https://alltheplaces.xyz/spiders.html?page_length=-1&num_runs=1,20,,https://alltheplaces-data.openaddresses.io/runs/2026-07-18-13-32-19/output/twoxu_au.geojson
Tyreplus,,ae,tyreplus_ae,https://alltheplaces.xyz/spiders.html?page_length=-1&num_runs=1,28,,https://alltheplaces-data.openaddresses.io/runs/2026-07-18-13-32-19/output/tyreplus_ae.geojson
Tyreplus,,au,tyreplus_au,https://alltheplaces.xyz/spiders.html?page_length=-1&num_runs=1,77,,https://alltheplaces-data.openaddresses.io/runs/2026-07-18-13-32-19/output/tyreplus_au.geojson
Tyrepower,,au,tyrepower_au,https://alltheplaces.xyz/spiders.html?page_length=-1&num_runs=1,341,,https://alltheplaces-data.openaddresses.io/runs/2026-07-18-13-32-19/output/tyrepower_au.geojson
Ubitricity,,,ubitricity,https://alltheplaces.xyz/spiders.html?page_length=-1&num_runs=1,,,https://alltheplaces-data.openaddresses.io/runs/2026-07-18-13-32-19/output/ubitricity.geojson
Udrop,,,udrop,https://alltheplaces.xyz/spiders.html?page_length=-1&num_runs=1,,,https://alltheplaces-data.openaddresses.io/runs/2026-07-18-13-32-19/output/udrop.geojson
Ufs,,au,ufs_au,https://alltheplaces.xyz/spiders.html?page_length=-1&num_runs=1,19,,https://alltheplaces-data.openaddresses.io/runs/2026-07-18-13-32-19/output/ufs_au.geojson
Ulster Bank,,gb,ulster_bank_gb,https://alltheplaces.xyz/spiders.html?page_length=-1&num_runs=1,44,,https://alltheplaces-data.openaddresses.io/runs/2026-07-18-13-32-19/output/ulster_bank_gb.geojson
Ultra Tune,,au,ultra_tune_au,https://alltheplaces.xyz/spiders.html?page_length=-1&num_runs=1,282,,https://alltheplaces-data.openaddresses.io/runs/2026-07-18-13-32-19/output/ultra_tune_au.geojson
Unbank,,us,unbank_us,https://alltheplaces.xyz/spiders.html?page_length=-1&num_runs=1,787,,https://alltheplaces-data.openaddresses.io/runs/2026-07-18-13-32-19/output/unbank_us.geojson
Undiz,,,undiz,https://alltheplaces.xyz/spiders.html?page_length=-1&num_runs=1,220,,https://alltheplaces-data.openaddresses.io/runs/2026-07-18-13-32-19/output/undiz.geojson
United Bank,,us,united_bank_us,https://alltheplaces.xyz/spiders.html?page_length=-1&num_runs=1,273,,https://alltheplaces-data.openaddresses.io/runs/2026-07-18-13-32-19/output/united_bank_us.geojson
United Petroleum,,au,united_petroleum_au,https://alltheplaces.xyz/spiders.html?page_length=-1&num_runs=1,"1,123",,https://alltheplaces-data.openaddresses.io/runs/2026-07-18-13-32-19/output/united_petroleum_au.geojson
United Rentals,,,united_rentals,https://alltheplaces.xyz/spiders.html?page_length=-1&num_runs=1,,,https://alltheplaces-data.openaddresses.io/runs/2026-07-18-13-32-19/output/united_rentals.geojson
United Surgical Partners International,,,united_surgical_partners_international,https://alltheplaces.xyz/spiders.html?page_length=-1&num_runs=1,544,,https://alltheplaces-data.openaddresses.io/runs/2026-07-18-13-32-19/output/united_surgical_partners_international.geojson
Universal Store,,au,universal_store_au,https://alltheplaces.xyz/spiders.html?page_length=-1&num_runs=1,87,,https://alltheplaces-data.openaddresses.io/runs/2026-07-18-13-32-19/output/universal_store_au.geojson
Up & Running,,gb,up_and_running_gb,https://alltheplaces.xyz/spiders.html?page_length=-1&num_runs=1,3,,https://alltheplaces-data.openaddresses.io/runs/2026-07-18-13-32-19/output/up_and_running_gb.geojson
Ups Freight Service Centers,,,ups_freight_service_centers,https://alltheplaces.xyz/spiders.html?page_length=-1&num_runs=1,,,https://alltheplaces-data.openaddresses.io/runs/2026-07-18-13-32-19/output/ups_freight_service_centers.geojson
Urban Plates,,us,urban_plates_us,https://alltheplaces.xyz/spiders.html?page_length=-1&num_runs=1,22,,https://alltheplaces-data.openaddresses.io/runs/2026-07-18-13-32-19/output/urban_plates_us.geojson
Urbn,,,urbn,https://alltheplaces.xyz/spiders.html?page_length=-1&num_runs=1,801,,https://alltheplaces-data.openaddresses.io/runs/2026-07-18-13-32-19/output/urbn.geojson
Us Army National Guard,,,us_army_national_guard,https://alltheplaces.xyz/spiders.html?page_length=-1&num_runs=1,"2,296",,https://alltheplaces-data.openaddresses.io/runs/2026-07-18-13-32-19/output/us_army_national_guard.geojson
Usave,,gb,usave_gb,https://alltheplaces.xyz/spiders.html?page_length=-1&num_runs=1,245,,https://alltheplaces-data.openaddresses.io/runs/2026-07-18-13-32-19/output/usave_gb.geojson
Vallarta,,us,vallarta_us,https://alltheplaces.xyz/spiders.html?page_length=-1&num_runs=1,65,,https://alltheplaces-data.openaddresses.io/runs/2026-07-18-13-32-19/output/vallarta_us.geojson
Valley Bank,,us,valley_bank_us,https://alltheplaces.xyz/spiders.html?page_length=-1&num_runs=1,473,,https://alltheplaces-data.openaddresses.io/runs/2026-07-18-13-32-19/output/valley_bank_us.geojson
Valora,,,valora,https://alltheplaces.xyz/spiders.html?page_length=-1&num_runs=1,"2,690",,https://alltheplaces-data.openaddresses.io/runs/2026-07-18-13-32-19/output/valora.geojson
Van Der Valk,,,van_der_valk,https://alltheplaces.xyz/spiders.html?page_length=-1&num_runs=1,140,,https://alltheplaces-data.openaddresses.io/runs/2026-07-18-13-32-19/output/van_der_valk.geojson
Vans,,,vans,https://alltheplaces.xyz/spiders.html?page_length=-1&num_runs=1,,,https://alltheplaces-data.openaddresses.io/runs/2026-07-18-13-32-19/output/vans.geojson
VCA,,us,vca_us,https://alltheplaces.xyz/spiders.html?page_length=-1&num_runs=1,854,,https://alltheplaces-data.openaddresses.io/runs/2026-07-18-13-32-19/output/vca_us.geojson
Veggie Grill,,us,veggie_grill_us,https://alltheplaces.xyz/spiders.html?page_length=-1&num_runs=1,15,,https://alltheplaces-data.openaddresses.io/runs/2026-07-18-13-32-19/output/veggie_grill_us.geojson
Verve Coffee Roasters,,us,verve_coffee_roasters_us,https://alltheplaces.xyz/spiders.html?page_length=-1&num_runs=1,11,,https://alltheplaces-data.openaddresses.io/runs/2026-07-18-13-32-19/output/verve_coffee_roasters_us.geojson
Vestis Uniform Services,,us,vestis_uniform_services_us,https://alltheplaces.xyz/spiders.html?page_length=-1&num_runs=1,281,,https://alltheplaces-data.openaddresses.io/runs/2026-07-18-13-32-19/output/vestis_uniform_services_us.geojson
Vets4Pets,,gb,vets4pets_gb,https://alltheplaces.xyz/spiders.html?page_length=-1&num_runs=1,457,,https://alltheplaces-data.openaddresses.io/runs/2026-07-18-13-32-19/output/vets4pets_gb.geojson
Via 313,,us,via_313_us,https://alltheplaces.xyz/spiders.html?page_length=-1&num_runs=1,28,,https://alltheplaces-data.openaddresses.io/runs/2026-07-18-13-32-19/output/via_313_us.geojson
Vida E Caffe,,,vida_e_caffe,https://alltheplaces.xyz/spiders.html?page_length=-1&num_runs=1,460,,https://alltheplaces-data.openaddresses.io/runs/2026-07-18-13-32-19/output/vida_e_caffe.geojson
Videopro,,au,videopro_au,https://alltheplaces.xyz/spiders.html?page_length=-1&num_runs=1,4,,https://alltheplaces-data.openaddresses.io/runs/2026-07-18-13-32-19/output/videopro_au.geojson
Villa Madina,,ca,villa_madina_ca,https://alltheplaces.xyz/spiders.html?page_length=-1&num_runs=1,27,,https://alltheplaces-data.openaddresses.io/runs/2026-07-18-13-32-19/output/villa_madina_ca.geojson
Village Hotels,,gb,village_hotels_gb,https://alltheplaces.xyz/spiders.html?page_length=-1&num_runs=1,34,,https://alltheplaces-data.openaddresses.io/runs/2026-07-18-13-32-19/output/village_hotels_gb.geojson
Vince,,,vince,https://alltheplaces.xyz/spiders.html?page_length=-1&num_runs=1,53,,https://alltheplaces-data.openaddresses.io/runs/2026-07-18-13-32-19/output/vince.geojson
Vinnies,,au,vinnies_au,https://alltheplaces.xyz/spiders.html?page_length=-1&num_runs=1,638,,https://alltheplaces-data.openaddresses.io/runs/2026-07-18-13-32-19/output/vinnies_au.geojson
Vintage Inns,,gb,vintage_inns_gb,https://alltheplaces.xyz/spiders.html?page_length=-1&num_runs=1,176,,https://alltheplaces-data.openaddresses.io/runs/2026-07-18-13-32-19/output/vintage_inns_gb.geojson
Virgin Active,,au,virgin_active_au,https://alltheplaces.xyz/spiders.html?page_length=-1&num_runs=1,9,,https://alltheplaces-data.openaddresses.io/runs/2026-07-18-13-32-19/output/virgin_active_au.geojson
Virgin Money,,gb,virgin_money_gb,https://alltheplaces.xyz/spiders.html?page_length=-1&num_runs=1,91,,https://alltheplaces-data.openaddresses.io/runs/2026-07-18-13-32-19/output/virgin_money_gb.geojson
Vision Express,,gb,vision_express_gb,https://alltheplaces.xyz/spiders.html?page_length=-1&num_runs=1,533,,https://alltheplaces-data.openaddresses.io/runs/2026-07-18-13-32-19/output/vision_express_gb.geojson
Vitalia,,,vitalia,https://alltheplaces.xyz/spiders.html?page_length=-1&num_runs=1,72,,https://alltheplaces-data.openaddresses.io/runs/2026-07-18-13-32-19/output/vitalia.geojson
Viva Chicken,,,viva_chicken,https://alltheplaces.xyz/spiders.html?page_length=-1&num_runs=1,15,,https://alltheplaces-data.openaddresses.io/runs/2026-07-18-13-32-19/output/viva_chicken.geojson
Volksbank,,at,volksbank_at,https://alltheplaces.xyz/spiders.html?page_length=-1&num_runs=1,163,,https://alltheplaces-data.openaddresses.io/runs/2026-07-18-13-32-19/output/volksbank_at.geojson
Volvo,,,volvo,https://alltheplaces.xyz/spiders.html?page_length=-1&num_runs=1,841,Dealer,https://alltheplaces-data.openaddresses.io/runs/2026-07-18-13-32-19/output/volvo.geojson
Voyage Care,,gb,voyage_care_gb,https://alltheplaces.xyz/spiders.html?page_length=-1&num_runs=1,278,,https://alltheplaces-data.openaddresses.io/runs/2026-07-18-13-32-19/output/voyage_care_gb.geojson
Vpz,,gb,vpz_gb,https://alltheplaces.xyz/spiders.html?page_length=-1&num_runs=1,203,,https://alltheplaces-data.openaddresses.io/runs/2026-07-18-13-32-19/output/vpz_gb.geojson
Vue Cinemas,,,vue_cinemas,https://alltheplaces.xyz/spiders.html?page_length=-1&num_runs=1,,,https://alltheplaces-data.openaddresses.io/runs/2026-07-18-13-32-19/output/vue_cinemas.geojson
Vuori,,,vuori,https://alltheplaces.xyz/spiders.html?page_length=-1&num_runs=1,134,,https://alltheplaces-data.openaddresses.io/runs/2026-07-18-13-32-19/output/vuori.geojson
Waba Grill,,us,waba_grill_us,https://alltheplaces.xyz/spiders.html?page_length=-1&num_runs=1,193,,https://alltheplaces-data.openaddresses.io/runs/2026-07-18-13-32-19/output/waba_grill_us.geojson
Waffle House,,us,waffle_house_us,https://alltheplaces.xyz/spiders.html?page_length=-1&num_runs=1,"2,092",,https://alltheplaces-data.openaddresses.io/runs/2026-07-18-13-32-19/output/waffle_house_us.geojson
Wagamama,,gb,wagamama_gb,https://alltheplaces.xyz/spiders.html?page_length=-1&num_runs=1,173,,https://alltheplaces-data.openaddresses.io/runs/2026-07-18-13-32-19/output/wagamama_gb.geojson
Wahoos,,us,wahoos_us,https://alltheplaces.xyz/spiders.html?page_length=-1&num_runs=1,37,,https://alltheplaces-data.openaddresses.io/runs/2026-07-18-13-32-19/output/wahoos_us.geojson
Wanderhotels,,,wanderhotels,https://alltheplaces.xyz/spiders.html?page_length=-1&num_runs=1,56,,https://alltheplaces-data.openaddresses.io/runs/2026-07-18-13-32-19/output/wanderhotels.geojson
Wards Restaurant,,us,wards_restaurant_us,https://alltheplaces.xyz/spiders.html?page_length=-1&num_runs=1,38,,https://alltheplaces-data.openaddresses.io/runs/2026-07-18-13-32-19/output/wards_restaurant_us.geojson
Warhammer,,,warhammer,https://alltheplaces.xyz/spiders.html?page_length=-1&num_runs=1,576,,https://alltheplaces-data.openaddresses.io/runs/2026-07-18-13-32-19/output/warhammer.geojson
Warren James,,gb,warren_james_gb,https://alltheplaces.xyz/spiders.html?page_length=-1&num_runs=1,208,,https://alltheplaces-data.openaddresses.io/runs/2026-07-18-13-32-19/output/warren_james_gb.geojson
Wash World,,,wash_world,https://alltheplaces.xyz/spiders.html?page_length=-1&num_runs=1,113,,https://alltheplaces-data.openaddresses.io/runs/2026-07-18-13-32-19/output/wash_world.geojson
Waterstones,,,waterstones,https://alltheplaces.xyz/spiders.html?page_length=-1&num_runs=1,307,,https://alltheplaces-data.openaddresses.io/runs/2026-07-18-13-32-19/output/waterstones.geojson
Wawa,,,wawa,https://alltheplaces.xyz/spiders.html?page_length=-1&num_runs=1,919,,https://alltheplaces-data.openaddresses.io/runs/2026-07-18-13-32-19/output/wawa.geojson
Webuyanycar,,gb,webuyanycar_gb,https://alltheplaces.xyz/spiders.html?page_length=-1&num_runs=1,,,https://alltheplaces-data.openaddresses.io/runs/2026-07-18-13-32-19/output/webuyanycar_gb.geojson
Weekend Max Mara,,,weekend_max_mara,https://alltheplaces.xyz/spiders.html?page_length=-1&num_runs=1,295,,https://alltheplaces-data.openaddresses.io/runs/2026-07-18-13-32-19/output/weekend_max_mara.geojson
Weigels,,us,weigels_us,https://alltheplaces.xyz/spiders.html?page_length=-1&num_runs=1,90,,https://alltheplaces-data.openaddresses.io/runs/2026-07-18-13-32-19/output/weigels_us.geojson
Welcome,,gb,welcome_gb,https://alltheplaces.xyz/spiders.html?page_length=-1&num_runs=1,,,https://alltheplaces-data.openaddresses.io/runs/2026-07-18-13-32-19/output/welcome_gb.geojson
Well,,gb,well_gb,https://alltheplaces.xyz/spiders.html?page_length=-1&num_runs=1,590,,https://alltheplaces-data.openaddresses.io/runs/2026-07-18-13-32-19/output/well_gb.geojson
Wellstar,,us,wellstar_us,https://alltheplaces.xyz/spiders.html?page_length=-1&num_runs=1,,,https://alltheplaces-data.openaddresses.io/runs/2026-07-18-13-32-19/output/wellstar_us.geojson
Wesola Pani,,,wesola_pani,https://alltheplaces.xyz/spiders.html?page_length=-1&num_runs=1,,,https://alltheplaces-data.openaddresses.io/runs/2026-07-18-13-32-19/output/wesola_pani.geojson
West49,,ca,west49_ca,https://alltheplaces.xyz/spiders.html?page_length=-1&num_runs=1,14,,https://alltheplaces-data.openaddresses.io/runs/2026-07-18-13-32-19/output/west49_ca.geojson
Westpac,,,westpac,https://alltheplaces.xyz/spiders.html?page_length=-1&num_runs=1,619,,https://alltheplaces-data.openaddresses.io/runs/2026-07-18-13-32-19/output/westpac.geojson
Whataburger,,,whataburger,https://alltheplaces.xyz/spiders.html?page_length=-1&num_runs=1,"1,203",Franchise,https://alltheplaces-data.openaddresses.io/runs/2026-07-18-13-32-19/output/whataburger.geojson
Whistles,,gb,whistles_gb,https://alltheplaces.xyz/spiders.html?page_length=-1&num_runs=1,89,,https://alltheplaces-data.openaddresses.io/runs/2026-07-18-13-32-19/output/whistles_gb.geojson
White Castle,,,white_castle,https://alltheplaces.xyz/spiders.html?page_length=-1&num_runs=1,335,,https://alltheplaces-data.openaddresses.io/runs/2026-07-18-13-32-19/output/white_castle.geojson
Wickes,,gb,wickes_gb,https://alltheplaces.xyz/spiders.html?page_length=-1&num_runs=1,231,,https://alltheplaces-data.openaddresses.io/runs/2026-07-18-13-32-19/output/wickes_gb.geojson
Wilco Farm,,us,wilco_farm_us,https://alltheplaces.xyz/spiders.html?page_length=-1&num_runs=1,28,,https://alltheplaces-data.openaddresses.io/runs/2026-07-18-13-32-19/output/wilco_farm_us.geojson
Wildwood,,gb,wildwood_gb,https://alltheplaces.xyz/spiders.html?page_length=-1&num_runs=1,26,,https://alltheplaces-data.openaddresses.io/runs/2026-07-18-13-32-19/output/wildwood_gb.geojson
Wilko,,gb,wilko_gb,https://alltheplaces.xyz/spiders.html?page_length=-1&num_runs=1,7,,https://alltheplaces-data.openaddresses.io/runs/2026-07-18-13-32-19/output/wilko_gb.geojson
Wimpy,,gb,wimpy_gb,https://alltheplaces.xyz/spiders.html?page_length=-1&num_runs=1,55,,https://alltheplaces-data.openaddresses.io/runs/2026-07-18-13-32-19/output/wimpy_gb.geojson
Windsor,,us,windsor_us,https://alltheplaces.xyz/spiders.html?page_length=-1&num_runs=1,350,,https://alltheplaces-data.openaddresses.io/runs/2026-07-18-13-32-19/output/windsor_us.geojson
Winemark,,gb,winemark_gb,https://alltheplaces.xyz/spiders.html?page_length=-1&num_runs=1,82,,https://alltheplaces-data.openaddresses.io/runs/2026-07-18-13-32-19/output/winemark_gb.geojson
Winetime,,ua,winetime_ua,https://alltheplaces.xyz/spiders.html?page_length=-1&num_runs=1,35,,https://alltheplaces-data.openaddresses.io/runs/2026-07-18-13-32-19/output/winetime_ua.geojson
Wingstop,,gb,wingstop_gb,https://alltheplaces.xyz/spiders.html?page_length=-1&num_runs=1,99,,https://alltheplaces-data.openaddresses.io/runs/2026-07-18-13-32-19/output/wingstop_gb.geojson
Wingstop,,,wingstop,https://alltheplaces.xyz/spiders.html?page_length=-1&num_runs=1,"2,732",,https://alltheplaces-data.openaddresses.io/runs/2026-07-18-13-32-19/output/wingstop.geojson
Wmf,,,wmf,https://alltheplaces.xyz/spiders.html?page_length=-1&num_runs=1,110,,https://alltheplaces-data.openaddresses.io/runs/2026-07-18-13-32-19/output/wmf.geojson
Wolseley,,gb,wolseley_gb,https://alltheplaces.xyz/spiders.html?page_length=-1&num_runs=1,,,https://alltheplaces-data.openaddresses.io/runs/2026-07-18-13-32-19/output/wolseley_gb.geojson
Woodmans Markets,,us,woodmans_markets_us,https://alltheplaces.xyz/spiders.html?page_length=-1&num_runs=1,19,,https://alltheplaces-data.openaddresses.io/runs/2026-07-18-13-32-19/output/woodmans_markets_us.geojson
Woods Coffee,,us,woods_coffee_us,https://alltheplaces.xyz/spiders.html?page_length=-1&num_runs=1,23,,https://alltheplaces-data.openaddresses.io/runs/2026-07-18-13-32-19/output/woods_coffee_us.geojson
Woolovers,,gb,woolovers_gb,https://alltheplaces.xyz/spiders.html?page_length=-1&num_runs=1,11,,https://alltheplaces-data.openaddresses.io/runs/2026-07-18-13-32-19/output/woolovers_gb.geojson
Woolworths,,au,woolworths_au,https://alltheplaces.xyz/spiders.html?page_length=-1&num_runs=1,"1,141",,https://alltheplaces-data.openaddresses.io/runs/2026-07-18-13-32-19/output/woolworths_au.geojson
World Finance,,us,world_finance_us,https://alltheplaces.xyz/spiders.html?page_length=-1&num_runs=1,"1,009",,https://alltheplaces-data.openaddresses.io/runs/2026-07-18-13-32-19/output/world_finance_us.geojson
Worldcat,,,worldcat,https://alltheplaces.xyz/spiders.html?page_length=-1&num_runs=1,"28,358",,https://alltheplaces-data.openaddresses.io/runs/2026-07-18-13-32-19/output/worldcat.geojson
Wrangler,,au,wrangler_au,https://alltheplaces.xyz/spiders.html?page_length=-1&num_runs=1,,,https://alltheplaces-data.openaddresses.io/runs/2026-07-18-13-32-19/output/wrangler_au.geojson
Wren Kitchens,,gb,wren_kitchens_gb,https://alltheplaces.xyz/spiders.html?page_length=-1&num_runs=1,129,,https://alltheplaces-data.openaddresses.io/runs/2026-07-18-13-32-19/output/wren_kitchens_gb.geojson
WSP,,,wsp,https://alltheplaces.xyz/spiders.html?page_length=-1&num_runs=1,564,,https://alltheplaces-data.openaddresses.io/runs/2026-07-18-13-32-19/output/wsp.geojson
Wycon Cosmetics,,,wycon_cosmetics,https://alltheplaces.xyz/spiders.html?page_length=-1&num_runs=1,,,https://alltheplaces-data.openaddresses.io/runs/2026-07-18-13-32-19/output/wycon_cosmetics.geojson
Wyndham,,,wyndham,https://alltheplaces.xyz/spiders.html?page_length=-1&num_runs=1,"8,501",Franchise,https://alltheplaces-data.openaddresses.io/runs/2026-07-18-13-32-19/output/wyndham.geojson
Xian Famous Foods,,,xian_famous_foods,https://alltheplaces.xyz/spiders.html?page_length=-1&num_runs=1,19,,https://alltheplaces-data.openaddresses.io/runs/2026-07-18-13-32-19/output/xian_famous_foods.geojson
Xl Parts,,us,xl_parts_us,https://alltheplaces.xyz/spiders.html?page_length=-1&num_runs=1,126,,https://alltheplaces-data.openaddresses.io/runs/2026-07-18-13-32-19/output/xl_parts_us.geojson
Xpo Logistics,,,xpo_logistics,https://alltheplaces.xyz/spiders.html?page_length=-1&num_runs=1,348,,https://alltheplaces-data.openaddresses.io/runs/2026-07-18-13-32-19/output/xpo_logistics.geojson
Xtramart,,us,xtramart_us,https://alltheplaces.xyz/spiders.html?page_length=-1&num_runs=1,50,,https://alltheplaces-data.openaddresses.io/runs/2026-07-18-13-32-19/output/xtramart_us.geojson
Xtreme Communications,,au,xtreme_communications_au,https://alltheplaces.xyz/spiders.html?page_length=-1&num_runs=1,5,,https://alltheplaces-data.openaddresses.io/runs/2026-07-18-13-32-19/output/xtreme_communications_au.geojson
Yard House,,,yard_house,https://alltheplaces.xyz/spiders.html?page_length=-1&num_runs=1,,,https://alltheplaces-data.openaddresses.io/runs/2026-07-18-13-32-19/output/yard_house.geojson
Yeep,,gb,yeep_gb,https://alltheplaces.xyz/spiders.html?page_length=-1&num_runs=1,"2,939",,https://alltheplaces-data.openaddresses.io/runs/2026-07-18-13-32-19/output/yeep_gb.geojson
Yespark,,,yespark,https://alltheplaces.xyz/spiders.html?page_length=-1&num_runs=1,"7,579",,https://alltheplaces-data.openaddresses.io/runs/2026-07-18-13-32-19/output/yespark.geojson
Yesss,,gb,yesss_gb,https://alltheplaces.xyz/spiders.html?page_length=-1&num_runs=1,101,,https://alltheplaces-data.openaddresses.io/runs/2026-07-18-13-32-19/output/yesss_gb.geojson
Yha,,au,yha_au,https://alltheplaces.xyz/spiders.html?page_length=-1&num_runs=1,18,,https://alltheplaces-data.openaddresses.io/runs/2026-07-18-13-32-19/output/yha_au.geojson
Yha,,gb,yha_gb,https://alltheplaces.xyz/spiders.html?page_length=-1&num_runs=1,102,,https://alltheplaces-data.openaddresses.io/runs/2026-07-18-13-32-19/output/yha_gb.geojson
YMCA,,,ymca,https://alltheplaces.xyz/spiders.html?page_length=-1&num_runs=1,"2,656",,https://alltheplaces-data.openaddresses.io/runs/2026-07-18-13-32-19/output/ymca.geojson
Yo Sushi,,,yo_sushi,https://alltheplaces.xyz/spiders.html?page_length=-1&num_runs=1,415,,https://alltheplaces-data.openaddresses.io/runs/2026-07-18-13-32-19/output/yo_sushi.geojson
Yogurtland,,,yogurtland,https://alltheplaces.xyz/spiders.html?page_length=-1&num_runs=1,228,Franchise,https://alltheplaces-data.openaddresses.io/runs/2026-07-18-13-32-19/output/yogurtland.geojson
Yoshinoya,,us,yoshinoya_us,https://alltheplaces.xyz/spiders.html?page_length=-1&num_runs=1,100,,https://alltheplaces-data.openaddresses.io/runs/2026-07-18-13-32-19/output/yoshinoya_us.geojson
Youngs,,gb,youngs_gb,https://alltheplaces.xyz/spiders.html?page_length=-1&num_runs=1,265,,https://alltheplaces-data.openaddresses.io/runs/2026-07-18-13-32-19/output/youngs_gb.geojson
Yoursclothing,,gb,yoursclothing_gb,https://alltheplaces.xyz/spiders.html?page_length=-1&num_runs=1,,,https://alltheplaces-data.openaddresses.io/runs/2026-07-18-13-32-19/output/yoursclothing_gb.geojson
Zambrero,,au,zambrero_au,https://alltheplaces.xyz/spiders.html?page_length=-1&num_runs=1,300,,https://alltheplaces-data.openaddresses.io/runs/2026-07-18-13-32-19/output/zambrero_au.geojson
Zambrero,,gb,zambrero_gb,https://alltheplaces.xyz/spiders.html?page_length=-1&num_runs=1,17,,https://alltheplaces-data.openaddresses.io/runs/2026-07-18-13-32-19/output/zambrero_gb.geojson
Zambrero,,us,zambrero_us,https://alltheplaces.xyz/spiders.html?page_length=-1&num_runs=1,,,https://alltheplaces-data.openaddresses.io/runs/2026-07-18-13-32-19/output/zambrero_us.geojson
Zara,,,zara,https://alltheplaces.xyz/spiders.html?page_length=-1&num_runs=1,968,,https://alltheplaces-data.openaddresses.io/runs/2026-07-18-13-32-19/output/zara.geojson
Zeb,,,zeb,https://alltheplaces.xyz/spiders.html?page_length=-1&num_runs=1,84,,https://alltheplaces-data.openaddresses.io/runs/2026-07-18-13-32-19/output/zeb.geojson
Zeeman,,,zeeman,https://alltheplaces.xyz/spiders.html?page_length=-1&num_runs=1,"1,362",,https://alltheplaces-data.openaddresses.io/runs/2026-07-18-13-32-19/output/zeeman.geojson
Zomp,,au,zomp_au,https://alltheplaces.xyz/spiders.html?page_length=-1&num_runs=1,,,https://alltheplaces-data.openaddresses.io/runs/2026-07-18-13-32-19/output/zomp_au.geojson
